canonical_name,status,file_name,source,source_title,source_page_url,image_url,match_method,sha256,width,height,notes
HG 1/144 GOUF IGNITED (HEINE WESTENFLUSS CUSTOM),downloaded,HG 1_144 GOUF IGNITED (HEINE WESTENFLUSS CUSTOM)__6f25d01d22.jpg,dalong,Gouf Ignited (Heine Westenfluss Custom),https://www.dalong.net/reviews/seed/sh27/sh27_p_e.htm,https://www.dalong.net/reviews/seed/sh27/p/sh27.jpg,exact,ea59310f3ab4de20fd9402ef45556d9c7901dd30c929ba57614e5d6829ef7062,289,175,
HG 1/144 GUNDAM SANDROCK CUSTOM EW,downloaded,HG 1_144 GUNDAM SANDROCK CUSTOM EW__2d6302b70b.jpg,dalong,Gundam Sandrock Custom EW,https://www.dalong.net/reviews/hg/h268/h268_p_e.htm,https://www.dalong.net/reviews/hg/h268/p/h268.jpg,exact,6e3b2bc98c09458e64cfacf706571b1530b28d2cd859280eea01f3da6fc0c7f9,1500,966,
HG 1/144 XI GUNDAM (MOBILE SUIT GUNDAM HATHAWAY THE SORCERY OF NYMPH CIRCE),downloaded,HG 1_144 XI GUNDAM (MOBILE SUIT GUNDAM HATHAWAY THE SORCERY OF NYMPH CIRCE)__b4213a8bfe.jpg,dalong,Xi Gundam (Mobile Suit Gundam Harthaway the Sorcery of Nymph Circe),https://www.dalong.net/reviews/hg/h266/h266_p_e.htm,https://www.dalong.net/reviews/hg/h266/p/h266.jpg,exact,cf77532bcd912ac4a7111dba19cc6eb2549dd822970bbbfd9840fae7e6eabb2a,1500,1185,
HG 1/144 LEGEND GUNDAM,downloaded,HG 1_144 LEGEND GUNDAM__7ce38ea477.jpg,gunpla_hangar,ZGMF-X666S Legend Gundam,https://gunplahangar.com/kits/hgce-zgmf-x666s-legend-gundam,https://gunplahangar.com/img/kits/hgce-zgmf-x666s-legend-gundam/box-art-800.jpg,source_model_code_hangar_exact,3e34d47ace064c8e325e7ea08fbeb84e9ae538cd18a2a695717d935573c5af47,800,504,
HG 1/144 GQuuuuuuX (Endymion Unit Awakened),downloaded,HG 1_144 GQuuuuuuX (Endymion Unit Awakened)__60573ee0e7.jpg,dalong,GQuuuuuuX (Endymion Unit Awakened),https://www.dalong.net/reviews/hg/hgq13/hgq13_p_e.htm,https://www.dalong.net/reviews/hg/hgq13/p/hgq13.jpg,exact,d1fbe64a09b560d77fc54cca734fd0020e7c921ba1ec3a8024fc232f08adbde8,1500,936,
HG 1/144 WHITE GUNDAM,downloaded,HG 1_144 WHITE GUNDAM__414b1dfcf0.jpg,dalong,White Gundam,https://www.dalong.net/reviews/hg/hgq11/hgq11_p_e.htm,https://www.dalong.net/reviews/hg/hgq11/p/hgq11.jpg,exact,59f88913071ee948b476c802773fa9b593716a5ae87761fe2231b2b5f40f13ef,1500,940,
HG 1/144 GUNDAM ZAGAN,downloaded,HG 1_144 GUNDAM ZAGAN__20b1489398.jpg,dalong,Gundam Zagan,https://www.dalong.net/reviews/ib/ibh47/ibh47_p_e.htm,https://www.dalong.net/reviews/ib/ibh47/p/ibh47.jpg,exact,2786c6394236fe0b2e270a8f859f214cc781d78fca39ae25aed87d53af64b77e,1500,945,
HG 1/144 RED GUNDAM,downloaded,HG 1_144 RED GUNDAM__2f4f659021.jpg,dalong,Red Gundam,https://www.dalong.net/reviews/hg/hgq04/hgq04_p_e.htm,https://www.dalong.net/reviews/hg/hgq04/p/hgq04.jpg,exact,ff2badc4a30004935e6e96b0c6ee93ea987c79c4d25adac48909a72db79263e7,1200,747,
HG 1/144 PSYCHO GUNDAM Mk-II,downloaded,HG 1_144 PSYCHO GUNDAM Mk-II__339a5c6803.jpg,dalong,Psycho Gundam Mk-II,https://www.dalong.net/reviews/hg/h261/h261_p_e.htm,https://www.dalong.net/reviews/hg/h261/p/h261.jpg,exact,16339d946668f0bfba8df79a6deca688e642a7f7abad0fb2fc77b47248367daa,1200,798,
HG 1/144 Z'GOK (SEED FREEDOM Ver.),downloaded,HG 1_144 Z'GOK (SEED FREEDOM Ver.)__a499083d83.jpg,dalong,Z'Gok (Seed Freedom Ver.),https://www.dalong.net/reviews/hg/h260/h260_p_e.htm,https://www.dalong.net/reviews/hg/h260/p/h260.jpg,exact,1b09daf286f2082c8d5640f5a786f21cc5081f3f513c6b3bafb2257764f8be53,1200,765,
HG 1/144 DESTINY GUNDAM Spec II & ZEUS SILHOUETTE,downloaded,HG 1_144 DESTINY GUNDAM Spec II & ZEUS SILHOUETTE__add5b011e7.jpg,dalong,Destiny Gundam Spec II & Zeus Silhouette,https://www.dalong.net/reviews/hg/h258/h258_p_e.htm,https://www.dalong.net/reviews/hg/h258/p/h258.jpg,exact,efc4319ebe3a9bda0fb3cfb8ff9e9d8a85666594cd42de1629ed3eb04914b855,1200,954,
HG 1/144 DRAGON GUNDAM,not_found,,,,,,,,,,dalong: Dragon Gundam | dalong: Gundam | dalong: Gundam
HG 1/144 THE GUNDAM BASE LIMITED G-SELF PERFECT PACK (Reconguista in G the Movie Ver.),downloaded,HG 1_144 THE GUNDAM BASE LIMITED G-SELF PERFECT PACK (Reconguista in G the Movie Ver.)__a09b46487f.jpg,gunpla_hobby,THE GUNDAM BASE LIMITED G-SELF PERFECT PACK (Reconguista in G the Movie Ver.),https://gunpla-hobby.com/gunpla/hg-1-144-hg-1-144-g-g-ver-13a73a,https://thumbnail.image.rakuten.co.jp/@0_mall/auc-esmile/cabinet/03842978/imgrc0139270426.jpg,official_title_release_month,693cd55fbbc579bf927ab71370d4c5d2f4f512a8f9d102d1c1af7227c1cef028,1527,1194,
HG 1/144 GUNDAM EX (RFV),downloaded,HG 1_144 GUNDAM EX (RFV)__84e244b853.jpg,dalong,Gundam EX (RFV),https://www.dalong.net/reviews/hg/h255/h255_p_e.htm,https://www.dalong.net/reviews/hg/h255/p/h255.jpg,exact,059cc16762b9deb4887eb7e228b82619f0040f40d6c14df5a2327086ca871dd1,1200,756,
HG 1/144 THE GUNDAM BASE LIMITED GUNDAM FSD (with PROTOTYPE LONG-RANGE BEAM RIFLE),downloaded,HG 1_144 THE GUNDAM BASE LIMITED GUNDAM FSD (with PROTOTYPE LONG-RANGE BEAM RIFLE)__f51106fbd6.jpg,gunpla_hobby,THE GUNDAM BASE LIMITED GUNDAM FSD (with PROTOTYPE LONG-RANGE BEAM RIFLE),https://gunpla-hobby.com/gunpla/hg-1-144-hg-1-144-fsd-d7d2f0,https://tshop.r10s.jp/otakarasouko/cabinet/_1072/1240018388574_1.jpg,official_title_release_month,50a5273f94028e657d065c0ece852f47aba16ede6017274e51d33538b5295a76,600,600,
HG 1/144 ALTRON GUNDAM,not_found,,,,,,,,,,bandai_manual: ALTRON GUNDAM | dalong: Altron Gundam | gunpla_hobby: ALTRON GUNDAM
HG 1/144 RISING FREEDOM GUNDAM [RECIRCULATION COLOR/NEON YELLOW],downloaded,HG 1_144 RISING FREEDOM GUNDAM [RECIRCULATION COLOR_NEON YELLOW]__efeefe7364.jpg,gunpla_hangar,STTS-909 Rising Freedom Gundam (Recirculation Color/Neon Yellow),https://gunplahangar.com/kits/hgce-stts-909-rising-freedom-gundam-recirculation-color-neon-yellow,https://gunplahangar.com/img/kits/hgce-stts-909-rising-freedom-gundam-recirculation-color-neon-yellow/box-art-800.jpg,source_model_code_hangar_exact,b2e4415b7465b2f135c5a32f21fda3639e57274bd59e7e6191f2a4f6ebe355f6,800,504,
HG 1/144 LIGHTNING BUSTER GUNDAM,downloaded,HG 1_144 LIGHTNING BUSTER GUNDAM__a8d04eb106.jpg,dalong,Lightning Buster Gundam,https://www.dalong.net/reviews/hg/h253/h253_p_e.htm,https://www.dalong.net/reviews/hg/h253/p/h253.jpg,exact,9e96568b7cc67724ca5546326e4a08d30d95150cea8e7873cd94ec0ed13cabe1,1200,753,
HG 1/144 GUNDAM AMAZING BARBATOS LUPUS,downloaded,HG 1_144 GUNDAM AMAZING BARBATOS LUPUS__37850042e1.jpg,dalong,HG Gundam Amazing Barbatos Lupus,https://www.dalong.net/reviews/bf/gbt11/gbt11_p_e.htm,https://www.dalong.net/reviews/bf/gbt11/p/gbt11.jpg,exact,4fba8c26610cc9c3a2f102bd680bb2f9b80075122d568d35280225ece88effaf,1200,758,
HG 1/144 THE GUNDAM BASE LIMITED GUNDAM CALIBARN [CLEAR COLOR],downloaded,HG 1_144 THE GUNDAM BASE LIMITED GUNDAM CALIBARN [CLEAR COLOR]__8964f310bc.jpg,gunpla_hobby,THE GUNDAM BASE LIMITED GUNDAM CALIBARN [CLEAR COLOR],https://gunpla-hobby.com/gunpla/hg-1-144-hg-1-144-56b2e4,https://thumbnail.image.rakuten.co.jp/@0_mall/goodlifestore/cabinet/25060300-1/b0dbh5n98b.jpg,official_title_release_month,25a5e57499939e48e11ead5cf24ce86ae843a25f9f60129ea82a5b4a4e5a7959,350,350,
HG 1/144 DUEL BLITZ GUNDAM,downloaded,HG 1_144 DUEL BLITZ GUNDAM__c453a92713.jpg,dalong,Duel Blitz Gundam,https://www.dalong.net/reviews/hg/h252/h252_p_e.htm,https://www.dalong.net/reviews/hg/h252/p/h252.jpg,exact,4ff5d18429e1aaf271224673279195262aeb3f9c77206794639c45fe717def67,1200,752,
HG 1/144 MIGHTY STRIKE FREEDOM GUNDAM,downloaded,HG 1_144 MIGHTY STRIKE FREEDOM GUNDAM__7b0caee129.jpg,dalong,Mighty Strike Freedom Gundam,https://www.dalong.net/reviews/hg/h250/h250_p_e.htm,https://www.dalong.net/reviews/hg/h250/p/h250.jpg,exact,adc94fc11b29ae99da86b8479ad41c3ca632ab8a76e91bfba5b6f94b23c6c165,1200,747,
HG 1/144 RISING FREEDOM GUNDAM,downloaded,HG 1_144 RISING FREEDOM GUNDAM__c2f11a6900.jpg,dalong,Rising Freedom Gundam,https://www.dalong.net/reviews/hg/h243/h243_p_e.htm,https://www.dalong.net/reviews/hg/h243/p/h243.jpg,exact,71131cf69ce07d0a30d5bb3a22df85e23281cdbe0cedba63e0a7d7ebdb04c118,1200,750,
HG 1/144 GUNDAM AERIAL [CLEAR COLOR],not_found,,,,,,,,,,dalong: Gundam ~ Clear Color version | bandai_manual: GUNDAM AERIAL | dalong: Gundam Aerial
HG 1/144 GUNDAM CALIBARN,downloaded,HG 1_144 GUNDAM CALIBARN__ec047e91b2.jpg,dalong,Gundam Calibarn,https://www.dalong.net/reviews/hg/wmh26/wmh26_p_e.htm,https://www.dalong.net/reviews/hg/wmh26/p/wmh26.jpg,exact,a90c0158867be1bfac8002081c5233f9b9489d5d10f6cef6cff3e1b938f55620,1200,753,
MG 1/100 GUNDAM BARBATOS LUPUS,downloaded,MG 1_100 GUNDAM BARBATOS LUPUS__d47a032795.jpg,dalong,Gundam Barbatos Lupus,https://www.dalong.net/reviews/mg/m225/m225_p_e.htm,https://www.dalong.net/reviews/mg/m225/p/m225.jpg,exact,347a036b4ed1352834e96b43331ff7c67bb999d3e45e8a15742914d7754336fb,1500,1188,
MG 1/100 GUNDAM VIDAR,downloaded,MG 1_100 GUNDAM VIDAR__a16d2085b5.jpg,dalong,Gundam Vidar,https://www.dalong.net/reviews/mg/m224/m224_p_e.htm,https://www.dalong.net/reviews/mg/m224/p/m224.jpg,exact,1dfaa214e5149c6441bb1d16b3511997bb2454787aa8604da19734e4a0a495a1,1200,952,
MG 1/100 THE GUNDAM BASE LIMITED GUNDAM EXIA [CLEAR COLOR],downloaded,MG 1_100 THE GUNDAM BASE LIMITED GUNDAM EXIA [CLEAR COLOR]__8937935cc8.webp,gunpla_wiki,MG GN-001 Gundam Exia (Clear Color Ver.),https://gunpla.fandom.com/wiki/MG_GN-001_Gundam_Exia_%28Clear_Color_Ver.%29,https://static.wikia.nocookie.net/gunplabuilders/images/5/51/TGB-MG-Gundam-Exia-Clear-Color-box.jpg/revision/latest?cb=20241014014905,gundam_base_wiki_verified,1d05a9590f3e90a2042c54eec00abe8cb53858e2e90c52b38fc7e5c87159245e,767,1200,
MG 1/100 NARRATIVE GUNDAM C-PACKS Ver.Ka,downloaded,MG 1_100 NARRATIVE GUNDAM C-PACKS Ver.Ka__86041f95e5.jpg,dalong,"Narrative Gundam C-Packs ""Ver.Ka""",https://www.dalong.net/reviews/mg/m222/m222_p_e.htm,https://www.dalong.net/reviews/mg/m222/p/m222.jpg,exact,2a73d840bb4f2ad11c5546727910236a557515843436636487ed251fb99c487f,948,1200,
MG 1/100 ZETA GUNDAM Ver.Ka,downloaded,MG 1_100 ZETA GUNDAM Ver.Ka__b83a5721be.jpg,dalong,Zeta Gundam Ver.Ka,https://www.dalong.net/reviews/mg/m221/m221_p_e.htm,https://www.dalong.net/reviews/mg/m221/p/m221.jpg,exact,bfeb7415d0f0a62056b41ae081fbfb7527835f8d6f6cc9203d7ff53a7c16853e,945,1200,
MG 1/100 GUNDAM AERIAL (FULL MECHANICS),downloaded,MG 1_100 GUNDAM AERIAL (FULL MECHANICS)__7eea3dcf91.jpg,dalong,Gundam Aerial,https://www.dalong.net/reviews/hg/wmf01/wmf01_p_e.htm,https://www.dalong.net/reviews/hg/wmf01/p/wmf01.jpg,full_mechanics_catalog,88d25ede8dbedfbeae2ac9cfb32b8eaec024e4b0863355d8c8ea11ab59467073,772,1200,
MG 1/100 THE GUNDAM BASE LIMITED GUNDAM KYRIOS [CLEAR COLOR],downloaded,MG 1_100 THE GUNDAM BASE LIMITED GUNDAM KYRIOS [CLEAR COLOR]__5aac8b60d7.jpg,gunpla_hobby,THE GUNDAM BASE LIMITED GUNDAM KYRIOS [CLEAR COLOR],https://gunpla-hobby.com/gunpla/mg-1-100-mg-1-100-2b149e,https://thumbnail.image.rakuten.co.jp/@0_mall/zootrope/cabinet/04969792/imgrc0171806770.jpg,official_title_release_month,4305fddcdc3240105a7d0262512044d9050900d973a724803385d98425406be5,956,1192,
MG 1/100 THE GUNDAM BASE LIMITED UNICORN GUNDAM (LUMINOUS CRYSTAL BODY),downloaded,MG 1_100 THE GUNDAM BASE LIMITED UNICORN GUNDAM (LUMINOUS CRYSTAL BODY)__6d07140421.jpg,gunpla_hobby,THE GUNDAM BASE LIMITED UNICORN GUNDAM (LUMINOUS CRYSTAL BODY),https://gunpla-hobby.com/gunpla/mg-1-100-mg-1-100-ac1454,https://tshop.r10s.jp/zootrope/cabinet/04969792/imgrc0169402088.jpg,official_title_release_month,8a91fdc04d9e2775f862a1408948a3ee69a48dbe494fd4104524b01e6012af73,1200,1200,
MG 1/100 GUNDAM EXIA [RECIRCULATION COLOR/NEON PURPLE],not_found,,,,,,,,,,gunpla_hangar: GN-001 Gundam Exia (Recirculation Color / Neon Purple Ver.) | gunpla_wiki: MG GN-001 Gundam Exia (Recirculation Color / Neon Purple Ver.) | bandai_manual: GUNDAM EXIA
MG 1/100 THE GUNDAM BASE LIMITED GUNDAM DYNAMES [CLEAR COLOR],not_found,,,,,,,,,,bandai_manual: THE GUNDAM BASE LIMITED GUNDAM DYNAMES[CLEAR COLOR] | bandai_manual: THE GUNDAM BASE LIMITED GUNDAM EXIA [CLEAR COLOR] | bandai_manual: THE GUNDAM BASE LIMITED GUNDAM KYRIOS [CLEAR COLOR]
MG 1/100 GUNDAM VIRTUE,downloaded,MG 1_100 GUNDAM VIRTUE__629681839e.jpg,dalong,Gundam Virtue,https://www.dalong.net/reviews/mg/m218/m218_p_e.htm,https://www.dalong.net/reviews/mg/m218/p/m218.jpg,exact,d5524c21e2f9399f794954cca4e70fd5c99e6805b5fbb717cc2ff158edba5bc9,1200,652,
MG 1/100 THE GUNDAM BASE LIMITED RX-78-2 GUNDAM Ver.3.0 [TITANIUM FINISH],downloaded,MG 1_100 THE GUNDAM BASE LIMITED RX-78-2 GUNDAM Ver.3.0 [TITANIUM FINISH]__88f53eabed.jpg,gunpla_hobby,THE GUNDAM BASE LIMITED RX-78-2 GUNDAM Ver.3.0 [TITANIUM FINISH],https://gunpla-hobby.com/gunpla/mg-1-100-mg-1-100-rx-78-2-ver-e81337,https://thumbnail.image.rakuten.co.jp/@0_mall/zootrope/cabinet/08019852/imgrc0160480702.jpg,official_title_release_month,d9c4f5c92dd43c457f2809c9e4923dc24a55ce0859b038a442ab136b59302583,700,882,
MG 1/100 THE GUNDAM BASE LIMITED FREEDOM GUNDAM Ver.2.0 [SILVER COATING],downloaded,MG 1_100 THE GUNDAM BASE LIMITED FREEDOM GUNDAM Ver.2.0 [SILVER COATING]__b0a5ce7760.webp,gunpla_wiki,MG ZGMF-X10A Freedom Gundam (Ver. 2.0) (Silver Coating),https://gunpla.fandom.com/wiki/MG_ZGMF-X10A_Freedom_Gundam_%28Ver._2.0%29_%28Silver_Coating%29,https://static.wikia.nocookie.net/gunplabuilders/images/d/dd/MG-Freedom-Gundam-%28Ver-2.0%29-%28Silver-Coating%29-1.jpg/revision/latest?cb=20210327081309,gundam_base_wiki_verified,a10abd94b9e282e10bdac19d49ee069de670d0a02fcd33312ab8ba0431aad5a6,1200,1200,
MG 1/100 GUNDAM Mk-V,downloaded,MG 1_100 GUNDAM Mk-V__63a73408d6.webp,gunpla_wiki,MG ORX-013 Gundam Mk-V,https://gunpla.fandom.com/wiki/MG_ORX-013_Gundam_Mk-V,https://static.wikia.nocookie.net/gunplabuilders/images/c/ca/MG-Gundam-Mk-V-box.jpg/revision/latest?cb=20210305044254,source_model_code_cross_source,e14f4494f5c42fb2ac6b43994ba713e7da902f1f0304505e65626e628b13c49b,955,1200,
MG 1/100 THE GUNDAM BASE LIMITED OZ-13MS GUNDAM EPYON EW [SPECIAL COATING],downloaded,MG 1_100 THE GUNDAM BASE LIMITED OZ-13MS GUNDAM EPYON EW [SPECIAL COATING]__f0e5319fe1.jpg,gunpla_hobby,THE GUNDAM BASE LIMITED OZ-13MS GUNDAM EPYON EW [SPECIAL COATING],https://gunpla-hobby.com/gunpla/mg-1-100-mg-1-100-ew-336094,https://tshop.r10s.jp/zootrope/cabinet/07869474/imgrc0154686535.jpg,official_title_release_month,936337d80ea1b25e51a36ce6b740b7ebaa7a802c06c96fadacb60aeb48f048e6,3668,2912,
MG 1/100 WING GUNDAM ZERO EW Ver.Ka,downloaded,MG 1_100 WING GUNDAM ZERO EW Ver.Ka__4d36904fb7.jpg,dalong,Wing Gundam Zero EW Ver.Ka,https://www.dalong.net/reviews/mg/m215/m215_p_e.htm,https://www.dalong.net/reviews/mg/m215/p/m215.jpg,exact,93c6c0e0b085827c9807c111e952b3a24c64ac31dcb24d9a711447f3ad6834fd,1200,966,
MG 1/100 THE GUNDAM BASE LIMITED GUNDAM BARBATOS [CLEAR COLOR],downloaded,MG 1_100 THE GUNDAM BASE LIMITED GUNDAM BARBATOS [CLEAR COLOR]__4ce8f580ec.jpg,gunpla_hobby,THE GUNDAM BASE LIMITED GUNDAM BARBATOS [CLEAR COLOR],https://gunpla-hobby.com/gunpla/mg-1-100-mg-1-100-3b51d7,https://thumbnail.image.rakuten.co.jp/@0_mall/goodlifestore/cabinet/26022500-1/b09tp5j9k3.jpg,official_title_release_month,b291afdcccd4ddddd7590e2ae8cb2afe496dd6d74ec517895f3483a4cdc880b0,277,350,
MG 1/100 THE GUNDAM BASE LIMITED V2 ASSAULT BUSTER GUNDAM Ver.Ka [TITANIUM FINISH],downloaded,MG 1_100 THE GUNDAM BASE LIMITED V2 ASSAULT BUSTER GUNDAM Ver.Ka [TITANIUM FINISH]__7382f5d71a.jpg,gunpla_hobby,GUNDAM BASE LIMITED V2 ASSAULT BUSTER GUNDAM VER.KA [TITANIUM FINISH],https://gunpla-hobby.com/gunpla/mg-1-100-mg-1-100-v2-ver-ka-573d4f,https://tshop.r10s.jp/zootrope/cabinet/07655638/imgrc0149226652.jpg,official_title_release_month,b896a4bcadae8727ea78866e8fb71bffe1d98c36e582501a6b1651e5b1cde06d,560,560,
MG 1/100 TALLGEESE III [SPECIAL COATING],not_found,,,,,,,,,,bandai_manual: TALLGEESE III | dalong: Tallgeese III | gunpla_hobby: TALLGEESE III
MG 1/100 THE GUNDAM BASE LIMITED RX-78-2 GUNDAM Ver.3.0 [THE GUNDAM BASE COLOR],not_found,,,,,,,,,,bandai_manual: THE GUNDAM BASE LIMITED RX-78-2 GUNDAM Ver.3.0 [THE GUNDAM BASE COLOR] | bandai_manual: THE GUNDAM BASE LIMITED RX-78-2 GUNDAM Ver.3.0 [TITANIUM FINISH] | gunpla_hobby: THE GUNDAM BASE LIMITED RX-78-2 GUNDAM Ver.3.0 [TITANIUM FINISH]
MG 1/100 THE GUNDAM BASE LIMITED UNICORN GUNDAM PERFECTIBILITY,downloaded,MG 1_100 THE GUNDAM BASE LIMITED UNICORN GUNDAM PERFECTIBILITY__ffc8364886.jpg,gunpla_hobby,THE GUNDAM BASE LIMITED UNICORN GUNDAM PERFECTIBILITY,https://gunpla-hobby.com/gunpla/mg-1-100-mg-1-100-21d708,https://tshop.r10s.jp/zootrope/cabinet/07655623/imgrc0139281569.jpg,official_title_release_month,0595e3e7b23cd5a5d3422416b4efe2b96eb17e5ca4df73b5201677d63182cb10,1200,1200,
MG 1/100 GUNDAM DYNAMES,downloaded,MG 1_100 GUNDAM DYNAMES__69818aa657.jpg,dalong,Gundam Dynames,https://www.dalong.net/reviews/mg/m207/m207_p_e.htm,https://www.dalong.net/reviews/mg/m207/p/m207.jpg,exact,bb9e924b50a647d69107f4e0fd846cb7546865e9ea9fc4fb1272072fe17fa446,1200,952,
MG 1/100 UNICORN GUNDAM 03 PHENEX (NARRATIVE Ver.),not_found,,,,,,,,,,bandai_manual: UNICORN GUNDAM 03 PHENEX (NARRATIVE Ver.) | gunpla_hobby: UNICORN GUNDAM 03 PHENEX (NARRATIVE Ver.) | bandai_manual: UNICORN GUNDAM 03 PHENEX
MG 1/100 00 QAN[T] FULL SABER,downloaded,MG 1_100 00 QAN[T] FULL SABER__ae8bfa7142.jpg,dalong,00 QAN[T] Full Saber,https://www.dalong.net/reviews/mg/m205/m205_p_e.htm,https://www.dalong.net/reviews/mg/m205/p/m205.jpg,exact,597a1f15e16563037ff42d216332580ce7f53bc2b01c2c6c456f397025278029,1200,948,
MG 1/100 PROVIDENCE GUNDAM,downloaded,MG 1_100 PROVIDENCE GUNDAM__2db9beab82.jpg,dalong,Providence Gundam,https://www.dalong.net/reviews/mg/m196/m196_p_e.htm,https://www.dalong.net/reviews/mg/m196/p/m196.jpg,exact,ea2db78853cb12afdd34ccf6513722a9c18677efad7d77cb83b337c31ee11fb0,238,300,
RG 1/144 WING GUNDAM ZERO,downloaded,RG 1_144 WING GUNDAM ZERO__cc02240183.jpg,dalong,Wing Gundam Zero,https://www.dalong.net/reviews/rg/rg43/rg43_p_e.htm,https://www.dalong.net/reviews/rg/rg43/p/rg43.jpg,exact,4a22b11b400b44825c6742ee99fb6d52725c857073db504f2c8c3406a0113b72,1200,765,
RG 1/144 SHINING GUNDAM,downloaded,RG 1_144 SHINING GUNDAM__7f4859954e.jpg,dalong,Shining Gundam,https://www.dalong.net/reviews/rg/rg42/rg42_p_e.htm,https://www.dalong.net/reviews/rg/rg42/p/rg42.jpg,exact,e5d2ba2566e4e31a825353f8dbf79d3e049b51579934b9616ecba8b1836d71ca,1200,732,
RG 1/144 ν GUNDAM (with double fin funnel),not_found,,,,,,,,,,bandai_manual: ν GUNDAM DOUBLE FIN FUNNEL TYPE | gunpla_hobby: ν GUNDAM DOUBLE FIN FUNNEL TYPE | dalong: Nu Gundam Fin Funnel Effect Set
RG 1/144 THE GUNDAM BASE LIMITED SAZABI [MECHANICAL CORE PLATING],downloaded,RG 1_144 THE GUNDAM BASE LIMITED SAZABI [MECHANICAL CORE PLATING]__bbf5abeaf6.webp,gunpla_wiki,RG MSN-04 Sazabi (Mechanical Core Plating),https://gunpla.fandom.com/wiki/RG_MSN-04_Sazabi_%28Mechanical_Core_Plating%29,https://static.wikia.nocookie.net/gunplabuilders/images/b/bc/TGB-RG-Sazabi-%28Mechanical-Core-Plating%29-box.jpg/revision/latest?cb=20241216152637,gundam_base_wiki_verified,678021f4dced3901712e46721d5cb46a4081ace8139e13bcf80953612f7bbc65,1200,954,
RG 1/144 AKATSUKI GUNDAM OOWASHI UNIT,downloaded,RG 1_144 AKATSUKI GUNDAM OOWASHI UNIT__f6914409da.jpg,dalong,Akatsuki Gundam Oowashi unit,https://www.dalong.net/reviews/rg/rg41/rg41_p_e.htm,https://www.dalong.net/reviews/rg/rg41/p/rg41.jpg,exact,012c8d19753d2cbc503d3cf00fc64b0d258c7af1d7f6255e2814d3fd6a16e38e,1200,954,
RG 1/144 THE GUNDAM BASE LIMITED ZEONG [SPECIAL COATING],downloaded,RG 1_144 THE GUNDAM BASE LIMITED ZEONG [SPECIAL COATING]__64aac8e986.jpg,gunpla_hobby,THE GUNDAM BASE LIMITED ZEONG [SPECIAL COATING],https://gunpla-hobby.com/gunpla/rg-1-144-rg-1-144-5570e6,https://tshop.r10s.jp/zootrope/cabinet/07655638/imgrc0189823616.jpg,official_title_release_month,fc8dec4560218cd8d3fc39ac2222dc6fad9da432d0701ba66312696000469ea3,1080,866,
RG 1/144 RX-78-2 GUNDAM Ver.2.0,downloaded,RG 1_144 RX-78-2 GUNDAM Ver.2.0__d3190131d3.jpg,gunpla_gallery,RX-78-2 Gundam Ver.2.0,https://gunplagallery.com/kits/46638-rg-rx-78-2-gundam-ver-2-0,https://s3.amazonaws.com/gunplagallery/catalog/46638_original_RG_Gundam_Ver.2.0.jpg,exact,287c94eac3f5082a36013989244cc27d40809de2a26589aa1eff3e6c1f6db7e9,2048,1249,
RG 1/144 FORCE IMPULSE GUNDAM Spec II,downloaded,RG 1_144 FORCE IMPULSE GUNDAM Spec II__e4aeb91033.jpg,dalong,Force Impulse Gundam Spec II,https://www.dalong.net/reviews/rg/rg39/rg39_p_e.htm,https://www.dalong.net/reviews/rg/rg39/p/rg39.jpg,exact,71aa46a151f67d7c239f0fffed0822708ffdb55122f4ceb3c93195c24667de28,1200,732,
RG 1/144 THE GUNDAM BASE LIMITED ZGMF-X10A FREEDOM GUNDAM Ver.GCP,downloaded,RG 1_144 THE GUNDAM BASE LIMITED ZGMF-X10A FREEDOM GUNDAM Ver.GCP__5d1d6ce7e2.jpg,gunpla_hobby,GUNDAM BASE LIMITED ZGMF-X10A FREEDOM GUNDAM VER.GCP,https://gunpla-hobby.com/gunpla/rg-1-144-rg-1-144-zgmf-x10a-v-3010ce,https://thumbnail.image.rakuten.co.jp/@0_mall/otakarasouko/cabinet/_1193/1240019527609_1.jpg,official_title_release_month,036be64a55270b5c34c1c6bcb8bc0b5e65a889f66f518b3b71577097a184f01b,600,600,
RG 1/144 GUNDAM EPYON,downloaded,RG 1_144 GUNDAM EPYON__61e5144b74.jpg,dalong,Gundam Epyon,https://www.dalong.net/reviews/rg/rg38/rg38_p_e.htm,https://www.dalong.net/reviews/rg/rg38/p/rg38.jpg,exact,a48cf2dfed979191c1f65768034a744106f63d3d40e4d1140d0727dc8efbb9f7,1200,726,
RG 1/144 THE GUNDAM BASE LIMITED RX-0 UNICORN GUNDAM (FINAL BATTLE Ver.) [SPECIAL COATING],downloaded,RG 1_144 THE GUNDAM BASE LIMITED RX-0 UNICORN GUNDAM (FINAL BATTLE Ver.) [SPECIAL COATING]__53f3ff568b.jpg,gunpla_hobby,THE GUNDAM BASE LIMITED RX-0 UNICORN GUNDAM (FINAL BATTLE Ver.) [SPECIAL COATING],https://gunpla-hobby.com/gunpla/rg-1-144-rg-1-144-rx-0-f53e9f,https://tshop.r10s.jp/zootrope/cabinet/07655623/imgrc0181693808.jpg,official_title_release_month,7e84ea15b9eb8d73bb69ff514a931b5d69576f6109cacd83c169b7d7267b6dec,1199,955,
RG 1/144 MSN-04FF SAZABI,downloaded,RG 1_144 MSN-04FF SAZABI__9b35d464fe.jpg,gunpla_hobby,MSN-04FF SAZABI,https://gunpla-hobby.com/gunpla/rg-1-144-rg-1-144-msn-04ff-6334f5,https://tshop.r10s.jp/wondergoo/cabinet/hobbytenpo223/657320260120107_1.jpg,official_title_release_month,378d479a48aa9bfb475498af6fbbd3391dd803037772bb3324d67840f89f6895,1000,1000,
RG 1/144 DESTINY IMPULSE GUNDAM,downloaded,RG 1_144 DESTINY IMPULSE GUNDAM__f64785c307.webp,gunpla_wiki,RG ZGMF-X56S/θ Destiny Impulse Gundam,https://gunpla.fandom.com/wiki/RG_ZGMF-X56S/%CE%B8_Destiny_Impulse_Gundam,https://static.wikia.nocookie.net/gunplabuilders/images/0/04/RG_Destiny_Impulse_box.jpg/revision/latest?cb=20250903233807,source_model_code_cross_source,831ca6e24c8741906378633c9b74028948bbe5c336f272c430da6dc8f1cd9dc7,1000,648,
RG 1/144 THE GUNDAM BASE LIMITED Hi-ν GUNDAM [TITANIUM FINISH],not_found,,,,,,,,,,bandai_manual: THE GUNDAM BASE LIMITED Hi-ν GUNDAM [TITANIUM FINISH] | gunpla_hobby: THE GUNDAM BASE LIMITED Hi-ν GUNDAM [TITANIUM FINISH] | bandai_manual: THE GUNDAM BASE LIMITED νGUNDAM[TITANIUM FINISH]
RG 1/144 GOD GUNDAM,downloaded,RG 1_144 GOD GUNDAM__1541135ced.jpg,dalong,God Gundam,https://www.dalong.net/reviews/rg/rg37/rg37_p_e.htm,https://www.dalong.net/reviews/rg/rg37/p/rg37.jpg,exact,3153cb7ea14d59e4885557725f662ba08ab653f093c041f3df7c04fdeefc493f,1200,734,
RG 1/144 RX-93ff ν GUNDAM,downloaded,RG 1_144 RX-93ff ν GUNDAM__2500bd3674.webp,gunpla_wiki,RG RX-93ff ν Gundam,https://gunpla.fandom.com/wiki/RG_RX-93ff_%CE%BD_Gundam,https://static.wikia.nocookie.net/gunplabuilders/images/8/87/RG-RX-93ff-Nu-Gundam-box.jpg/revision/latest?cb=20220404150524,exact,c177aabac0ab28e71324ce6b297c38f2a4f23a6f205b9d6b5dc206b3dfbbb700,1200,955,
RG 1/144 THE GUNDAM BASE LIMITED ZEONG [CLEAR COLOR],downloaded,RG 1_144 THE GUNDAM BASE LIMITED ZEONG [CLEAR COLOR]__231d577233.jpg,gunpla_hobby,THE GUNDAM BASE LIMITED ZEONG [CLEAR COLOR],https://gunpla-hobby.com/gunpla/rg-1-144-rg-1-144-ae16ea,https://thumbnail.image.rakuten.co.jp/@0_mall/hakuei8981/cabinet/raku001_0156/b09jm8fgnz00.jpg,official_title_release_month,ed1da654c7d7a247edd49c963bbfe9d4e9fd35cb12a30998781ffb09e5124e22,1000,1000,
RG 1/144 Hi-ν GUNDAM,downloaded,RG 1_144 Hi-ν GUNDAM__67fe1c9dc9.jpg,dalong,Hi-Nu Gundam,https://www.dalong.net/reviews/rg/rg36/rg36_p_e.htm,https://www.dalong.net/reviews/rg/rg36/p/rg36.jpg,exact,9508246f95bd5f3fadb3453ba92e39586c3df7245b9bf6eab330609fccb66469,1200,945,
RG 1/144 WING GUNDAM,downloaded,RG 1_144 WING GUNDAM__fb08610576.jpg,dalong,Wing Gundam,https://www.dalong.net/reviews/rg/rg35/rg35_p_e.htm,https://www.dalong.net/reviews/rg/rg35/p/rg35.jpg,exact,7e9e022b4f74d6c58b946e86919c55eeec9c5707a992cbe05e24530199f63308,1200,762,
RG 1/144 ν GUNDAM [CLEAR COLOR],not_found,,,,,,,,,,bandai_manual: RX-93ff ν GUNDAM [CLEAR COLOR] | gunpla_hobby: RX-93ff ν GUNDAM [CLEAR COLOR] | bandai_manual: ν GUNDAM
RG 1/144 ZEONG,downloaded,RG 1_144 ZEONG__a554146bc1.jpg,dalong,Zeong,https://www.dalong.net/reviews/rg/rg34/rg34_p_e.htm,https://www.dalong.net/reviews/rg/rg34/p/rg34.jpg,exact,fc3b2839e92eae0eb10f556a6d3125f3c9879b7572be111a2a06e7e21723325d,1200,942,
RG 1/144 THE GUNDAM BASE LIMITED 00 QAN[T] [TRANS-AM CLEAR],downloaded,RG 1_144 THE GUNDAM BASE LIMITED 00 QAN[T] [TRANS-AM CLEAR]__d984e3f99a.jpg,gunpla_hobby,THE GUNDAM BASE LIMITED 00 QAN[T][TRANS-AM CLEAR],https://gunpla-hobby.com/gunpla/rg-1-144-rg-1-144-e6fd8e,https://tshop.r10s.jp/zootrope/cabinet/07756998/imgrc0153486902.jpg,official_title_release_month,3f8b9302aba8bc1d32a66a05751394a6f6cb0ab2229314711d50a75d5b9bca25,3500,2172,
RG 1/144 THE GUNDAM BASE LIMITED 00-RAISER [TRANS-AM CLEAR],downloaded,RG 1_144 THE GUNDAM BASE LIMITED 00-RAISER [TRANS-AM CLEAR]__ee553cb9f2.jpg,gunpla_hobby,THE GUNDAM BASE LIMITED 00-RAISER [TRANS-AM CLEAR],https://gunpla-hobby.com/gunpla/rg-1-144-rg-1-144-616ca5,https://tshop.r10s.jp/zootrope/cabinet/07756998/imgrc0153486898.jpg,official_title_release_month,79cdd7ebbd1d0dc9da810a6b2b456bff04b20f9c4be73d8f025c6618f1364b53,3500,2160,
RG 1/144 THE GUNDAM BASE LIMITED UNICORN GUNDAM PERFECTIBILITY,downloaded,RG 1_144 THE GUNDAM BASE LIMITED UNICORN GUNDAM PERFECTIBILITY__accbe24795.jpg,gunpla_hobby,THE GUNDAM BASE LIMITED UNICORN GUNDAM PERFECTIBILITY,https://gunpla-hobby.com/gunpla/rg-1-144-rg-1-144-f5c298,https://tshop.r10s.jp/zootrope/cabinet/07655638/imgrc0150834899.jpg,official_title_release_month,63756f25d5ae43dba8e461cf987911b2e2a9120c9de0368f4c3cda69c616f116,3536,2832,
RG 1/144 THE GUNDAM BASE LIMITED ν GUNDAM [TITANIUM FINISH],downloaded,RG 1_144 THE GUNDAM BASE LIMITED ν GUNDAM [TITANIUM FINISH]__ae607e3060.jpg,gunpla_hobby,THE GUNDAM BASE LIMITED νGUNDAM[TITANIUM FINISH],https://gunpla-hobby.com/gunpla/rg-1-144-rg-1-144-0de488,https://tshop.r10s.jp/otakarasouko/cabinet/_1089/1240019524162_1.jpg,official_title_release_month,54fe710ec6d6cb2694933c305b859ba8eb79bd9a0639796bf6c4a5a6a3a88d5c,600,600,
PG 1/60 ν GUNDAM (PG UNLEASHED),downloaded,PG 1_60 ν GUNDAM (PG UNLEASHED)__945a45e040.jpg,gunpla_hangar,RX-93 ν Gundam (PG UNLEASHED),https://gunplahangar.com/kits/pg-unleashed-rx-93-gundam,https://gunplahangar.com/img/kits/pg-unleashed-rx-93-gundam/box-art-800.jpg,source_model_code_hangar_exact,be7035cc9ddcc8ca6e5d9e1b1038926e3120655c906c383208cd7a414fdf8aea,800,508,
PG 1/60 UNICORN GUNDAM PERFECTIBILITY,not_found,,,,,,,,,,bandai_manual: UNICORN GUNDAM PERFECTIBILITY | dalong: Unicorn Gundam Perfectibility | dalong: Unicorn Gundam
PG 1/60 UNICORN GUNDAM 03 PHENEX (NARRATIVE Ver.),not_found,,,,,,,,,,bandai_manual: UNICORN GUNDAM 03 PHENEX (NARRATIVE Ver.) | bandai_manual: UNICORN GUNDAM 03 PHENEX | dalong: Unicorn Gundam 3 Phenex (Narrative Ver.)
PG 1/60 RX-78-2 GUNDAM (PG UNLEASHED),downloaded,PG 1_60 RX-78-2 GUNDAM (PG UNLEASHED)__82ec32c19d.jpg,gunpla_hangar,RX-78-2 Gundam (PG UNLEASHED),https://gunplahangar.com/kits/pg-unleashed-rx-78-2-gundam,https://gunplahangar.com/img/kits/pg-unleashed-rx-78-2-gundam/box-art-800.jpg,exact,5f5179a07d084aea3ad1e8bb796b0b92a869bb2f6aa71a7621f878ed16544647,800,509,
PG 1/60 THE GUNDAM BASE LIMITED RX-78-2 GUNDAM [TITANIUM FINISH],not_found,,,,,,,,,,bandai_manual: RX-78-2 GUNDAM | gunpla_gallery: RX-78-2 Gundam | gunpla_gallery: RX-78-2 Gundam
PG 1/60 PERFECT STRIKE GUNDAM,downloaded,PG 1_60 PERFECT STRIKE GUNDAM__dd41cc90c5.jpg,dalong,Perfect Strike Gundam,https://www.dalong.net/reviews/pg/p18/p18_p_e.htm,https://www.dalong.net/reviews/pg/p18/p/p18.jpg,exact,a2e0e5b05ec3e2882f1cbd9aece40ca572b44a56410b300f523f07913aff5fa3,1200,798,
PG 1/60 00 GUNDAM SEVEN SWORD/G,downloaded,PG 1_60 00 GUNDAM SEVEN SWORD_G__82dc38c9e5.jpg,dalong,OO Gundam Seven Sword/G,https://www.dalong.net/reviews/pg/p17/p17_p_e.htm,https://www.dalong.net/reviews/pg/p17/p/p17.jpg,exact,b5e5a0fd8b0966a2e9c2b4aa4a51f7c05358d2c753e626dc454602b9dc54ebc8,1200,660,
PG 1/60 THE GUNDAM BASE LIMITED RX-78-3 G-3 GUNDAM [EXTRA FINISH],not_found,,,,,,,,,,gunpla_hangar: RX-78-3 G-3 Gundam (Extra Finish Ver.) | gunpla_wiki: PG RX-78-3 G-3 Gundam (Extra Finish Ver.) | gunpla_hangar: RX-78/C.A. Casval's Gundam (Extra Finish Ver.)
PG 1/60 GUNDAM ASTRAY RED FRAME KAI,not_found,,,,,,,,,,bandai_manual: GUNDAM ASTRAY RED FRAME KAI | bandai_manual: GUNDAM ASTRAY RED FRAME | dalong: Gundam Astray [Red Frame]
PG 1/60 RX-0[N] UNICORN GUNDAM 02 BANSHEE NORN (FINAL BATTLE Ver.),not_found,,,,,,,,,,bandai_manual: RX-0[N] UNICORN GUNDAM 02 BANSHEE NORN (FINAL BATTLE Ver.) | bandai_manual: RX-0[N] UNICORN GUNDAM 02 BANSHEE NORN | gunpla_gallery: RX-0(N) Unicorn Gundam 02 Banshee Norn
PG 1/60 GUNDAM EXIA,downloaded,PG 1_60 GUNDAM EXIA__7d34b41442.jpg,gunpla_gallery,GN-001 Gundam Exia,https://gunplagallery.com/kits/1836-pg-gn-001-gundam-exia,https://s3.amazonaws.com/gunplagallery/catalog/1836_original_PG_Gundam_Exia.jpg,source_model_code_cross_source,f7f8114eaef213937a8e4f4c40b9515e0d3ef02f674f2c22814fa5140c5e7219,1200,810,
PG 1/60 GUNDAM EXIA (LIGHTING MODEL),downloaded,PG 1_60 GUNDAM EXIA (LIGHTING MODEL)__8ceb2e8e41.jpg,dalong,Gundam Exia [Lighting Model],https://www.dalong.net/reviews/pg/p16/p16_p_e.htm,https://www.dalong.net/reviews/pg/p16/p/p16.jpg,exact,b74aa07347f8732a4c0ecd51e770ce8e3a1cbb0cf3d4c526511159dbbddcc2c4,1200,812,
PG 1/60 THE GUNDAM BASE LIMITED GUNDAM ASTRAY RED FRAME [METALLIC],not_found,,,,,,,,,,bandai_manual: GUNDAM ASTRAY RED FRAME | dalong: Gundam Astray [Red Frame] | gunpla_hobby: GUNDAM ASTRAY RED FRAME
PG 1/60 TRANS-AM RAISER,not_found,,,,,,,,,,bandai_manual: TRANS-AM RAISER | dalong: Trans-Am Raiser | dalong: Trans-Am Raiser Clear Color body
PG 1/60 RX-0 UNICORN GUNDAM 03 PHENEX,downloaded,PG 1_60 RX-0 UNICORN GUNDAM 03 PHENEX__68f470e1e6.webp,gunpla_wiki,PG RX-0 Unicorn Gundam 03 Phenex,https://gunpla.fandom.com/wiki/PG_RX-0_Unicorn_Gundam_03_Phenex,https://static.wikia.nocookie.net/gunplabuilders/images/1/16/PG-Unicorn-Gundam-03-Phenex-box.jpg/revision/latest?cb=20180611062920,exact,ce4151c37d156fea1a80bbef662cfbf7f38d7d5156eca0fb2c0bd360b93a00e1,1500,1025,
PG 1/60 RX-0 UNICORN GUNDAM (FINAL BATTLE Ver.),not_found,,,,,,,,,,bandai_manual: RX-0 UNICORN GUNDAM [FINAL BATTLE Ver.] | dalong: Unicorn Gundam (Final Battle Ver.) | bandai_manual: RX-0 UNICORN GUNDAM
PG 1/60 RX-0[N] UNICORN GUNDAM 02 BANSHEE NORN,downloaded,PG 1_60 RX-0[N] UNICORN GUNDAM 02 BANSHEE NORN__ddd5e502be.jpg,gunpla_gallery,RX-0(N) Unicorn Gundam 02 Banshee Norn,https://gunplagallery.com/kits/1835-pg-rx-0-n-unicorn-gundam-02-banshee-norn,https://s3.amazonaws.com/gunplagallery/catalog/1835_original_PGUnicornGundamBansheeNorn.jpg,exact,48e0497f7a6d34857e9198ce18717dbbdbecb0723fc07e365279d31f3356a255,1500,1033,
PG 1/60 RX-0 UNICORN GUNDAM,downloaded,PG 1_60 RX-0 UNICORN GUNDAM__d65eb9f240.jpg,gunpla_gallery,RX-0 Unicorn Gundam,https://gunplagallery.com/kits/1834-pg-rx-0-unicorn-gundam,https://s3.amazonaws.com/gunplagallery/catalog/1834_original_PG_Unicorn_Gundam_Boxart.jpg,exact,3273b14162ca17bcbd0800bde5f269ae0c031bb17f1009c3104589ce3806a74e,1500,1002,
PG 1/60 GUNDAM ASTRAY BLUE FRAME,downloaded,PG 1_60 GUNDAM ASTRAY BLUE FRAME__a66a1380f3.webp,gunpla_wiki,PG MBF-P03 Gundam Astray Blue Frame,https://gunpla.fandom.com/wiki/PG_MBF-P03_Gundam_Astray_Blue_Frame,https://static.wikia.nocookie.net/gunplabuilders/images/1/11/PG-Gundam-Astray-Blue-Frame-box.jpg/revision/latest?cb=20230403155148,source_model_code_wiki_release,d6b7febe9353ef8f54a3103ca2ba7cf2cbbabb2ff7f4db1870070a681684e244,600,396,
PG 1/60 STRIKE FREEDOM GUNDAM,downloaded,PG 1_60 STRIKE FREEDOM GUNDAM__ff29b08e18.jpg,dalong,Strike Freedom Gundam,https://www.dalong.net/reviews/pg/p13/p13_p_e.htm,https://www.dalong.net/reviews/pg/p13/p/p13.jpg,exact,19d6cc7dd72d1ee5aad36b2b9e5ae8602434631ca06ab87f8560648b7fa5ad53,300,205,
PG 1/60 00 RAISER,downloaded,PG 1_60 00 RAISER__3ffc791107.jpg,gunpla_hangar,GN-0000+GNR-010 00 Raiser,https://gunplahangar.com/kits/pg-gn-0000gnr-010-00-raiser,https://gunplahangar.com/img/kits/pg-gn-0000gnr-010-00-raiser/box-art-800.jpg,source_model_code_hangar_exact,90821dd24d1de76cd367dace266864d36d8fb97d5d971e850bca9495d4051b82,800,448,
PG 1/60 GUNDAM ASTRAY RED FRAME,downloaded,PG 1_60 GUNDAM ASTRAY RED FRAME__c9a9e713e6.jpg,dalong,Gundam Astray [Red Frame],https://www.dalong.net/reviews/pg/p11/p11_p_e.htm,https://www.dalong.net/reviews/pg/p11/p/p11.jpg,exact,6d435d819f2e9674bd57452d7c7d60fec98422189336974d81126c20806cdbb6,289,184,
PG 1/60 WING GUNDAM ZERO EW PEARL MIRROR COATING Ver.,downloaded,PG 1_60 WING GUNDAM ZERO EW PEARL MIRROR COATING Ver__a6c2466c34.webp,gunpla_wiki,PG XXXG-00W0 Wing Gundam Zero EW (Pearl Mirror Coating Ver.),https://gunpla.fandom.com/wiki/PG_XXXG-00W0_Wing_Gundam_Zero_EW_%28Pearl_Mirror_Coating_Ver.%29,https://static.wikia.nocookie.net/gunplabuilders/images/4/40/PG-Wing-Gundam-Zero-Custom-Pearl-Mirror-Coating-box.jpg/revision/latest?cb=20230401095237,source_model_code_wiki_release,9abbbee0533e5e9e140081faf56201ab6988b57eb8540b87df46361a39023074,1200,712,
PG 1/60 STRIKE ROUGE + SKYGRASPER,downloaded,PG 1_60 STRIKE ROUGE + SKYGRASPER__e85a87ad44.jpg,dalong,Strike Rouge + Skygrasper,https://www.dalong.net/reviews/pg/p10/p10_p_e.htm,https://www.dalong.net/reviews/pg/p10/p/p10.jpg,exact,5236808d9fe40176da1b1efb2e5d839c99654f47ed95ac7c5bcc56b9007f5771,290,183,
PG 1/60 STRIKE GUNDAM,downloaded,PG 1_60 STRIKE GUNDAM__6860bc2dbe.jpg,dalong,Strike Gundam,https://www.dalong.net/reviews/pg/p09/p09_p_e.htm,https://www.dalong.net/reviews/pg/p09/p/p09.jpg,exact,fbea16bbfcae8e762b483784600f6a40be4ca7c7b64c66b34a6e5211e0c2fd43,289,156,
HG 1/144 GUNDAM 00 COMMAND QAN[T] DESERT TYPE,downloaded,HG 1_144 GUNDAM 00 COMMAND QAN[T] DESERT TYPE__a6e6788f01.jpg,dalong,HG Gundam OO Command Qan[T] Dessert Type,https://www.dalong.net/reviews/bf/gbt10/gbt10_p_e.htm,https://www.dalong.net/reviews/bf/gbt10/p/gbt10.jpg,exact,9c6b4dca6a7949855176a11db2a63aae1789dd6a7a25bba8c85aa5a9a4e41141,1200,750,
HG 1/144 INFINITE JUSTICE GUNDAM TYPE II,downloaded,HG 1_144 INFINITE JUSTICE GUNDAM TYPE II__4cc1f539ab.jpg,dalong,Infinite Justice Gundam Type II,https://www.dalong.net/reviews/hg/h251/h251_p_e.htm,https://www.dalong.net/reviews/hg/h251/p/h251.jpg,exact,064f7252917b93da1f242bfe7ea66c874e6ca11277a37b8e0c5643cb67eb6568,1200,756,
HG 1/144 GM III (AXIS SHOCK IMAGE COLOR),downloaded,HG 1_144 GM III (AXIS SHOCK IMAGE COLOR)__8bbf363f96.jpg,gunpla_hobby,GMIII (AXIS SHOCK IMAGE COLOR),https://gunpla-hobby.com/gunpla/hg-1-144-hg-1-144-iii-b00ed4,https://tshop.r10s.jp/yotsuba/cabinet/10364303/imgrc0097341264.jpg,official_title_release_month,7118c16ec80fa5e0782be0a5889ac551378e4f83f8308e14e8f18bd58d6ff797,796,383,
HG 1/144 SHENLONG GUNDAM [CLEAR COLOR],not_found,,,,,,,,,,bandai_manual: SHENLONG GUNDAM | dalong: Shenlong Gundam | gunpla_hobby: SHENLONG GUNDAM
HG 1/144 GYAN STROM (AGNES GIEBENRATH CUSTOM),downloaded,HG 1_144 GYAN STROM (AGNES GIEBENRATH CUSTOM)__27a95e2b2f.jpg,dalong,Gyan Strom (Agnes Giebenrath Custom),https://www.dalong.net/reviews/hg/h249/h249_p_e.htm,https://www.dalong.net/reviews/hg/h249/p/h249.jpg,exact,ee24300ad609a3a484e5eef3106b0660b4e29828f5514521d60613cc1c5f297e,1200,774,
HG 1/144 GELGOOG MENACE (LUNAMARIA HAWKE CUSTOM),downloaded,HG 1_144 GELGOOG MENACE (LUNAMARIA HAWKE CUSTOM)__2c4749c1e2.jpg,dalong,Gelgoog Menace (Lunamaria Hawke Custom),https://www.dalong.net/reviews/hg/h248/h248_p_e.htm,https://www.dalong.net/reviews/hg/h248/p/h248.jpg,exact,e29428843e76248ffff5e72beebac09fc8f5ce225b9f3021f94c8cc976ef071d,1200,770,
HG 1/144 BLACK KNIGHT SQUAD RUD-RO.A (GRIFFIN ARBALEST CUSTOM),downloaded,HG 1_144 BLACK KNIGHT SQUAD RUD-RO.A (GRIFFIN ARBALEST CUSTOM)__c726510399.jpg,dalong,Black Knight Squad Rud-ro.A (Griffin Arbalest Custom),https://www.dalong.net/reviews/hg/h247/h247_p_e.htm,https://www.dalong.net/reviews/hg/h247/p/h247.jpg,exact,5c20f84ceeaa12ed642f7247cbd9969d72b6b6bee3e3ef753cc293be0845b707,1200,750,
HG 1/144 DESTROY GUNDAM,downloaded,HG 1_144 DESTROY GUNDAM__ed5c2eab98.jpg,dalong,Destroy Gundam,https://www.dalong.net/reviews/hg/h246/h246_p_e.htm,https://www.dalong.net/reviews/hg/h246/p/h246.jpg,exact,abd9ab24d8ff09cb7d98f282ef64f62ff10f8d6d157a35beafd526579def9376,1200,806,
HG 1/144 GEARA DOGA (AXIS SHOCK IMAGE COLOR),downloaded,HG 1_144 GEARA DOGA (AXIS SHOCK IMAGE COLOR)__ffc06f3a58.jpg,gunpla_hobby,GEARA DOGA (AXIS SHOCK IMAGE COLOR),https://gunpla-hobby.com/gunpla/hg-1-144-hg-1-144-96ded4,https://tshop.r10s.jp/zootrope/cabinet/07655638/imgrc0187337957.jpg,official_title_release_month,30800b72a49afe2a9d007ad5148b71bda47e118aa3140f64ee2f65f233c76580,1500,928,
HG 1/144 BLACK KNIGHT SQUAD SHI-VE.A,downloaded,HG 1_144 BLACK KNIGHT SQUAD SHI-VE.A__89d80e3016.jpg,dalong,Black Knight Squad Shi-ve.A,https://www.dalong.net/reviews/hg/h245/h245_p_e.htm,https://www.dalong.net/reviews/hg/h245/p/h245.jpg,exact,1fa811790db7afe76821924dc9d2a90af48b7318312d3b6d884048b32f8d9d81,1200,753,
HG 1/144 G-LINE STANDARD ARMOR,downloaded,HG 1_144 G-LINE STANDARD ARMOR__3c8a9d7849.jpg,gunpla_hangar,RX-81ST G-Line Standard Armor,https://gunplahangar.com/kits/hguc-rx-81st-g-line-standard-armor,https://gunplahangar.com/img/kits/hguc-rx-81st-g-line-standard-armor/box-art-800.jpg,source_model_code_hangar_exact,9920b9cea2e40680060de09948dffb608c47f6bf7f199055811528f02a51ecb6,800,510,
HG 1/144 IMMORTAL JUSTICE GUNDAM,downloaded,HG 1_144 IMMORTAL JUSTICE GUNDAM__f78ef64e5f.jpg,dalong,Immortal Justice Gundam,https://www.dalong.net/reviews/hg/h244/h244_p_e.htm,https://www.dalong.net/reviews/hg/h244/p/h244.jpg,exact,230c18255b7fe5f54cecdaec4e559dd6e4590b7f99c7aff4f10d4ad33c67b900,1200,750,
HG 1/144 GUNDAM PERFECT STRIKE FREEDOM ROUGE,downloaded,HG 1_144 GUNDAM PERFECT STRIKE FREEDOM ROUGE__0b7598a7f2.jpg,dalong,HG Gundam Perfect Strike Freedom Rouge,https://www.dalong.net/reviews/bf/gbt08/gbt08_p_e.htm,https://www.dalong.net/reviews/bf/gbt08/p/gbt08.jpg,exact,e65855ce4532b454325d21beee714afa97fbd2fd6f6d8514e806f70d3fa820d7,1200,729,
HG 1/144 TYPHOEUS GUNDAM CHIMERA,downloaded,HG 1_144 TYPHOEUS GUNDAM CHIMERA__cfd260d9e0.jpg,dalong,HG Typhoeus Gundam Chimera,https://www.dalong.net/reviews/bf/gbt07/gbt07_p_e.htm,https://www.dalong.net/reviews/bf/gbt07/p/gbt07.jpg,exact,49e688b0a1fc6c10082c94fe0b644eea9909692cb5a1bb10105c6651f45a0924,1200,954,
HG 1/144 PLUTINE GUNDAM,downloaded,HG 1_144 PLUTINE GUNDAM__98410271bf.jpg,dalong,HG Plutine Gundam,https://www.dalong.net/reviews/bf/gbt06/gbt06_p_e.htm,https://www.dalong.net/reviews/bf/gbt06/p/gbt06.jpg,exact,e1b73974543cf30220ed215448481a824dcaf7d482464ad819bcc85d3cf0ecfd,1200,752,
HG 1/144 GUNDAM 00 DIVER ARC,downloaded,HG 1_144 GUNDAM 00 DIVER ARC__e16082b9ef.jpg,dalong,HG Gundam OO Diver Arc,https://www.dalong.net/reviews/bf/gbt05/gbt05_p_e.htm,https://www.dalong.net/reviews/bf/gbt05/p/gbt05.jpg,exact,dcca9e99f46e190ecb2041b938995471381671c3da6b4e6dc0b617d73d3bc9b4,1200,756,
HG 1/144 GUNDAM LFRITH ANAVATA,downloaded,HG 1_144 GUNDAM LFRITH ANAVATA__db5c62ed32.jpg,gunpla_hobby,GUNDAM LFRITH ANAVATA,https://gunpla-hobby.com/gunpla/hg-1-144-1-144-69bd2b,https://thumbnail.image.rakuten.co.jp/@0_mall/hsalpha/cabinet/t9/4573102660268-bn.jpg,official_title_release_month,68ad9c3b14f2bdb9ee2548c1e8e75e604f898c24a0b6db86f18009ada73042ec,1800,1135,
HG 1/144 GM (SHOULDER CANNON / MISSILE POD),downloaded,HG 1_144 GM (SHOULDER CANNON _ MISSILE POD)__d6eeb73c7c.jpg,dalong,GM (Shoulder Cannon/Missile Pod),https://www.dalong.net/reviews/hg/ho27/ho27_p_e.htm,https://www.dalong.net/reviews/hg/ho27/p/ho27.jpg,exact,a10c4c169e3a2349011ce8f19d957c7cad39107a5b0cd8eb053b50c37602c4c2,1200,753,
HG 1/144 SHIN BURNING GUNDAM,downloaded,HG 1_144 SHIN BURNING GUNDAM__ad9df9e670.jpg,dalong,HG Shin Burning Gundam,https://www.dalong.net/reviews/bf/gbt04/gbt04_p_e.htm,https://www.dalong.net/reviews/bf/gbt04/p/gbt04.jpg,exact,9945c306b43f0406a5fd539e7ad0665fdcb2757f1153b9ddb22d831fc7abc89a,1200,752,
HG 1/144 THE GUNDAM BASE LIMITED BUILD STRIKE GALAXY COSMOS [PLAVSKY PARTICLE CLEAR],downloaded,HG 1_144 THE GUNDAM BASE LIMITED BUILD STRIKE GALAXY COSMOS [PLAVSKY PARTICLE CLEAR]__7bee7d9e49.jpg,gunpla_hobby,THE GUNDAM BASE LIMITED BUILD STRIKE GALAXY COSMOS [PLAVSKY PARTICLE CLEAR],https://gunpla-hobby.com/gunpla/hg-1-144-hg-1-144-002c58,https://thumbnail.image.rakuten.co.jp/@0_mall/kobaco-003/cabinet/20240605-1/b0ckvh2s7q.jpg,official_title_release_month,32834b2080796dcc9c1768f23bbbc652c3f5cfde87deadfaf37e3a89e10467b2,350,350,
HG 1/144 NARRATIVE GUNDAM C-PACKS [AWAKENING IMAGE COLOR],not_found,,,,,,,,,,bandai_manual: NARRATIVE GUNDAM C-PACKS | dalong: Narrative Gundam C-Packs | gunpla_hobby: NARRATIVE GUNDAM C-PACKS
HG 1/144 GUNDAM SCHWARZETTE,downloaded,HG 1_144 GUNDAM SCHWARZETTE__ea3d96fd92.jpg,dalong,Gundam Schwarzette,https://www.dalong.net/reviews/hg/wmh25/wmh25_p_e.htm,https://www.dalong.net/reviews/hg/wmh25/p/wmh25.jpg,exact,0142d4d854334be0e5097c5f4358c0ea10ebadd9a4241cb167338ca1476b00e6,1200,765,
HG 1/144 GUNDAM LFRITH JIU,downloaded,HG 1_144 GUNDAM LFRITH JIU__4546831787.jpg,gunpla_hangar,XGF-01［Ⅱ3］ Gundam Lfrith Jiu,https://gunplahangar.com/kits/hgtwfm-xgf-013-gundam-lfrith-jiu,https://gunplahangar.com/img/kits/hgtwfm-xgf-013-gundam-lfrith-jiu/box-art-800.jpg,source_model_code_hangar_exact,9c858326c8f87248c34984572a51d6a525ae14ae9b8e1cb90baa9fd2e9df6120,800,505,
HG 1/144 GUNDVÖLVA,downloaded,HG 1_144 GUNDVÖLVA__270829db25.jpg,dalong,Gundvolva,https://www.dalong.net/reviews/hg/wmh24/wmh24_p_e.htm,https://www.dalong.net/reviews/hg/wmh24/p/wmh24.jpg,exact,a7a9d3888a4a440b8219e3a140e1a10aae9050c8be3c24da472633c7dcbae022,1191,759,
HG 1/144 GUNCANNON (CUCURUZ DOAN'S ISLAND Ver.),downloaded,HG 1_144 GUNCANNON (CUCURUZ DOAN'S ISLAND Ver.)__d581c05872.jpg,gunpla_hangar,RX-77-02 Guncannon (Cucuruz Doan's Island Ver.),https://gunplahangar.com/kits/hgcdi-rx-77-02-guncannon-cucuruz-doans-island-ver,https://gunplahangar.com/img/kits/hgcdi-rx-77-02-guncannon-cucuruz-doans-island-ver/box-art-800.jpg,source_model_code_cross_source,0f543b692e51eefb4370e220a9b1ed31adfbc481cecbc16746040c0764a8f64b,800,504,
HG 1/144 VICTORY TWO ASSAULT BUSTER GUNDAM [CLEAR COLOR],not_found,,,,,,,,,,gunpla_gallery: LM314V23/24 Victory Two Assault-Buster Gundam | bandai_manual: V2 ASSAULT BUSTER GUNDAM | dalong: V2 Assault Buster Gundam
HG 1/144 GUNDAM LFRITH UR,downloaded,HG 1_144 GUNDAM LFRITH UR__f545eaca32.jpg,dalong,Gundam Lfrith Ur,https://www.dalong.net/reviews/hg/wmh17/wmh17_p_e.htm,https://www.dalong.net/reviews/hg/wmh17/p/wmh17.jpg,exact,101bcd87d6660c7bddf5f3878c8b16f345a0cb745a703224039d9a62c0165bf7,1194,756,
HG 1/144 GUNDAM ROSE,downloaded,HG 1_144 GUNDAM ROSE__4ee1895ced.jpg,gunpla_hangar,GF13-009NF Gundam Rose,https://gunplahangar.com/kits/hgfc-gf13-009nf-gundam-rose,https://gunplahangar.com/img/kits/hgfc-gf13-009nf-gundam-rose/box-art-800.jpg,source_model_code_hangar_exact,1eac97bb6322ac0a7e57b8058c3332a12a621178faa3a3aa6bcb9615ba756aab,800,487,
HG 1/144 GUNDAM PHARACT,downloaded,HG 1_144 GUNDAM PHARACT__bbec27dc46.jpg,dalong,Gundam Pharact,https://www.dalong.net/reviews/hg/wmh07/wmh07_p_e.htm,https://www.dalong.net/reviews/hg/wmh07/p/wmh07.jpg,exact,e928faca65ba5096d20776446d5fe8858522c551cd84162c9df3bf6be6f37468,1200,759,
HG 1/144 GUNDAM AERIAL,downloaded,HG 1_144 GUNDAM AERIAL__2b3b22b04a.jpg,dalong,Gundam Aerial,https://www.dalong.net/reviews/hg/wmh03/wmh03_p_e.htm,https://www.dalong.net/reviews/hg/wmh03/p/wmh03.jpg,exact,e2a4fc5afe628c8b45ad9129bcd7a084bb48957be04b55dbe49e5e2b6a0e1316,1200,759,
MG 1/100 GUNDAM STORMBRINGER P.F.,not_found,,,,,,,,,,bandai_manual: GUNDAM STORMBRINGER P.F. | dalong: Gundam Stormbringer P.F. | gunpla_hobby: GUNDAM STORMBRINGER P.F.
MG 1/100 THE GUNDAM BASE LIMITED DESTINY GUNDAM (HEINE WESTENFLUSS CUSTOM),downloaded,MG 1_100 THE GUNDAM BASE LIMITED DESTINY GUNDAM (HEINE WESTENFLUSS CUSTOM)__b04f9fab85.jpg,gunpla_hobby,THE GUNDAM BASE LIMITED DESTINY GUNDAM (HEINE WESTENFLUSS CUSTOM),https://gunpla-hobby.com/gunpla/mg-1-100-mg-1-100-e8f795,https://tshop.r10s.jp/mediaworldkaitoriworld/cabinet/6312/3/cg63123627.jpg,official_title_release_month,41f8ad6cbfa1274ba3752b167a120378c5d24534d96b932611eaff9651bea715,1600,1600,
MG 1/100 Re-GZ (CHAR'S COUNTERATTACK Ver.),downloaded,MG 1_100 Re-GZ (CHAR'S COUNTERATTACK Ver.)__021a269c92.webp,gunpla_wiki,MG RGZ-91 Re-GZ (Char's Counterattack Ver.),https://gunpla.fandom.com/wiki/MG_RGZ-91_Re-GZ_%28Char%27s_Counterattack_Ver.%29,https://static.wikia.nocookie.net/gunplabuilders/images/d/dc/Gundam-Side-F-MG-Re-GZ-%28CCA%29-box.jpg/revision/latest?cb=20240408111147,source_model_code_cross_source,8c00af6c65f7ae5b19c512b11023f78a219f351bb157e592d4d0da389d5343c1,1200,954,
MG 1/100 GUNDAM AGE-1 FULL GLANSA [DESIGNERS COLOR Ver.],downloaded,MG 1_100 GUNDAM AGE-1 FULL GLANSA [DESIGNERS COLOR Ver.]__79c2947671.jpg,gunpla_hobby,GUNDAM AGE-1 FULL GLANSA [DESIGNERS COLOR Ver.],https://gunpla-hobby.com/gunpla/mg-1-100-1-100-e2ac21,https://tshop.r10s.jp/wondergoo/cabinet/hobbytenpo232/660520260228106_1.jpg,official_title_release_month,85dc56451925deac3916b52ebef85a58b69a0897d583927ffa3fa22ffe533594,1000,1000,
MG 1/100 RICK DOM,downloaded,MG 1_100 RICK DOM__f249dc544b.jpg,dalong,Rick-Dom,https://www.dalong.net/reviews/mg/m23/m23_p_e.htm,https://www.dalong.net/reviews/mg/m23/p/m23.jpg,exact,5747f72e8f4cc5582651c896751ef94494e1d2867975b98efc56b8374a216c83,229,290,
MG 1/100 DOM,not_found,,,,,,,,,,bandai_manual: DOM | bandai_manual: DOM | dalong: Dom
MG 1/100 SHIN MUSHA GUNDAM SENGOKU NO JIN BLACK ROBE LARGE ARMOR,not_found,,,,,,,,,,dalong: Shin Musha Gundam Sengoku no Jin - Black Armor | dalong: Shin Musha Gundam ~ Sengoku no Jin | bandai_manual: SHINMUSHA GUNDAM SENGOKU NO JIN
MG 1/100 AILE STRIKE GUNDAM Ver.RM [RECIRCULATION COLOR/NEON PINK],not_found,,,,,,,,,,bandai_manual: AILE STRIKE GUNDAM Ver. RM | dalong: Aile Strike Gundam Ver. RM | bandai_manual: THE GUNDAM BASE LIMITED AILE STRIKE GUNDAM Ver.RM [CLEAR COLOR]
MG 1/100 RX-78-2 GUNDAM Ver.3.0 [RECIRCULATION COLOR/NEON GREEN],not_found,,,,,,,,,,bandai_manual: RX-78-2 GUNDAM Ver.3.0 | gunpla_gallery: RX-78-2 Gundam Ver.3.0 | gunpla_hangar: RX-78-2 Gundam (Ver. 3.0)
MG 1/100 TALLGEESE FLUEGEL EW,downloaded,MG 1_100 TALLGEESE FLUEGEL EW__4db4516e5c.jpg,gunpla_hobby,TALLGEESE FLUEGEL EW,https://gunpla-hobby.com/gunpla/mg-1-100-1-100-0c3345,https://tshop.r10s.jp/hugallhobby/cabinet/12886088/imgrc0117112372.jpg,official_title_release_month,4a43ddeebdadcb2d68e2037f954c6d58ada1b49153065e84b035dc3d6b0fed90,1000,1160,
MG 1/100 BLAZE ZAKU PHANTOM (REY ZA BURREL CUSTOM),downloaded,MG 1_100 BLAZE ZAKU PHANTOM (REY ZA BURREL CUSTOM)__29cfcc5da6.webp,gunpla_wiki,MG ZGMF-1001/M Blaze ZAKU Phantom (Rey Za Burrel Custom),https://gunpla.fandom.com/wiki/MG_ZGMF-1001/M_Blaze_ZAKU_Phantom_%28Rey_Za_Burrel_Custom%29,https://static.wikia.nocookie.net/gunplabuilders/images/7/7a/MG-Blaze-Zaku-Phantom-%28Rey%29-box.jpg/revision/latest?cb=20210621165230,source_model_code_cross_source,2c04dca8e424f738bcdd3f645db291ab407298d52a3649079bf7b5d02feb3e12,800,627,
MG 1/100 MOBILE GINN,downloaded,MG 1_100 MOBILE GINN__7f6ba592ae.jpg,dalong,Mobile Ginn,https://www.dalong.net/reviews/mg/m216/m216_p_e.htm,https://www.dalong.net/reviews/mg/m216/p/m216.jpg,exact,f5680a8a821b3925e084b16a49c458abb40d120d0dab1a77ead1db68b3f0fe82,1200,954,
MG 1/100 THE GUNDAM BASE LIMITED ZAKU WARRIOR (LIVE CONCERT Ver.),downloaded,MG 1_100 THE GUNDAM BASE LIMITED ZAKU WARRIOR (LIVE CONCERT Ver.)__b6aeef3cbd.webp,gunpla_wiki,MG ZGMF-1000 ZAKU Warrior (Live Concert Version),https://gunpla.fandom.com/wiki/MG_ZGMF-1000_ZAKU_Warrior_%28Live_Concert_Version%29,https://static.wikia.nocookie.net/gunplabuilders/images/e/e1/MG-TGB-Zaku-Warrior-Live-Concert-box.jpg/revision/latest?cb=20210226093910,gundam_base_wiki_verified,59e1edaae6308c752333b5addc29398a8ef999f9e5d8603e8c19fdbe178ba237,420,335,
MG 1/100 GUNDAM STORMBRINGER F.A. / GM TURBULENCE,downloaded,MG 1_100 GUNDAM STORMBRINGER F.A. _ GM TURBULENCE__b63c00e3fa.jpg,gunpla_hobby,GUNDAM STORMBRINGER F.A. / GM TURBULENCE,https://gunpla-hobby.com/gunpla/mg-1-100-1-100-33c681,https://tshop.r10s.jp/mediaworldkaitoriworld/cabinet/6312/4/cg63124429.jpg,official_title_release_month,d115358be748158a525b59974640dd3a6f62539548f1da911f9756c75b872849,1000,1000,
MG 1/100 QUBELEY EMBELLIR,not_found,,,,,,,,,,bandai_manual: QUBELEY EMBELLIR | dalong: Qubeley Embellir | gunpla_hobby: QUBELEY EMBELLIR
MG 1/100 PHILIP HUGHES'S GM DOMINANCE,not_found,,,,,,,,,,bandai_manual: PHILIP HUGHS’S GM DOMINANCE | gunpla_hobby: PHILIP HUGHS’S GM DOMINANCE | dalong: GM Dominance (Philip Hughes Custom)
MG 1/100 GUNNER ZAKU WARRIOR (LUNAMARIA HAWKE CUSTOM),downloaded,MG 1_100 GUNNER ZAKU WARRIOR (LUNAMARIA HAWKE CUSTOM)__a0fea8eedf.jpg,gunpla_gallery,ZGMF-1000/A1 Gunner ZAKU Warrior (Lunamaria Hawke Custom),https://gunplagallery.com/kits/1370-mg-zgmf-1000-a1-gunner-zaku-warrior-lunamaria-hawke-custom-,https://s3.amazonaws.com/gunplagallery/catalog/1370_original_MG_Gunner_ZAKU_Warrior_(Lunamaria_Hawke_Custom).jpg,source_model_code_cross_source,1bf32a3d23fcc97b9e614adc938be2536bd8d49ec6324075461cf74f691741cf,1200,954,
MG 1/100 GUNDAM F90,downloaded,MG 1_100 GUNDAM F90__950b97d118.webp,gunpla_wiki,MG F90 Gundam F90,https://gunpla.fandom.com/wiki/MG_F90_Gundam_F90,https://static.wikia.nocookie.net/gunplabuilders/images/9/9f/MG-Gundam-F90-box.jpg/revision/latest?cb=20190827151039,source_model_code_cross_source,8ad70cf5bb05fd0188ad3b739df88b6f1b60292d42e53d3da27c63ab7476dc4e,650,1006,
MG 1/100 GUNDAM ASTRAY RED DRAGON,not_found,,,,,,,,,,bandai_manual: GUNDAM ASTRAY RED DRAGON | dalong: Gundam Astray Red Dragon | gunpla_hobby: GUNDAM ASTRAY RED DRAGON
MG 1/100 GUNDAM F91 Ver.2.0 WITH BACK CANNON & TWIN VESBAR,not_found,,,,,,,,,,bandai_manual: GUNDAM F91 Ver.2.0 | dalong: Gundam F91 Ver.2.0 | gunpla_hobby: GUNDAM F91 Ver.2.0
MG 1/100 POLYPODBALL,not_found,,,,,,,,,,bandai_manual: POLYPODBALL | gunpla_hobby: POLYPODBALL | dalong: Polypod Ball
MG 1/100 AVALANCHE EXIA DASH,not_found,,,,,,,,,,dalong: Gundam Avalanche Exia Dash | bandai_manual: GUNDAM AVALANCHE EXIA’ | gunpla_hobby: GUNDAM AVALANCHE EXIA’
MG 1/100 JEGAN,downloaded,MG 1_100 JEGAN__b20187c867.jpg,dalong,Jegan,https://www.dalong.net/reviews/mg/m204/m204_p_e.htm,https://www.dalong.net/reviews/mg/m204/p/m204.jpg,exact,d8ced39d2591f254123c3542ca5aeee60111505de2f2657210c701c0ab46ac90,948,1200,
MG 1/100 GM DOMINANCE,downloaded,MG 1_100 GM DOMINANCE__349bb89c4d.webp,gunpla_wiki,MG RGM-79DO GM Dominance,https://gunpla.fandom.com/wiki/MG_RGM-79DO_GM_Dominance,https://static.wikia.nocookie.net/gunplabuilders/images/e/ea/MG-GM-Dominance-box.jpg/revision/latest?cb=20190323121834,source_model_code_cross_source,33e6e22f32da9c38bf88b430c92b4cde56a513c2f9111cac956a6fe469c9cf3b,410,512,
MG 1/100 MBF-02VV GUNDAM ASTRAY TURN RED,not_found,,,,,,,,,,bandai_manual: GUNDAM ASTRAY TURN RED | dalong: Gundam Astray Turn Red | gunpla_hobby: GUNDAM ASTRAY TURN RED
MG 1/100 GM COMMAND (COLONY BATTLE),not_found,,,,,,,,,,bandai_manual: GM COMMAND (COLONY TYPE) | dalong: GM Command [Colony Type] | gunpla_hobby: GM COMMAND (COLONY TYPE)
MG 1/100 THE GUNDAM BASE LIMITED FREEDOM GUNDAM Ver.2.0 [CLEAR COLOR],not_found,,,,,,,,,,bandai_manual: THE GUNDAM BASE LIMITED FREEDOM GUNDAM Ver.2.0 [CLEAR COLOR] | gunpla_hobby: THE GUNDAM BASE LIMITED FREEDOM GUNDAM Ver.2.0 [CLEAR COLOR] | bandai_manual: THE GUNDAM BASE LIMITED FREEDOM GUNDAM Ver.2.0[SILVER COATING]
MG 1/100 00 XN RAISER,downloaded,MG 1_100 00 XN RAISER__29ee8beca6.webp,gunpla_wiki,MG GN-0000+GNR-010/XN 00 XN Raiser,https://gunpla.fandom.com/wiki/MG_GN-0000%2BGNR-010/XN_00_XN_Raiser,https://static.wikia.nocookie.net/gunplabuilders/images/5/52/MG-00-XN-Raiser-box.jpg/revision/latest?cb=20250301045047,source_model_code_cross_source,c7f49b14bf7494b1a3c665b9019b1e29ad12a3a91833c6a3e66df954c364f450,600,481,
MG 1/100 RX-78-02 GUNDAM (GUNDAM THE ORIGIN Ver.),downloaded,MG 1_100 RX-78-02 GUNDAM (GUNDAM THE ORIGIN Ver.)__3c82b3045b.jpg,gunpla_hangar,RX-78-02 Gundam (Gundam The Origin Ver.),https://gunplahangar.com/kits/mg-rx-78-02-gundam-gundam-the-origin-ver,https://gunplahangar.com/img/kits/mg-rx-78-02-gundam-gundam-the-origin-ver/box-art-800.jpg,exact,8728aabf8caefc7dec66139dbbdd860252cfc39225c29cd8c61b74ee799b0661,800,1006,
MG 1/100 WING GUNDAM PROTO-ZERO EW,downloaded,MG 1_100 WING GUNDAM PROTO-ZERO EW__6aef942529.jpg,gunpla_gallery,XXXG-00W0 Wing Gundam Proto Zero EW,https://gunplagallery.com/kits/1333-mg-xxxg-00w0-wing-gundam-proto-zero-ew,https://s3.amazonaws.com/gunplagallery/catalog/1333_original_Master_Grade_Wing_Proto_Zero_Boxart.jpg,source_model_code_release_month,ac698839e0115aa040809cd543396cd0ead9d0696e5eee654d5ec93c8fa88699,800,636,
RG 1/144 BLAST IMPULSE GUNDAM Spec II,downloaded,RG 1_144 BLAST IMPULSE GUNDAM Spec II__d5048d0fdd.webp,gunpla_wiki,RG ZGMF-56E2/γ Blast Impulse Gundam Spec II,https://gunpla.fandom.com/wiki/RG_ZGMF-56E2/%CE%B3_Blast_Impulse_Gundam_Spec_II,https://static.wikia.nocookie.net/gunplabuilders/images/8/83/RG-Blast-Impulse-Gundam-Spec-II-box.jpg/revision/latest?cb=20250216115830,source_model_code_cross_source,a81a0feb6dcd39c0396dca89320c8302e924b7cee2266ccd69717ba794e4f878,1439,929,
RG 1/144 UNICORN GUNDAM 03 PHENEX (NARRATIVE Ver.),downloaded,RG 1_144 UNICORN GUNDAM 03 PHENEX (NARRATIVE Ver.)__a18ae7f1c5.webp,gunpla_wiki,RG RX-0 Unicorn Gundam 03 Phenex (Narrative Ver.),https://gunpla.fandom.com/wiki/RG_RX-0_Unicorn_Gundam_03_Phenex_%28Narrative_Ver.%29,https://static.wikia.nocookie.net/gunplabuilders/images/d/d4/RG-Unicorn-Gundam-03-Phenex-%28Narrative%29-box.jpg/revision/latest?cb=20200304131104,source_model_code_wiki_release,18ceeb9dcd15e54a71f4db2f7bf5f01d2f90214fd967041df8fc1ff50d2b9d0a,800,517,
RG 1/144 CROSSBONE GUNDAM X2,downloaded,RG 1_144 CROSSBONE GUNDAM X2__62deaaeb56.webp,gunpla_wiki,RG XM-X2 Crossbone Gundam X-2,https://gunpla.fandom.com/wiki/RG_XM-X2_Crossbone_Gundam_X-2,https://static.wikia.nocookie.net/gunplabuilders/images/c/c3/RG_Crossbone_Gundam_X-2_box.jpg/revision/latest?cb=20201005231955,source_model_code_wiki_release,56e4cdd2a0c18f6dd4cc966de93731d0abd9bbdd9120a6912c0930525694f58b,800,499,
RG 1/144 TALLGEESE III,not_found,,,,,,,,,,bandai_manual: TALLGEESE III | dalong: Tallgeese III | gunpla_hobby: TALLGEESE III
RG 1/144 SAZABI [CLEAR COLOR],not_found,,,,,,,,,,bandai_manual: MSN-04FF SAZABI[CLEAR COLOR] | bandai_manual: SAZABI | dalong: Sazabi
RG 1/144 FULL ARMOR UNICORN GUNDAM,downloaded,RG 1_144 FULL ARMOR UNICORN GUNDAM__ff34659eee.jpg,dalong,Full Armor Unicorn Gundam,https://www.dalong.net/reviews/rg/rg30/rg30_p_e.htm,https://www.dalong.net/reviews/rg/rg30/p/rg30.jpg,exact,d2f93acdb5d0066669477da1fdd2935f8ea37b17e6892aaed2f1e58a7277665f,1200,948,
RG 1/144 SAZABI,downloaded,RG 1_144 SAZABI__08888be694.jpg,dalong,Sazabi,https://www.dalong.net/reviews/rg/rg29/rg29_p_e.htm,https://www.dalong.net/reviews/rg/rg29/p/rg29.jpg,exact,bc84e123779ad250e2f676b3fbc877ffad2f89b06cdd9c3c61407685ad320b26,1200,948,
RG 1/144 UNICORN GUNDAM 02 BANSHEE NORN,downloaded,RG 1_144 UNICORN GUNDAM 02 BANSHEE NORN__a60e2b6804.jpg,dalong,Unicorn Gundam 02 Banshee Norn,https://www.dalong.net/reviews/rg/rg27/rg27_p_e.htm,https://www.dalong.net/reviews/rg/rg27/p/rg27.jpg,exact,116efd68db82ecd19c43f2e8502e9abbd2fbf9f213131ae949f17dffc9159ee0,300,183,
RG 1/144 THE GUNDAM BASE LIMITED WING GUNDAM ZERO EW [CLEAR COLOR],downloaded,RG 1_144 THE GUNDAM BASE LIMITED WING GUNDAM ZERO EW [CLEAR COLOR]__752a78b38f.jpg,gunpla_hobby,THE GUNDAM BASE LIMITED WING GUNDAM ZERO EW [CLEAR COLOR],https://gunpla-hobby.com/gunpla/rg-1-144-rg-1-144-ew-effe4a,https://tshop.r10s.jp/mediaworldkaitoriworld/cabinet/6313/8/cg63138282.jpg,official_title_release_month,0904d1c70253939694ba462d1751ad5141ddcd9751249beaf0c05b70f28f5aab,600,600,
RG 1/144 THE GUNDAM BASE LIMITED SINANJU [METALLIC GLOSS INJECTION],downloaded,RG 1_144 THE GUNDAM BASE LIMITED SINANJU [METALLIC GLOSS INJECTION]__eab77b4eca.webp,gunpla_wiki,RG MSN-06S Sinanju (Metallic Gloss Injection),https://gunpla.fandom.com/wiki/RG_MSN-06S_Sinanju_%28Metallic_Gloss_Injection%29,https://static.wikia.nocookie.net/gunplabuilders/images/3/3c/RG-Sinanju-Gloss-Injection-box.jpg/revision/latest?cb=20190928074218,gundam_base_wiki_verified,3ca7a992f6aee40686b895b9a0abe584e4e22826ae6375fab3b5149466af8cf8,1016,656,
RG 1/144 BUILD STRIKE GUNDAM FULL PACKAGE,downloaded,RG 1_144 BUILD STRIKE GUNDAM FULL PACKAGE__93653ef6c9.jpg,dalong,Build Strike Gundam Full Package,https://www.dalong.net/reviews/rg/rg23/rg23_p_e.htm,https://www.dalong.net/reviews/rg/rg23/p/rg23.jpg,exact,c0d243f14c27297b62f76b06f2a91a2ea2f55a785656db925822dfe0bc959340,300,183,
RG 1/144 00 QAN[T],downloaded,RG 1_144 00 QAN[T]__6cbe367147.jpg,dalong,OO Qan[T],https://www.dalong.net/reviews/rg/rg21/rg21_p_e.htm,https://www.dalong.net/reviews/rg/rg21/p/rg21.jpg,exact,2b00f95b40c11aa47c3b6c3251616018e223bf2c81f9ba099c08f37102b988e4,300,184,
RG 1/144 MBF-P02 GUNDAM ASTRAY RED FRAME,downloaded,RG 1_144 MBF-P02 GUNDAM ASTRAY RED FRAME__1200552695.jpg,gunpla_gallery,MBF-P02 Gundam Astray Red Frame,https://gunplagallery.com/kits/1901-rg-mbf-p02-gundam-astray-red-frame,https://s3.amazonaws.com/gunplagallery/catalog/1901_original_RG_Gundam_Astray_Red_Frame.jpg,exact,9eb3a879b0ce76c1ff04e167f148f59cdcbc2a947f41e5a9bdf17f29231fee79,1220,748,
RG 1/144 00 RAISER,downloaded,RG 1_144 00 RAISER__118af7aa86.jpg,dalong,OO Raiser,https://www.dalong.net/reviews/rg/rg18/rg18_p_e.htm,https://www.dalong.net/reviews/rg/rg18/p/rg18.jpg,exact,ec884a79a20b249fc09443e515117f57203d28a71d75be7cd7f0701ec95a7bb6,300,181,
RG 1/144 GUNDAM ASTRAEA TYPE-F,downloaded,RG 1_144 GUNDAM ASTRAEA TYPE-F__e549232ba7.webp,gunpla_wiki,RG GNY-001F Gundam Astraea Type F,https://gunpla.fandom.com/wiki/RG_GNY-001F_Gundam_Astraea_Type_F,https://static.wikia.nocookie.net/gunplabuilders/images/e/e1/RG-Gundam-Astraea-Type-F-box.jpg/revision/latest?cb=20190321153442,source_model_code_cross_source,e5c8d7c8a60f88341921364da5655be23eb89b1448ed131ecbf7ec67409b319a,384,233,
RG 1/144 MSM-07S CHAR'S Z'GOK,not_found,,,,,,,,,,gunpla_gallery: MSM-07S Z'Gok (Char Aznable's Use) | dalong: Char's Z'gok | gunpla_hangar: MSM-07S Z'Gok Commander Type
RG 1/144 RX-78 GP01-Fb,downloaded,RG 1_144 RX-78 GP01-Fb__fc9530036e.jpg,gunpla_hobby,RX-78 GP01-Fb,https://gunpla-hobby.com/gunpla/rg-1-144-rg-1-144-rx-78gp01fb-e61332,https://thumbnail.image.rakuten.co.jp/@0_mall/hugallhobby/cabinet/13706988/imgrc0121752949.jpg,official_title_release_month,67db16702d12a90b05c9cc7b7c25debe03262192c997e6155d9075a8eea989f0,1000,1160,
RG 1/144 DESTINY GUNDAM,downloaded,RG 1_144 DESTINY GUNDAM__8d34d47d51.jpg,dalong,Destiny Gundam,https://www.dalong.net/reviews/rg/rg11/rg11_p_e.htm,https://www.dalong.net/reviews/rg/rg11/p/rg11.jpg,exact,5101053fbbd36c4e8740ba9805f234f376dae58b65c72933f5f1748051802110,300,184,
RG 1/144 RX-178 GUNDAM Mk-II (A.E.U.G.),downloaded,RG 1_144 RX-178 GUNDAM Mk-II (A.E.U.G.)__68447f1420.webp,gunpla_wiki,RG RX-178 Gundam Mk-II (AEUG),https://gunpla.fandom.com/wiki/RG_RX-178_Gundam_Mk-II_%28AEUG%29,https://static.wikia.nocookie.net/gunplabuilders/images/c/c1/RG_Gundam_MK-II_%28AEUG%29_boxart.jpg/revision/latest?cb=20170623083723,exact,abb0d02273538026dd809b64e2ea0ed36e0fb1f9b634e9d1d8d1a9da7c33ab03,1500,920,
RG 1/144 RX-178 GUNDAM Mk-II (TITANS),downloaded,RG 1_144 RX-178 GUNDAM Mk-II (TITANS)__d25b4fc79f.webp,gunpla_wiki,RG RX-178 Gundam Mk-II (Titans),https://gunpla.fandom.com/wiki/RG_RX-178_Gundam_Mk-II_%28Titans%29,https://static.wikia.nocookie.net/gunplabuilders/images/4/4b/RG_Gundam_MK-II_%28Titans%29_boxart.jpg/revision/latest?cb=20170623081927,exact,a51a66c0f86f36fd29826e0e860d40a640377edc9fe05d369245bc385362ce96,1500,923,
RG 1/144 FREEDOM GUNDAM,downloaded,RG 1_144 FREEDOM GUNDAM__9b70cd47b3.jpg,dalong,Freedom Gundam,https://www.dalong.net/reviews/rg/rg05/rg05_p_e.htm,https://www.dalong.net/reviews/rg/rg05/p/rg05.jpg,exact,19c74b6b080b12772ba4a39a6c4080b8e8642e50d0d406e84a6bee6397a07f2c,300,183,
RG 1/144 MS-06F ZAKU II,downloaded,RG 1_144 MS-06F ZAKU II__54acc8b4cb.jpg,gunpla_gallery,MS-06F Zaku II,https://gunplagallery.com/kits/1886-rg-ms-06f-zaku-ii,https://s3.amazonaws.com/gunplagallery/catalog/1886_original_Rg-1-144-ms-06f.jpg,exact,5e05fda7cc7b48acffecaaf028f94bde0f37b12ce6a721c7eb2a52a9e7e4163b,1069,650,
RG 1/144 AILE STRIKE GUNDAM,downloaded,RG 1_144 AILE STRIKE GUNDAM__31fb0405d7.jpg,dalong,Aile Strike Gundam,https://www.dalong.net/reviews/rg/rg03/rg03_p_e.htm,https://www.dalong.net/reviews/rg/rg03/p/rg03.jpg,exact,4e6f79f7df5077ef66ef3e7e3627f03f6b804368585414c55ae125d3636f61ed,300,181,
RG 1/144 MS-06S CHAR'S ZAKU II,not_found,,,,,,,,,,gunpla_gallery: MS-06S Zaku II (Char Aznable's Custom) | gunpla_hangar: MS-06S Zaku II | gunpla_wiki: RG MS-06S Zaku II
RG 1/144 RX-78-2 GUNDAM,downloaded,RG 1_144 RX-78-2 GUNDAM__d16d99e01a.jpg,gunpla_gallery,RX-78-2 Gundam,https://gunplagallery.com/kits/2231-rg-rx-78-2-gundam,https://s3.amazonaws.com/gunplagallery/catalog/2231_original_SDCS-Gundam.jpg,exact,f021487ad355a004815e723c177e4ea2737fccd9d44f8240c5761a2d91d4740c,1200,910,
PG 1/60 MS-06F ZAKU II + WEAPONS ANIMATION COLOR VERSION,not_found,,,,,,,,,,gunpla_gallery: MS-06F Zaku II | dalong: MS-06 Zaku II Custom Set #1 : Clear Body & Weapons | dalong: MS-06 Zaku II Custom Set #2 : Clear Body & Weapons
PG 1/60 RX-78-2 GUNDAM (KUNIO OKAWARA ILLUSTRATION IMAGE COLOR VERSION),not_found,,,,,,,,,,gunpla_hangar: RX-78-2 Gundam (Kunio Okawara Illustration Image Color) | gunpla_wiki: PG RX-78-2 Gundam (Kunio Okawara Illustration Image Color) | bandai_manual: RX-78-2 GUNDAM
PG 1/60 RX-78-2 GUNDAM + WEAPONS ANIMATION COLOR VERSION,not_found,,,,,,,,,,gunpla_wiki: PG RX-78-2 Gundam + Weapons (Animation Color Ver.) | bandai_manual: RX-78-2 GUNDAM | gunpla_gallery: RX-78-2 Gundam
PG 1/60 MS-06S CHAR'S ZAKU II FULL COLOR COATING VERSION,not_found,,,,,,,,,,gunpla_gallery: MS-06S Char's Zaku II | dalong: Char's Zaku II | gunpla_gallery: MS-06F Zaku II
PG 1/60 AILE STRIKE GUNDAM + SKYGRASPER (CLEAR PEARL SHIFT VERSION),not_found,,,,,,,,,,bandai_manual: STRIKE GUNDAM | dalong: Strike Gundam | gunpla_hobby: STRIKE GUNDAM
PG 1/60 RX-178 GUNDAM Mk-II MULTI COATING VERSION,not_found,,,,,,,,,,gunpla_gallery: RX-178 Gundam Mk-II (Titans colors) | gunpla_gallery: RX-178 Gundam Mk-II (AEUG colors) | bandai_manual: RX-178 GUNDAM MK-IITITANS (BLACK)
PG 1/60 SKYGRASPER + AILE STRIKER,not_found,,,,,,,,,,dalong: Skygrasper | gunpla_gallery: FX-550 Skygrasper + AQM/E-X01 Aile Striker | dalong: Strike Rouge + Skygrasper
PG 1/60 GUNDAM GP01/Fb,not_found,,,,,,,,,,dalong: Gundam GP01/FB Zephyranthes | bandai_manual: GP01 RX-78 GUNDAM GP01/FB | gunpla_hobby: GP01 RX-78 GUNDAM GP01/FB
PG 1/60 RX-178 GUNDAM Mk-II (TITANS),downloaded,PG 1_60 RX-178 GUNDAM Mk-II (TITANS)__c7db2cd74f.jpg,gunpla_gallery,RX-178 Gundam Mk-II (Titans colors),https://gunplagallery.com/kits/1826-pg-rx-178-gundam-mk-ii-titans-colors-,https://s3.amazonaws.com/gunplagallery/catalog/1826_original_Pg-rx-178-gundam-Mk-ii-box.jpg,gallery_title_release_month,69e4c73cd72855607d4bbb01bb1e5e161941d877cc674b2b3a0feda02cfe7c5d,1200,711,
PG 1/60 RX-178 GUNDAM Mk-II (A.E.U.G.),not_found,,,,,,,,,,bandai_manual: RX-178 GUNDAM MK-IIA.E.U.G (WHITE) | gunpla_gallery: RX-178 Gundam Mk-II (AEUG colors) | gunpla_gallery: RX-178 Gundam Mk-II (Titans colors)
PG 1/60 WING GUNDAM ZERO CUSTOM,downloaded,PG 1_60 WING GUNDAM ZERO CUSTOM__375e0a22a7.jpg,gunpla_hangar,XXXG-00W0 Wing Gundam Zero Custom,https://gunplahangar.com/kits/pg-xxxg-00w0-wing-gundam-zero-custom,https://gunplahangar.com/img/kits/pg-xxxg-00w0-wing-gundam-zero-custom/box-art-800.jpg,source_model_code_hangar_exact,b4149d43abf115add8e9e199351191d19a75c25a93d849fe00a49d9ccfbf6db8,800,437,
PG 1/60 MSZ-006 ZETA GUNDAM,downloaded,PG 1_60 MSZ-006 ZETA GUNDAM__fdab095fd1.jpg,gunpla_gallery,MSZ-006 Zeta Gundam,https://gunplagallery.com/kits/1823-pg-msz-006-zeta-gundam,https://s3.amazonaws.com/gunplagallery/catalog/1823_original_Pg-zeta-gundam-pa.jpg,exact,3bc2f7299211efbb1edeb6c338f4040a44dbe693573b12c9882872357b91ee4a,640,402,
PG 1/60 MS-06S CHAR'S ZAKU II,downloaded,PG 1_60 MS-06S CHAR'S ZAKU II__bb1b9077f4.jpg,gunpla_gallery,MS-06S Char's Zaku II,https://gunplagallery.com/kits/1822-pg-ms-06s-char-s-zaku-ii,https://s3.amazonaws.com/gunplagallery/catalog/1822_original_PG_ZAKU_II_CHARS.jpg,exact,d363a351a676c58cb95f387531f258e334aa6d00731671f6f439b792c2230016,374,200,
PG 1/60 MS-06F ZAKU II,downloaded,PG 1_60 MS-06F ZAKU II__db0ab36d75.jpg,gunpla_gallery,MS-06F Zaku II,https://gunplagallery.com/kits/1821-pg-ms-06f-zaku-ii,https://s3.amazonaws.com/gunplagallery/catalog/1821_original_Pg002-Zaku-II-MS06F.jpg,exact,c6495f184b55755e1d226fc6b1179dbb8f61c784f70480e8eb6984b07f542594,400,215,
PG 1/60 RX-78-2 GUNDAM,downloaded,PG 1_60 RX-78-2 GUNDAM__adfd577f1a.webp,gunpla_wiki,PG RX-78-2 Gundam,https://gunpla.fandom.com/wiki/PG_RX-78-2_Gundam,https://static.wikia.nocookie.net/gunplabuilders/images/1/1d/PG-RX-78-2-packaging.jpg/revision/latest?cb=20240201120114,exact,355cf7c6295f22db1ec5d4c05530903efe8cc5144959484fa2007e06691cf2d2,1200,646,
HG 1/144 01 GUNDAM,downloaded,HG 1_144 01 GUNDAM__b1c0baef84.jpg,gunpla_hangar,RX-78-01 01 Gundam,https://gunplahangar.com/kits/hggq-rx-78-01-01-gundam,https://gunplahangar.com/img/kits/hggq-rx-78-01-01-gundam/box-art-800.jpg,source_model_code_hangar_exact,39d944f5b3e81b70a21e33ed03d7dca95d848123763b7cdc1cdf622d841e3cf3,800,515,
MG 1/100 00 GUNDAM SEVEN SWORD/G (TRANS-AM MODE) [SPECIAL COATING],not_found,,,,,,,,,,bandai_manual: 00 GUNDAM SEVEN SWORD/G (TRANS-AM MODE) [SPECIAL COATING] | dalong: 00 Gundam Seven Sword/G (Trans-Am Mode) [Special Coating] | gunpla_hobby: 00 GUNDAM SEVEN SWORD/G (TRANS-AM MODE) [SPECIAL COATING]
RG 1/144 00 GUNDAM SEVEN SWORD/G INSPECTION,downloaded,RG 1_144 00 GUNDAM SEVEN SWORD_G INSPECTION__d599488707.webp,gunpla_wiki,RG GN-0000GNHW/7SGD2 00 Gundam Seven Sword/G Inspection,https://gunpla.fandom.com/wiki/RG_GN-0000GNHW/7SGD2_00_Gundam_Seven_Sword/G_Inspection,https://static.wikia.nocookie.net/gunplabuilders/images/7/79/RG-00-Gundam-Seven-Sword-G-Inspection-box.jpg/revision/latest?cb=20201119075516,source_model_code_wiki_release,1c96cda545d245ed5cb455ef1a649fec7fd3ba0b51cf82eee20ffe7e6a9c61c4,1500,968,
PG 1/60 00GUNDAM SEVEN SWORD/G INSPECTION,not_found,,,,,,,,,,bandai_manual: 00GUNDAM SEVEN SWORD/G INSPECTION | dalong: 00 Gundam Seven Sword/G Inspection | bandai_manual: 00 GUNDAM SEVEN SWORD/G
HG 1/144 1.5 GUNDAM,downloaded,HG 1_144 1.5 GUNDAM__59e1e32f99.jpg,dalong,1.5 Gundam,https://www.dalong.net/reviews/00/0h63/0h63_p_e.htm,https://www.dalong.net/reviews/00/0h63/p/0h63.jpg,exact,5660f11c4feb025f1810f7ec55ebcb33c52a2a65265af2e25a4bd2a8e6817057,290,174,
MG 1/100 00 GUNDAM SEVEN SWORD/G INSPECTION,not_found,,,,,,,,,,bandai_manual: 00 GUNDAM SEVEN SWORD/G INSPECTION | dalong: 00 Gundam Seven Sword/G Inspection | gunpla_hobby: 00 GUNDAM SEVEN SWORD/G INSPECTION
RG 1/144 CASVAL’S GUNDAM,downloaded,RG 1_144 CASVAL’S GUNDAM__86e868f6c0.webp,gunpla_wiki,RG RX-78/C.A. Casval's Gundam,https://gunpla.fandom.com/wiki/RG_RX-78/C.A._Casval%27s_Gundam,https://static.wikia.nocookie.net/gunplabuilders/images/4/47/RG-Casval%27s-Gundam-boxart.jpg/revision/latest?cb=20220422133759,source_model_code_cross_source,a7c03a5796fac5df25c621c5150b3e678a91093b30262067dda56c4aaadfd62a,3664,2222,
HG 1/144 598'S MONKEY RODI / MONKEY CRAB RODI,downloaded,HG 1_144 598'S MONKEY RODI _ MONKEY CRAB RODI__df564952c9.jpg,dalong,598's Monkey Rodi / Monkey Crab Rodi,https://www.dalong.net/reviews/ib/ibh46/ibh46_p_e.htm,https://www.dalong.net/reviews/ib/ibh46/p/ibh46.jpg,exact,75f9f74a93789095bd5c9b6f7504dcc74c2a4aa6fd07a95dfb4720a9d8cd37be,1500,942,
MG 1/100 ACGUY,downloaded,MG 1_100 ACGUY__6ba1a8620e.jpg,bandai_manual,ACGUY,https://manual.bandai-hobby.net/menus/detail/535,https://bandai-hobby.net/images/157_570_s_li8j249xup048b8f4yv6j51vljjg.jpg,official_exact,c48ae8e2b7cf63463c289c258637db92b5eeb78d22c369bb6381df78daca4bdb,1200,1200,
RG 1/144 CROSSBONE GUNDAM X1,downloaded,RG 1_144 CROSSBONE GUNDAM X1__3b0c8cbd2e.jpg,dalong,Crossbone Gundam X1,https://www.dalong.net/reviews/rg/rg31/rg31_p_e.htm,https://www.dalong.net/reviews/rg/rg31/p/rg31.jpg,exact,46265546a83987f2007f1bbf01054b977a4397408b9d3a088d484ef2f6146989,1188,714,
HG 1/144 ACCELERATE GN-X,downloaded,HG 1_144 ACCELERATE GN-X__991275cc5f.jpg,gunpla_hangar,GNX-803ACC Accelerate GN-X,https://gunplahangar.com/kits/hgbf-gnx-803acc-accelerate-gn-x,https://gunplahangar.com/img/kits/hgbf-gnx-803acc-accelerate-gn-x/box-art-800.jpg,source_model_code_hangar_exact,33e45f7aec8483eb74c0c5789864c2d1cebefe0b94d3072e27a4397c4772c884,600,371,
MG 1/100 ADVANCED GN-X,downloaded,MG 1_100 ADVANCED GN-X__031775b525.webp,gunpla_wiki,MG GNX-604T Advanced GN-X,https://gunpla.fandom.com/wiki/MG_GNX-604T_Advanced_GN-X,https://static.wikia.nocookie.net/gunplabuilders/images/3/3a/MG-Advanced-GN-X-box.jpg/revision/latest?cb=20250522102017,source_model_code_wiki_release,dd7a91549539dea1d965ee1ab7e1170c39d82a9e8183a2bda4dabe661ffba83e,600,480,
RG 1/144 FORCE IMPULSE GUNDAM,downloaded,RG 1_144 FORCE IMPULSE GUNDAM__2b3a2a6cc9.jpg,dalong,Force Impulse Gundam,https://www.dalong.net/reviews/rg/rg33/rg33_p_e.htm,https://www.dalong.net/reviews/rg/rg33/p/rg33.jpg,exact,4725a481b9efcaa6d45216e7df13dee05ea551823b2f44de05131fee5b8ecdd5,1200,732,
HG 1/144 ACGUY,downloaded,HG 1_144 ACGUY__acdaea9d09.jpg,dalong,Acguy,https://www.dalong.net/reviews/hg/h78/h78_p_e.htm,https://www.dalong.net/reviews/hg/h78/p/h78.jpg,exact,1f21b9136cb281df6f4551c7d9d90829d4e44c0d9a2254a94d4f5e3284fb2dd7,288,178,
MG 1/100 AEGIS GUNDAM,downloaded,MG 1_100 AEGIS GUNDAM__80fb0770fc.jpg,dalong,Aegis Gundam,https://www.dalong.net/reviews/mg/m160/m160_p_e.htm,https://www.dalong.net/reviews/mg/m160/p/m160.jpg,exact,a92acfb5d7e50314498a5492b5b9b66df56a269044c25c031633fc90f7648d34,300,239,
RG 1/144 FORCE IMPULSE GUNDAM DEACTIVE MODE,downloaded,RG 1_144 FORCE IMPULSE GUNDAM DEACTIVE MODE__96cc4eef7c.webp,gunpla_wiki,RG ZGMF-X56S/α Force Impulse Gundam (Deactive Mode),https://gunpla.fandom.com/wiki/RG_ZGMF-X56S/%CE%B1_Force_Impulse_Gundam_%28Deactive_Mode%29,https://static.wikia.nocookie.net/gunplabuilders/images/9/93/RG-Force-Impulse-Gundam-Deactive-Mode-box.jpg/revision/latest?cb=20260722162417,source_model_code_cross_source,0767816c06f2a0a5cbbedee19c22eaa52c673476ca21fda8560f942cb1a736dd,665,408,
HG 1/144 ACT ZAKU (KYCILIA’S FORCES),downloaded,HG 1_144 ACT ZAKU (KYCILIA’S FORCES)__156942f091.jpg,gunpla_gallery,YMS-11 Act Zaku (Kycilia's Forces),https://gunplagallery.com/kits/460-hg-yms-11-act-zaku-kycilia-s-forces-,https://s3.amazonaws.com/gunplagallery/catalog/460_original_HG_Act_Zaku_Kycilia_Forces.jpg,source_model_code_cross_source,71473a6685296fc912560324ad7bfc6c1ae57a7fa1195540122013fefea51645,1200,757,
MG 1/100 AILE CALAMITY GUNDAM (FULL MECHANICS),not_found,,,,,,,,,,bandai_manual: AILE CALAMITY GUNDAM (FULL MECHANICS) | bandai_manual: CALAMITY GUNDAM (FULL MECHANICS) | dalong: Aile Calamity Gundam
RG 1/144 FREEDOM GUNDAM -APEX LEGENDSTM Crypto Ver.-,not_found,,,,,,,,,,bandai_manual: FREEDOM GUNDAM -APEX LEGENDSTM Crypto Ver.- | bandai_manual: GUNDAM EPYON -APEX LEGENDSTM Alter Ver.- | bandai_manual: FREEDOM GUNDAM
HG 1/144 ADELE,downloaded,HG 1_144 ADELE__dc31bb8e54.jpg,gunpla_hangar,RGE-G1100 Adele,https://gunplahangar.com/kits/hgage-rge-g1100-adele,https://gunplahangar.com/img/kits/hgage-rge-g1100-adele/box-art-800.jpg,source_model_code_hangar_exact,a7186065426d37eda8bb4e26ac52b61f28e9337b11a1f1624918ceb1a38fb01e,800,504,
MG 1/100 AILE STRIKE GUNDAM,downloaded,MG 1_100 AILE STRIKE GUNDAM__3ca34f2f63.webp,gunpla_wiki,MG GAT-X105+AQM/E-X01 Aile Strike Gundam,https://gunpla.fandom.com/wiki/MG_GAT-X105%2BAQM/E-X01_Aile_Strike_Gundam,https://static.wikia.nocookie.net/gunplabuilders/images/8/8a/MG-Aile-Strike-Gundam-box.jpg/revision/latest?cb=20190521070853,source_model_code_cross_source,964137ac18c17d70513bd9bf10d9719d6fb431afc85ab3a470f1f67d7d9a9585,640,815,
RG 1/144 FX550 SKY GRASPER LAUNCHER / SWORD PACK,downloaded,RG 1_144 FX550 SKY GRASPER LAUNCHER _ SWORD PACK__b920ed6b74.webp,gunpla_wiki,RG FX-550 Skygrasper Launcher/Sword Pack,https://gunpla.fandom.com/wiki/RG_FX-550_Skygrasper_Launcher/Sword_Pack,https://static.wikia.nocookie.net/gunplabuilders/images/6/65/RG_Skygrasper_boxart.jpg/revision/latest?cb=20170623080211,exact,41583655c4a8bd12a64dfb0b865e65496109bb2f529bf1b4a31656d94e77e031,1500,919,
HG 1/144 ADELE (DIVA COLOR),downloaded,HG 1_144 ADELE (DIVA COLOR)__984b15236e.jpg,dalong,Adele : Diva Color,https://www.dalong.net/reviews/age/agh19/agh19_p_e.htm,https://www.dalong.net/reviews/age/agh19/p/agh19.jpg,exact,6bcbdb88eb63a54eeda04be5b30daeaf2264dec47c23b066377441d9eeb135b4,300,187,
MG 1/100 AILE STRIKE GUNDAM Ver. RM,downloaded,MG 1_100 AILE STRIKE GUNDAM Ver. RM__babc94282c.jpg,dalong,Aile Strike Gundam Ver. RM,https://www.dalong.net/reviews/mg/m169/m169_p_e.htm,https://www.dalong.net/reviews/mg/m169/p/m169.jpg,exact,c5f92ed888c9357d0ddd05b8818e689388f0ee8581ccb3d43c102c94c0143136,300,237,
RG 1/144 G-3 GUNDAM Ver.2.0,not_found,,,,,,,,,,bandai_manual: G-3 GUNDAM Ver.2.0 | gunpla_hobby: G-3 GUNDAM Ver.2.0 | dalong: G3 Gundam Ver.2.0
HG 1/144 ADVANCED GN-X,downloaded,HG 1_144 ADVANCED GN-X__72f22a862d.jpg,gunpla_hangar,GNX-604T Advanced GN-X,https://gunplahangar.com/kits/hg00-gnx-604t-advanced-gn-x,https://gunplahangar.com/img/kits/hg00-gnx-604t-advanced-gn-x/box-art-800.jpg,source_model_code_hangar_exact,e4163b29d0cb17cc7e207d4f39b7146605cd9846868be43d1f9a281ba084c056,779,501,
MG 1/100 ALTRON GUNDAM EW,downloaded,MG 1_100 ALTRON GUNDAM EW__ed3a159e6e.jpg,gunpla_hobby,ALTRON GUNDAM EW,https://gunpla-hobby.com/gunpla/mg-1-100-1-100-ceaa72,https://tshop.r10s.jp/rmcbigban/cabinet/item20260210/1013103713448-1.jpg,official_title_release_month,055d25684c1f83fdba566ec48c1400ab19d9682fcd4cd18162c0abb3ba7df63f,1600,1600,
RG 1/144 GAT-X105 STRIKE GUNDAM,downloaded,RG 1_144 GAT-X105 STRIKE GUNDAM__33fa796100.webp,gunpla_wiki,RG GAT-X105 Strike Gundam,https://gunpla.fandom.com/wiki/RG_GAT-X105_Strike_Gundam,https://static.wikia.nocookie.net/gunplabuilders/images/0/07/RG-Strike-Gundam-box.jpg/revision/latest?cb=20190404130617,exact,36189d011525f5b7e8ee0fefcd787f8a3cbb80c034164703e412599bf33c9224,1483,933,
HG 1/144 AEU ENACT Demonstration Color,downloaded,HG 1_144 AEU ENACT Demonstration Color__ad6c36c990.jpg,dalong,AEU Enact Demonstration Color,https://www.dalong.net/reviews/00/0h19/0h19_p_e.htm,https://www.dalong.net/reviews/00/0h19/p/0h19.jpg,exact,468c9afa1ef0a65b7f5e1ccce4eb51c79255636033bf47e8c53c3bec077a3ca4,292,179,
MG 1/100 AMX-004 QUBELEY,downloaded,MG 1_100 AMX-004 QUBELEY__51548ef2c0.jpg,gunpla_gallery,AMX-004 Qubeley,https://gunplagallery.com/kits/1200-mg-amx-004-qubeley,https://s3.amazonaws.com/gunplagallery/catalog/1200_original_Mg-amx-004.jpg,exact,7127cf348680642762deae938d156a2ab29056c1b01ac0896d527fd9698c61d6,1024,1308,
RG 1/144 GAT-X105 STRIKE GUNDAM DEACTIVE MODE,downloaded,RG 1_144 GAT-X105 STRIKE GUNDAM DEACTIVE MODE__7193cfb0b2.webp,gunpla_wiki,RG GAT-X105 Strike Gundam (Deactive Mode),https://gunpla.fandom.com/wiki/RG_GAT-X105_Strike_Gundam_%28Deactive_Mode%29,https://static.wikia.nocookie.net/gunplabuilders/images/d/d2/RG_Strike_Deactive_boxart.jpg/revision/latest?cb=20191119134616,exact,d131c08741761d0b3e77ae119d84c2ec694f9e1d06da77c138e83cc950a7a8a9,953,605,
HG 1/144 AHEAD,downloaded,HG 1_144 AHEAD__760058ca42.jpg,dalong,Ahead,https://www.dalong.net/reviews/00/0h25/0h25_p_e.htm,https://www.dalong.net/reviews/00/0h25/p/0h25.jpg,exact,79a5af54cfb55d3aa5c86d62fc8614157b9ee2c56be7cb746cc1bc3e9d97b3d9,292,183,
MG 1/100 ASTRAY RED FRAME REVISE,downloaded,MG 1_100 ASTRAY RED FRAME REVISE__c336d6e1e6.jpg,gunpla_hobby,ASTRAY RED FRAME REVISE,https://gunpla-hobby.com/gunpla/mg-1-100-mg-1-100-70fa19,https://thumbnail.image.rakuten.co.jp/@0_mall/mediaworldkaitoriworld/cabinet/6317/6/cg63176887.jpg,official_title_release_month,75a8cc928adc1d1daa26447d930f3253d944e06df3ad72f27e05dd074921da6a,1600,1600,
RG 1/144 GUNDAM ASTRAY BLUE FRAME,downloaded,RG 1_144 GUNDAM ASTRAY BLUE FRAME__13031a356d.webp,gunpla_wiki,RG MBF-P03 Gundam Astray Blue Frame,https://gunpla.fandom.com/wiki/RG_MBF-P03_Gundam_Astray_Blue_Frame,https://static.wikia.nocookie.net/gunplabuilders/images/5/5d/RG-Gundam-Astray-Blue-Frame-box.jpg/revision/latest?cb=20190525162916,source_model_code_wiki_release,044c08525f90e79bcd262f35a46b0e147a30128196d3755b556e3a12cbc667aa,512,320,
HG 1/144 AHEAD SMULTRON,downloaded,HG 1_144 AHEAD SMULTRON__fafa4172c1.jpg,dalong,Ahead Smultron,https://www.dalong.net/reviews/00/0h41/0h41_p_e.htm,https://www.dalong.net/reviews/00/0h41/p/0h41.jpg,exact,7f56995379222c47ba87a1bd4f15a3339eff159f0834d16c06afb53aff730bca,289,181,
MG 1/100 BALL (08 TEAM VER.),downloaded,MG 1_100 BALL (08 TEAM VER.)__d06b70c343.jpg,bandai_manual,BALL (08 TEAM VER.),https://manual.bandai-hobby.net/menus/detail/534,https://bandai-hobby.net/images/157_549_s_ln7l9csfbq26vhqfktzfvpp1ghti.jpg,official_exact,149434537e966f59c197c4d89b2dcae3d66485ffaaa26317ede6f98ce90b222d,1200,1200,
RG 1/144 GUNDAM ASTRAY GOLD FRAME,downloaded,RG 1_144 GUNDAM ASTRAY GOLD FRAME__5226c93d5e.webp,gunpla_wiki,RG MBF-P01 Gundam Astray Gold Frame,https://gunpla.fandom.com/wiki/RG_MBF-P01_Gundam_Astray_Gold_Frame,https://static.wikia.nocookie.net/gunplabuilders/images/e/e5/RG-Gundam-Astray-Gold-Frame-box.jpg/revision/latest?cb=20190526032951,source_model_code_wiki_release,ab4e32453efb89757df75da33e3afd56d1c4257797f4548c97b241d87733d00f,512,310,
HG 1/144 AILE STRIKE GUNDAM,downloaded,HG 1_144 AILE STRIKE GUNDAM__fc82209c73.jpg,gunpla_gallery,GAT-X105+AQM/E-X01 Aile Strike Gundam,https://gunplagallery.com/kits/781-hg-gat-x105-aqm-e-x01-aile-strike-gundam,https://s3.amazonaws.com/gunplagallery/catalog/781_original_Hguc_171.jpg,source_model_code_cross_source,5aab2c76583b7e60688d7d6e98884b4ea24731e3cf6eb5586d51a431cd172a2e,1023,646,
MG 1/100 BALL IGLOO VERSION,downloaded,MG 1_100 BALL IGLOO VERSION__eb2c9567dc.jpg,bandai_manual,BALL IGLOO VERSION,https://manual.bandai-hobby.net/menus/detail/541,https://bandai-hobby.net/images/157_663_s_27ebjk4oth7p0j8wz4gfxrx4q3wt.jpg,official_exact,e11d8f817fa3febd9aaa5c98c9ca7845ebf84631b86e669aae5ccb69b7ad17ec,1200,1200,
RG 1/144 GUNDAM ASTRAY GOLD FRAME AMATSU,downloaded,RG 1_144 GUNDAM ASTRAY GOLD FRAME AMATSU__724c4df953.webp,gunpla_wiki,RG MBF-P01-ReAMATU Gundam Astray Gold Frame Amatsu,https://gunpla.fandom.com/wiki/RG_MBF-P01-ReAMATU_Gundam_Astray_Gold_Frame_Amatsu,https://static.wikia.nocookie.net/gunplabuilders/images/8/81/RG-Gundam-Astray-Gold-Frame-Amatsu-box.jpg/revision/latest?cb=20200226031935,source_model_code_cross_source,1309b5d33b6c2cd53ab1b6582d749bd1c108eb2ea583664dc4fd0b188fe1b45c,512,310,
HG 1/144 al-Saache's AEU ENACT CUSTOM Moralia Development experiment type,downloaded,HG 1_144 al-Saache's AEU ENACT CUSTOM Moralia Development experiment type__3206fc9a85.jpg,bandai_manual,al-Saache's AEU ENACT CUSTOM Moralia Development experiment type,https://manual.bandai-hobby.net/menus/detail/912,https://bandai-hobby.net/images/156_1844_o_1bblt0upeklhdtam7515i51toj2i.jpg,official_exact,9a58b2b7b4875420498913ba342b439e18deeeb7380492303cd61c3b6bbc73ab,1200,1200,
MG 1/100 BALL Ver. Ka,downloaded,MG 1_100 BALL Ver. Ka__81d365feae.jpg,bandai_manual,BALL Ver. Ka,https://manual.bandai-hobby.net/menus/detail/531,https://bandai-hobby.net/images/158_508_s_jxjdug7ti6z8uyk1686fr7vj16sf.jpg,official_exact,0d9950bf86bcaa71611970221ad2b055c04930970d35558a8eeba2bdae8fc4e1,1200,1200,
RG 1/144 Gundam Astray Gold Frame Amatsu Hana,downloaded,RG 1_144 Gundam Astray Gold Frame Amatsu Hana__4060ffb547.webp,gunpla_wiki,RG MBF-P01-Re3 Gundam Astray Gold Frame Amatsu Hana,https://gunpla.fandom.com/wiki/RG_MBF-P01-Re3_Gundam_Astray_Gold_Frame_Amatsu_Hana,https://static.wikia.nocookie.net/gunplabuilders/images/4/4c/RG_Gold_Frame_Amatsu_Hana_boxart.jpg/revision/latest?cb=20191113084623,source_model_code_wiki_release,3e6f08650eb2bcac1b2d007e796cd25e4726aadff12400fd6df64e0daa664582,800,503,
HG 1/144 al-Saachez's AEU ENACT CUSTOM AGRISSA TYPE,downloaded,HG 1_144 al-Saachez's AEU ENACT CUSTOM AGRISSA TYPE__f045e5741d.jpg,dalong,al-Saachez's AEU Enact Custom Agrissa type,https://www.dalong.net/reviews/00/0h17/0h17_p_e.htm,https://www.dalong.net/reviews/00/0h17/p/0h17.jpg,exact,65935a6b66a25535f7464f67e3293c42b450717450ff6d9587fb5b6d7b11c5af,292,180,
MG 1/100 BLAST IMPULSE GUNDAM,downloaded,MG 1_100 BLAST IMPULSE GUNDAM__db71fb10a6.webp,gunpla_wiki,MG ZGMF-X56S/γ Blast Impulse Gundam,https://gunpla.fandom.com/wiki/MG_ZGMF-X56S/%CE%B3_Blast_Impulse_Gundam,https://static.wikia.nocookie.net/gunplabuilders/images/1/17/MG-Blast-Impulse-Gundam-box.jpg/revision/latest?cb=20200121125930,source_model_code_cross_source,5f2e35e5dd22f29c494c0273a78b54c1ae74c82d145256d096092732930bf3e2,800,636,
RG 1/144 GUNDAM ASTRAY GOLD FRAME AMATSU MINA,downloaded,RG 1_144 GUNDAM ASTRAY GOLD FRAME AMATSU MINA__a3fd8687f2.jpg,dalong,Gundam Astray Gold Frame Amatsu Mina,https://www.dalong.net/reviews/rg/rg24/rg24_p_e.htm,https://www.dalong.net/reviews/rg/rg24/p/rg24.jpg,exact,908185f6856e92620230484dd9677207827cbe8545df4fec04821ad0d50f290e,300,183,
HG 1/144 ALYZEUS,downloaded,HG 1_144 ALYZEUS__95ee262aec.jpg,dalong,Alyzeus,https://www.dalong.net/reviews/hg/h265/h265_p_e.htm,https://www.dalong.net/reviews/hg/h265/p/h265.jpg,exact,1ea223cd84554af36c662e3683b881aa83ae6e72e3a5d0a9cdd836afb05eb74f,1500,999,
MG 1/100 BLAZE ZAKU PHANTOM (DEARKA ELTHMAN CUSTOM),not_found,,,,,,,,,,bandai_manual: BLAZE ZAKU PHANTOM (DEARKA ELTHMAN CUSTOM) | dalong: Blaze Zaku Phantom (Dearka Elthman Custom) | gunpla_hobby: BLAZE ZAKU PHANTOM (DEARKA ELTHMAN CUSTOM)
RG 1/144 GUNDAM ASTRAY RED DRAGON,downloaded,RG 1_144 GUNDAM ASTRAY RED DRAGON__b5ed19f038.jpg,gunpla_hobby,GUNDAM ASTRAY RED DRAGON,https://gunpla-hobby.com/gunpla/rg-1-144-rg-1-144-411242,https://thumbnail.image.rakuten.co.jp/@0_mall/hsalpha/cabinet/t15/fft0007261.jpg,official_title_release_month,43e2793df54d012b8de1a1506b1909dbf8704b9073f275b017b77954afcde0b2,1500,1167,
HG 1/144 AMAZING STRIKE FREEDOM GUNDAM,downloaded,HG 1_144 AMAZING STRIKE FREEDOM GUNDAM__5c720af3cf.jpg,dalong,Amazing Strike Freedom Gundam,https://www.dalong.net/reviews/bf/bf53/bf53_p_e.htm,https://www.dalong.net/reviews/bf/bf53/p/bf53.jpg,exact,c7ef7346cfa89f2d5f9d8c7a0182630c12ec7d08cc4e71d21a252468b6d18818,300,189,
MG 1/100 BLAZE ZAKU PHANTOM / BLAZE ZAKU WARRIOR,downloaded,MG 1_100 BLAZE ZAKU PHANTOM _ BLAZE ZAKU WARRIOR__34480ece6c.webp,gunpla_wiki,MG ZGMF-1001/M Blaze ZAKU Phantom/Blaze ZAKU Warrior,https://gunpla.fandom.com/wiki/MG_ZGMF-1001/M_Blaze_ZAKU_Phantom/Blaze_ZAKU_Warrior,https://static.wikia.nocookie.net/gunplabuilders/images/d/da/MG-Blaze-ZAKU-Warrior-Phantom-Box.jpg/revision/latest?cb=20210226052921,source_model_code_cross_source,38c6b4f892642b7c10d643d62cdb6dcba647211f57aaed72c6b833b1c96a8342,780,620,
RG 1/144 GUNDAM EPYON -APEX LEGENDSTM Alter Ver.-,not_found,,,,,,,,,,bandai_manual: GUNDAM EPYON -APEX LEGENDSTM Alter Ver.- | bandai_manual: FREEDOM GUNDAM -APEX LEGENDSTM Crypto Ver.- | bandai_manual: GUNDAM EPYON
HG 1/144 AMAZING Z’GOK,downloaded,HG 1_144 AMAZING Z’GOK__66ba6b1568.jpg,gunpla_hangar,MSM-07-A Amazing Z'Gok,https://gunplahangar.com/kits/hgbf-msm-07-a-amazing-zgok,https://gunplahangar.com/img/kits/hgbf-msm-07-a-amazing-zgok/box-art-800.jpg,source_model_code_hangar_exact,cc6964b3d9e52401a9c8d9e6699eb35647a5ceade65683424fbfecfec7fc89e8,512,323,
MG 1/100 BLITZ GUNDAM,downloaded,MG 1_100 BLITZ GUNDAM__c90e9d5d22.jpg,dalong,Blitz Gundam,https://www.dalong.net/reviews/mg/m157/m157_p_e.htm,https://www.dalong.net/reviews/mg/m157/p/m157.jpg,exact,cad0273ce74498bf0d57cd5321c9df98bc2d8c1c1b8d7d0b67d2aa5b61dcffc2,300,240,
RG 1/144 GUNDAM EXIA,downloaded,RG 1_144 GUNDAM EXIA__ddb9b72613.jpg,dalong,Gundam Exia,https://www.dalong.net/reviews/rg/rg15/rg15_p_e.htm,https://www.dalong.net/reviews/rg/rg15/p/rg15.jpg,exact,5557123e77d124e483172ba98b518062ce079f14d3e8ab997361096b74065f14,300,179,
HG 1/144 AMIDA'S HYAKUREN,downloaded,HG 1_144 AMIDA'S HYAKUREN__e420f59d32.jpg,dalong,Amida's Hyakuren,https://www.dalong.net/reviews/ib/ibh10/ibh10_p_e.htm,https://www.dalong.net/reviews/ib/ibh10/p/ibh10.jpg,exact,7688280a5dc4462aeab0eb74f99b0b2943eafb15234095800474ca4b0126a994,300,189,
MG 1/100 BOOST RAIDER GUNDAM (FULL MECHANICS),not_found,,,,,,,,,,bandai_manual: BOOST RAIDER GUNDAM (FULL MECHANICS) | bandai_manual: RAIDER GUNDAM (FULL MECHANICS) | dalong: Boost Raider Gundam
RG 1/144 GUNDAM EXIA REPAIR IV,downloaded,RG 1_144 GUNDAM EXIA REPAIR IV__785a6bae88.webp,gunpla_wiki,RG GN-001REIV Gundam Exia Repair IV,https://gunpla.fandom.com/wiki/RG_GN-001REIV_Gundam_Exia_Repair_IV,https://static.wikia.nocookie.net/gunplabuilders/images/7/77/RG_EXIA_IV.jpg/revision/latest?cb=20260623104414,source_model_code_cross_source,77bd95af92ddef04678be94bf83143baeaa141cf2d3f07b014e6316695887e73,800,525,
HG 1/144 AMPHIBIA SET,downloaded,HG 1_144 AMPHIBIA SET__add9d020aa.jpg,bandai_manual,AMPHIBIA SET,https://manual.bandai-hobby.net/menus/detail/402,https://bandai-hobby.net/images/155_5539_o_1goisdh5v2j81aqb1hah16vt1s7k23.jpg,official_exact,90d312047320380f687e07f87cfa209a6a0d935192168a9432ccab448dcba326,1200,1200,
MG 1/100 BUILD GUNDAM Mk-II,downloaded,MG 1_100 BUILD GUNDAM Mk-II__6d109770a6.jpg,dalong,Build Gundam Mk-II,https://www.dalong.net/reviews/mg/m180/m180_p_e.htm,https://www.dalong.net/reviews/mg/m180/p/m180.jpg,exact,662663b3879060e9cf0002c08f5d6ef4322d0c185b58dbd08c3de62f2fa6873f,300,238,
RG 1/144 GUNDAM EXIA REPAIRII,downloaded,RG 1_144 GUNDAM EXIA REPAIRII__6f14033547.webp,gunpla_wiki,RG GN-001REII Gundam Exia Repair II,https://gunpla.fandom.com/wiki/RG_GN-001REII_Gundam_Exia_Repair_II,https://static.wikia.nocookie.net/gunplabuilders/images/f/fb/RG-Gundam-Exia-Repair-II-box.jpg/revision/latest?cb=20190322040409,source_model_code_cross_source,9dfa99f1c9b282907311f4a3156700dae04fc7f518332d83d55910dfcef422f6,512,314,
HG 1/144 AMX-011 ZAKUIII,downloaded,HG 1_144 AMX-011 ZAKUIII__20ef1570f6.jpg,gunpla_hangar,AMX-011 Zaku III,https://gunplahangar.com/kits/hguc-amx-011-zaku-iii,https://gunplahangar.com/img/kits/hguc-amx-011-zaku-iii/box-art-800.jpg,exact,5a22064505ddd3c5883a93af0a0ecf31aecccf61436d6a49be481e16fd550674,800,498,
MG 1/100 BUILD STRIKE GUNDAM FULL PACKAGE,downloaded,MG 1_100 BUILD STRIKE GUNDAM FULL PACKAGE__9ccf67d0e3.jpg,dalong,Build Strike Gundam Full Package,https://www.dalong.net/reviews/mg/m176/m176_p_e.htm,https://www.dalong.net/reviews/mg/m176/p/m176.jpg,exact,3600e939a4ed7c08306b9343e90a8f14a1ecf2e5b62291523edd1fe762baeeba,300,237,
RG 1/144 GUNDAM EXIA REPAIRIII,downloaded,RG 1_144 GUNDAM EXIA REPAIRIII__76b2f219c2.webp,gunpla_wiki,RG GN-001REIII Gundam Exia Repair III,https://gunpla.fandom.com/wiki/RG_GN-001REIII_Gundam_Exia_Repair_III,https://static.wikia.nocookie.net/gunplabuilders/images/8/8a/RG_Gundam_Exia_Repair_III_boxart.jpg/revision/latest?cb=20191115140646,source_model_code_cross_source,f22af13f3fffee0db83b4b10573569a7fa42945132b91fad1bb792a9e7599f90,800,491,
HG 1/144 AMX-107 BAWOO,downloaded,HG 1_144 AMX-107 BAWOO__67a4477b1f.jpg,gunpla_hangar,AMX-107 Bawoo,https://gunplahangar.com/kits/hguc-amx-107-bawoo,https://gunplahangar.com/img/kits/hguc-amx-107-bawoo/box-art-800.jpg,exact,a8df92f24459fa1fb37464f68e21bd942a5674cea82d669da6a20a7b2223a1aa,800,517,
MG 1/100 BUSTER GUNDAM,downloaded,MG 1_100 BUSTER GUNDAM__b48deff524.jpg,dalong,Buster Gundam,https://www.dalong.net/reviews/mg/m159/m159_p_e.htm,https://www.dalong.net/reviews/mg/m159/p/m159.jpg,exact,de07cab3c7b9f6e0ad2f13f5299ab1e5e2a9742f2732bd4aa5b3aca0c9ed752b,300,235,
RG 1/144 JUSTICE GUNDAM,downloaded,RG 1_144 JUSTICE GUNDAM__a01e61300e.jpg,dalong,Justice Gundam,https://www.dalong.net/reviews/rg/rg09/rg09_p_e.htm,https://www.dalong.net/reviews/rg/rg09/p/rg09.jpg,exact,b84ac665c496814ffa56786f89457e5ff630a2c3a6db26373a7ae766d14944f7,294,182,
HG 1/144 AMX-107 BAWOO (MASS PRODUCTION),downloaded,HG 1_144 AMX-107 BAWOO (MASS PRODUCTION)__f37e377683.jpg,gunpla_gallery,AMX-107 'Bawoo' (Mass Production),https://gunplagallery.com/kits/46499-hg-amx-107-bawoo-mass-production-,https://s3.amazonaws.com/gunplagallery/catalog/46499_original_Hguc-amx-107-mp.jpg,exact,eb155fd9c4dcf04d52e2fab3577208ea2e718c6a0add3af40c9dc5770846ee5e,1024,647,
MG 1/100 CALAMITY GUNDAM (FULL MECHANICS),downloaded,MG 1_100 CALAMITY GUNDAM (FULL MECHANICS)__cc490f4fde.jpg,bandai_manual,CALAMITY GUNDAM (FULL MECHANICS),https://manual.bandai-hobby.net/menus/detail/1095,https://bandai-hobby.net/images/196_4380_s_3il9c86m0z7g9tbgqfoiesw5e415.jpg,official_exact,a7d6042b13d49f972d160b355b3829d49971d4c00eee788a97dba961ef099d02,1200,1200,
RG 1/144 MOBILE SUIT GUNDAM LAST SHOOTING ZEONG EFFECT SET,downloaded,RG 1_144 MOBILE SUIT GUNDAM LAST SHOOTING ZEONG EFFECT SET__279481c307.jpg,gunpla_hangar,Mobile Suit Gundam Last Shooting Zeong Effect Set,https://gunplahangar.com/kits/rg-mobile-suit-gundam-last-shooting-zeong-effect-set,https://gunplahangar.com/img/kits/rg-mobile-suit-gundam-last-shooting-zeong-effect-set/box-art-800.jpg,exact,c852347dca64b5554a61a45ead54cb5b7230a23010aea76eadb7a6919b4afe06,800,634,
HG 1/144 AQUA-HAMBRABI II (A.O.Z RE-BOOT Ver.),not_found,,,,,,,,,,bandai_manual: AQUA-HAMBRABI II (A.O.Z RE-BOOT Ver.) | dalong: Aqua-Hambrabi Ⅱ (A.O.Z Re-boot Ver.) | dalong: Aqua-Hambrabi Ⅱ (A.O.Z Re-boot Ver.)
MG 1/100 CHAR'S GELGOOG ver.2.0,downloaded,MG 1_100 CHAR'S GELGOOG ver.2.0__611323f151.jpg,gunpla_hobby,CHAR'S GELGOOG ver.2.0,https://gunpla-hobby.com/gunpla/mg-1-100-mg-1-100-ver-2-0-f45ea4,https://thumbnail.image.rakuten.co.jp/@0_mall/mediaworldkaitoriworld/cabinet/6317/4/cg63174117.jpg,official_title_release_month,4503fba196685bbfbcbd36d10b7ffef4586096d4960310d893df8aa2bf56c05e,1000,1000,
RG 1/144 MS-06R-1A BLACK TRI-STARS ZAKU II,not_found,,,,,,,,,,bandai_manual: MS-06R-1A BLACK TRI-STARS ZAKU II | bandai_manual: MS-06R-1A UMA LIGHTNING’S ZAKU II | bandai_manual: MS-06R-1A SHIN MATSUNAGA’S ZAKU II
HG 1/144 AQUA-HAMBRABI II TITANS (A.O.Z RE-BOOT Ver.),not_found,,,,,,,,,,bandai_manual: AQUA-HAMBRABI II TITANS (A.O.Z RE-BOOT Ver.) | gunpla_hobby: AQUA-HAMBRABI II TITANS (A.O.Z RE-BOOT Ver.) | bandai_manual: AQUA-HAMBRABI II (A.O.Z RE-BOOT Ver.)
MG 1/100 CHAR'S RICK DOM,downloaded,MG 1_100 CHAR'S RICK DOM__cdbba94017.jpg,dalong,Char's Rick-Dom,https://www.dalong.net/reviews/mg/m58/m58_p_e.htm,https://www.dalong.net/reviews/mg/m58/p/m58.jpg,exact,419d110b0172232f45b51985d7bbf19acbfef7af6bc4d5a8c25457a490e8a8e2,229,290,
RG 1/144 MS-06R-1A SHIN MATSUNAGA’S ZAKU II,not_found,,,,,,,,,,bandai_manual: MS-06R-1A SHIN MATSUNAGA’S ZAKU II | bandai_manual: MS-06R-1A UMA LIGHTNING’S ZAKU II | gunpla_hangar: MS-06R-1A Zaku II High Mobility Type (Shin Matsunaga Custom)
HG 1/144 ARCHE GUNDAM,downloaded,HG 1_144 ARCHE GUNDAM__7c82e05fba.jpg,dalong,Arche Gundam,https://www.dalong.net/reviews/00/0h43/0h43_p_e.htm,https://www.dalong.net/reviews/00/0h43/p/0h43.jpg,exact,05b05c03f2133b76dbdf22f918076e02638ebf1b0fa421048a5f1d974ae7916d,291,177,
MG 1/100 CORE BOOSTER Ver.Ka,downloaded,MG 1_100 CORE BOOSTER Ver.Ka__9e3f0fcc45.jpg,dalong,Core Booster Ver.Ka,https://www.dalong.net/reviews/mg/m134/m134_p_e.htm,https://www.dalong.net/reviews/mg/m134/p/m134.jpg,exact,484c6b34b76d24149def358ca907457432041ebe4bef3882343c17ec732e5c84,291,186,
RG 1/144 MS-06R-2 GABBY HAZARD’S ZAKUII,not_found,,,,,,,,,,bandai_manual: MS-06R-2 GABBY HAZARD’S ZAKUII | bandai_manual: MS-06R-2 ROBERT GILLIAM’S ZAKUII | gunpla_hobby: MS-06R-2 ROBERT GILLIAM’S ZAKUII
HG 1/144 ARIOS GUNDAM,downloaded,HG 1_144 ARIOS GUNDAM__969377a527.jpg,gunpla_gallery,GN-007 Arios Gundam,https://gunplagallery.com/kits/228-hg-gn-007-arios-gundam,https://s3.amazonaws.com/gunplagallery/catalog/228_original_Hg00-kyrios.jpg,source_model_code_cross_source,3ec1069e764e0f7b44a131bef427d9460de31836c31aa3a85f84241e6c1c99fa,1024,629,
MG 1/100 CROSSBONE FULL CLOTH,downloaded,MG 1_100 CROSSBONE FULL CLOTH__98e5233292.jpg,bandai_manual,CROSSBONE FULL CLOTH,https://manual.bandai-hobby.net/menus/detail/546,https://bandai-hobby.net/images/157_714_s_r8d3xjaqvexl5z882p1ex95zot8v.jpg,official_exact,b22f1daa2f68b79eeca78c5055b41ef2301e6f2909a330c1dfd49e8c007634d4,1200,1200,
RG 1/144 MS-06R-2 JOHNNY RIDDEN'S ZAKU II,downloaded,RG 1_144 MS-06R-2 JOHNNY RIDDEN'S ZAKU II__36deaf1ec2.jpg,gunpla_gallery,MS-06R-2 Johnny Ridden's Zaku II,https://gunplagallery.com/kits/1908-rg-ms-06r-2-johnny-ridden-s-zaku-ii,https://s3.amazonaws.com/gunplagallery/catalog/1908_original_RG_Johnny_Ridden's_Zaku_II.jpg,exact,da01ad3e65b05e2766b25c26474ad5c12d5615ff340919b0bffbc2c22902e2dd,1200,736,
HG 1/144 ARIOS GUNDAM (TRANS-AM MODE),downloaded,HG 1_144 ARIOS GUNDAM (TRANS-AM MODE)__326df1c0c5.jpg,dalong,Arios Gundam ~ Trans AM mode,https://www.dalong.net/reviews/00/0h57/0h57_p_e.htm,https://www.dalong.net/reviews/00/0h57/p/0h57.jpg,exact,e51aa5da04f8eb3175682ca6d278b59e5c6b2da30ec600124cba69dd2b70b225,290,174,
MG 1/100 CROSSBONE GUNDAM X-0 Ver.Ka,not_found,,,,,,,,,,bandai_manual: CROSSBONE GUNDAM X-0 Ver.Ka | bandai_manual: CROSSBONE GUNDAM X-1 ver.Ka | gunpla_hobby: CROSSBONE GUNDAM X-1 ver.Ka
RG 1/144 MS-06R-2 ROBERT GILLIAM’S ZAKUII,downloaded,RG 1_144 MS-06R-2 ROBERT GILLIAM’S ZAKUII__ab8c4cab64.jpg,gunpla_hobby,MS-06R-2 ROBERT GILLIAM’S ZAKUII,https://gunpla-hobby.com/gunpla/rg-1-144-1-144-ms-06r-2-bb8227,https://tshop.r10s.jp/otakarakan/cabinet/03553910/03553914/toy2130-1.jpg,official_title_release_month,45097e7a7c864606e01e5d2fa3646620d098ff7c08dd853141710f91f0b1c7ee,960,647,
HG 1/144 ARIOS GUNDAM GNHW/M,downloaded,HG 1_144 ARIOS GUNDAM GNHW_M__9d69c86d47.jpg,dalong,Arios Gundam GNHW/M,https://www.dalong.net/reviews/00/0h50/0h50_p_e.htm,https://www.dalong.net/reviews/00/0h50/p/0h50.jpg,exact,9e7aa17e2554becaeed48922616b77e0f5f81ca562d2c4cf6610859c1949211b,290,178,
MG 1/100 CROSSBONE GUNDAM X-1 ver.Ka,downloaded,MG 1_100 CROSSBONE GUNDAM X-1 ver.Ka__8f636fe9b2.jpg,dalong,Crossbone Gundam X1 Ver.Ka,https://www.dalong.net/reviews/mg/m93/m93_p_e.htm,https://www.dalong.net/reviews/mg/m93/p/m93.jpg,exact,d14bbd01f716c293cebe93248a841902a08f232257baffd28eff1f026c8b6337,187,289,
RG 1/144 MS-06S ZAKUII [HATSUNE MIKU Ver.],not_found,,,,,,,,,,bandai_manual: MS-06S ZAKUII [HATSUNE MIKU Ver.] | gunpla_hobby: MS-06S ZAKUII [HATSUNE MIKU Ver.] | bandai_manual: MS-06S ZAKUII
HG 1/144 ASSHIMAR,downloaded,HG 1_144 ASSHIMAR__3c8ab3b8aa.jpg,dalong,Asshimar,https://www.dalong.net/reviews/hg/h54/h54_p_e.htm,https://www.dalong.net/reviews/hg/h54/p/h54.jpg,exact,ca2f303ed4be366b6a21f23324a4fb5525f1463e14b9cb02a7a8a00f348d25cc,289,176,
MG 1/100 CROSSBONE GUNDAM X1(PATCHWORK) Ver.Ka,not_found,,,,,,,,,,bandai_manual: CROSSBONE GUNDAM X1(PATCHWORK) Ver.Ka | dalong: Crossbone Gundam X1 (Patchwork) Ver.Ka | dalong: Crossbone Gundam X1 Ver.Ka
RG 1/144 MSN-04FF SAZABI[CLEAR COLOR],not_found,,,,,,,,,,bandai_manual: MSN-04FF SAZABI[CLEAR COLOR] | bandai_manual: MSN-04FF SAZABI | gunpla_hobby: MSN-04FF SAZABI
HG 1/144 ATLAS GUNDAM [GUNDAM THUNDERBOLT Ver.],downloaded,HG 1_144 ATLAS GUNDAM [GUNDAM THUNDERBOLT Ver.]__d0f9e57c94.jpg,gunpla_gallery,RX-78AL Atlas Gundam (GUNDAM THUNDERBOLT Ver.),https://gunplagallery.com/kits/46876-hg-rx-78al-atlas-gundam-gundam-thunderbolt-ver-,https://s3.amazonaws.com/gunplagallery/catalog/46876_original_Hg-atlas-gundam_(1).jpg,source_model_code_release_month,3f851326a9de42ded92f96845273dba2d4fa30d2f5e168ab5d1d0bfa21152792,1200,757,
MG 1/100 CROSSBONE GUNDAM X2 CUSTOM Ver.Ka,not_found,,,,,,,,,,bandai_manual: CROSSBONE GUNDAM X2 CUSTOM Ver.Ka | dalong: Crossbone Gundam X2 Custom Ver.Ka | bandai_manual: CROSSBONE GUNDAM X2 Ver.Ka
RG 1/144 MSN-06S SINANJU,downloaded,RG 1_144 MSN-06S SINANJU__1018fbd36f.jpg,gunpla_gallery,MSN-06S Sinanju,https://gunplagallery.com/kits/1904-rg-msn-06s-sinanju,https://s3.amazonaws.com/gunplagallery/catalog/1904_original_RG_Sinanju.jpg,exact,e63ed24cdb4e95ea9e6759444e8dc8a3a9ed4faf3d2f2dd91183d97a26b657ed,640,412,
HG 1/144 ATLAS GUNDAM(GUNDAM THUNDERBOLT BANDIT FLOWER Ver.),not_found,,,,,,,,,,bandai_manual: ATLAS GUNDAM(GUNDAM THUNDERBOLT BANDIT FLOWER Ver.) | dalong: Atlas Gundam (Gundam Thunderbolt Bandit Flower Ver.) | gunpla_hobby: ATLAS GUNDAM(GUNDAM THUNDERBOLT BANDIT FLOWER Ver.)
MG 1/100 CROSSBONE GUNDAM X2 Ver.Ka,not_found,,,,,,,,,,bandai_manual: CROSSBONE GUNDAM X2 Ver.Ka | dalong: Crossbone Gundam X2 Ver.Ka | bandai_manual: CROSSBONE GUNDAM X2 CUSTOM Ver.Ka
RG 1/144 OO GUNDAM SEVEN SWORD,downloaded,RG 1_144 OO GUNDAM SEVEN SWORD__208cfd9a3c.webp,gunpla_wiki,RG GN-0000/7S 00 Gundam Seven Sword,https://gunpla.fandom.com/wiki/RG_GN-0000/7S_00_Gundam_Seven_Sword,https://static.wikia.nocookie.net/gunplabuilders/images/2/2b/RG_00_7S_Box_Art.jpg/revision/latest?cb=20180611202516,source_model_code_cross_source,f6e8e79de2c5193342efaa1513d061531866c6a9f1f93252792eae5ea38571a6,676,399,
HG 1/144 BALL TWIN SET,downloaded,HG 1_144 BALL TWIN SET__8ad9d9cb3f.jpg,dalong,Ball Twin Set,https://www.dalong.net/reviews/hg/h114/h114_p_e.htm,https://www.dalong.net/reviews/hg/h114/p/h114.jpg,exact,659d869113b1cd490fde54011ced55ed915c15caaba2c9790aba0ebd0dce91da,290,181,
MG 1/100 CROSSBONE GUNDAM X3 Ver.Ka,not_found,,,,,,,,,,bandai_manual: CROSSBONE GUNDAM X3 Ver.Ka | dalong: Crossbone Gundam X3 Ver.Ka | bandai_manual: CROSSBONE GUNDAM X2 Ver.Ka
RG 1/144 OO QAN[T] FULL SABER,downloaded,RG 1_144 OO QAN[T] FULL SABER__553d71052e.jpg,gunpla_hobby,OO QAN[T] FULL SABER,https://gunpla-hobby.com/gunpla/rg-1-144-1-144-e29cfe,https://thumbnail.image.rakuten.co.jp/@0_mall/regolith-market/cabinet/71_001/1240053239455_1.jpg,official_title_release_month,46bd5aea697dc57a5ca1af841b0c173ebd0ee6d1e9a492f0eecfedf509852fea,500,500,
HG 1/144 BALLDEN ARM ARMS,downloaded,HG 1_144 BALLDEN ARM ARMS__a9d4f4c169.jpg,dalong,Ballden Arm Arms,https://www.dalong.net/reviews/bf/bc22/bc22_p_e.htm,https://www.dalong.net/reviews/bf/bc22/p/bc22.jpg,exact,21ba9e976aacd6d1c39245d16f854638ec6a60a9c58e3e3631adf8141e6e6db6,238,300,
MG 1/100 DEATHSCYTHE HELL EW VER.,downloaded,MG 1_100 DEATHSCYTHE HELL EW VER__ecd8d4b459.jpg,bandai_manual,DEATHSCYTHE HELL EW VER.,https://manual.bandai-hobby.net/menus/detail/579,https://bandai-hobby.net/images/190_2715_s_8hj8jalilnlqqqcz3gj2pul1vjl6.jpg,official_exact,2e91667a5ccac22318b088c9cacbc69e513114493451e5b67c2dc91df4e314b3,1200,1200,
RG 1/144 PERFECT STRIKE GUNDAM,downloaded,RG 1_144 PERFECT STRIKE GUNDAM__379f60f151.webp,gunpla_wiki,RG GAT-X105+AQM/E-YM1 Perfect Strike Gundam,https://gunpla.fandom.com/wiki/RG_GAT-X105%2BAQM/E-YM1_Perfect_Strike_Gundam,https://static.wikia.nocookie.net/gunplabuilders/images/f/f5/RG-Perfect-Strike-Gundam-box.jpg/revision/latest?cb=20190922172147,source_model_code_cross_source,26b336d323c90559f3332e416084690c5eb0b1e30fa623911445b1c059036a43,800,517,
HG 1/144 BAQTO,downloaded,HG 1_144 BAQTO__b2aa6604da.jpg,dalong,Baqto,https://www.dalong.net/reviews/age/agh08/agh08_p_e.htm,https://www.dalong.net/reviews/age/agh08/p/agh08.jpg,exact,cb4d489595d6993e70a1ce7700a7430f25869139ff7107bf274c27cf9b7aa9b5,300,190,
MG 1/100 DEBORAH’S ADVANCED GN-X,downloaded,MG 1_100 DEBORAH’S ADVANCED GN-X__03d6d787d3.webp,gunpla_wiki,MG GNX-604T Deborah's Advanced GN-X,https://gunpla.fandom.com/wiki/MG_GNX-604T_Deborah%27s_Advanced_GN-X,https://static.wikia.nocookie.net/gunplabuilders/images/3/30/MG-Advanced-GN-X-%28Deborah%29-box.jpg/revision/latest?cb=20250522110358,source_model_code_cross_source,2a4b4e498df33f36133fbb94c4dfe6d5c57324bb742dfdc465f888f96599a5f7,500,401,
RG 1/144 RX-78 GP01,downloaded,RG 1_144 RX-78 GP01__e570020f5e.jpg,gunpla_hobby,RX-78 GP01,https://gunpla-hobby.com/gunpla/rg-1-144-rg-1-144-rx-78gp01-1-2a5086,https://thumbnail.image.rakuten.co.jp/@0_mall/omatsuri-life2/cabinet/f21/b00c0ns0io.jpg,official_title_release_month,b4ed374a0788fdc2c9f1664c690111ddd2ed4b5dbfa8ea2e15c49977ae6032c8,350,233,
HG 1/144 BARZAM,downloaded,HG 1_144 BARZAM__2cbaadca9f.jpg,dalong,Barzam,https://www.dalong.net/reviews/hg/h204/h204_p_e.htm,https://www.dalong.net/reviews/hg/h204/p/h204.jpg,exact,a30ba6b5433dabb94ffa2df10bcbbc03f8f2913aaf623d7670f294ebf5094bf9,300,190,
MG 1/100 DELTA PLUS,downloaded,MG 1_100 DELTA PLUS__e38fa63375.jpg,dalong,Delta Plus,https://www.dalong.net/reviews/mg/m146/m146_p_e.htm,https://www.dalong.net/reviews/mg/m146/p/m146.jpg,exact,d34239425613dc211a4a910c64eab29b19020fa1b7e4f866fd106b548f618c38,238,300,
RG 1/144 RX-78-3 G-3 GUNDAM,downloaded,RG 1_144 RX-78-3 G-3 GUNDAM__b7d2733d66.webp,gunpla_wiki,RG RX-78-3 G-3 Gundam,https://gunpla.fandom.com/wiki/RG_RX-78-3_G-3_Gundam,https://static.wikia.nocookie.net/gunplabuilders/images/c/c7/RG-RX-78-3-Gundam-G-3-box.jpg/revision/latest?cb=20180606061704,exact,2fd03ab46d2873d522ed7cd2f66b822514a39745174cd1bbf38d4db9729a4306,900,554,
HG 1/144 BARZAM(RE-ZEON CAPTURED),not_found,,,,,,,,,,bandai_manual: BARZAM(RE-ZEON CAPTURED) | gunpla_hobby: BARZAM(RE-ZEON CAPTURED) | dalong: Barzam ReZeon Captured (A.O.Z Re-boot Ver.)
MG 1/100 DESTINY GUNDAM,downloaded,MG 1_100 DESTINY GUNDAM__e79c6a1ad4.jpg,gunpla_gallery,ZGMF-X42S Destiny Gundam,https://gunplagallery.com/kits/1260-mg-zgmf-x42s-destiny-gundam,https://s3.amazonaws.com/gunplagallery/catalog/1260_original_MG_Destiny_SP_01.jpg,source_model_code_cross_source,92f46c791b4f1249b6f4dfc3322fe6a34eb29cd44bc0bb882887b233e2d6f0dc,1024,1301,
RG 1/144 RX-93ff ν GUNDAM [CLEAR COLOR],downloaded,RG 1_144 RX-93ff ν GUNDAM [CLEAR COLOR]__bb9a202c06.jpg,gunpla_hobby,RX-93ff ν GUNDAM [CLEAR COLOR],https://gunpla-hobby.com/gunpla/rg-1-144-rg-1-144-rx-93ff-ee6e6e,https://thumbnail.image.rakuten.co.jp/@0_mall/wattmann/cabinet/item20260724/9312802002092-1.jpg,official_title_release_month,c97e50cd6a4c850c7c4ba74b157d7ea888c125f12079899193785c1b5af958a6,1600,1600,
HG 1/144 BARZAM(TITANS),not_found,,,,,,,,,,bandai_manual: BARZAM(TITANS) | gunpla_hobby: BARZAM(TITANS) | bandai_manual: BARZAM
MG 1/100 DESTINY GUNDAM SPECIAL EDITION,downloaded,MG 1_100 DESTINY GUNDAM SPECIAL EDITION__219afa411b.jpg,bandai_manual,DESTINY GUNDAM SPECIAL EDITION,https://manual.bandai-hobby.net/menus/detail/553,https://bandai-hobby.net/images/157_2576_s_unhebg7f45vu4srdrxcr8xrw5mc7.jpg,official_exact,017700bdcc0e8bb9905155b0280e8b36344944c0dfa5c06c9adbffe340b69841,1200,1200,
RG 1/144 STRIKE FREEDOM GUNDAM[TITANIUM FINISH],downloaded,RG 1_144 STRIKE FREEDOM GUNDAM[TITANIUM FINISH]__6e4017aa02.webp,gunpla_wiki,RG ZGMF-X20A Strike Freedom Gundam (Titanium Finish),https://gunpla.fandom.com/wiki/RG_ZGMF-X20A_Strike_Freedom_Gundam_%28Titanium_Finish%29,https://static.wikia.nocookie.net/gunplabuilders/images/a/aa/RG-Strike-Freedom-Gundam-Titanium-Finish-box.jpg/revision/latest?cb=20240118044244,source_model_code_wiki_release,8a4e517bbb96d20603124687f3d0dfa11c8327fa0611c02657527cbae3892706,1500,917,
HG 1/144 BASE JABBER ( ZETA GUNDAM Ver.),not_found,,,,,,,,,,bandai_manual: BASE JABBER ( ZETA GUNDAM Ver.) | dalong: Base Jabber (Zeta Gundam Ver.) | bandai_manual: BASE JABBER (UNICORN Ver.)
MG 1/100 DESTINY IMPULSE GUNDAM R (REGENES),not_found,,,,,,,,,,bandai_manual: DESTINY IMPULSE GUNDAM R (REGENES) | gunpla_hobby: DESTINY IMPULSE GUNDAM R (REGENES) | dalong: Destiny Impulse Gundam R
RG 1/144 STRIKE ROUGE + HG I.W.S.P.,not_found,,,,,,,,,,bandai_manual: STRIKE ROUGE + HG I.W.S.P. | dalong: Strike Rouge + HG I.W.S.P. | gunpla_hobby: STRIKE ROUGE + HG I.W.S.P.
HG 1/144 BASE JABBER (UNICORN Ver.),downloaded,HG 1_144 BASE JABBER (UNICORN Ver.)__50b579caca.jpg,gunpla_gallery,Base Jabber (Unicorn Ver.),https://gunplagallery.com/kits/754-hg-base-jabber-unicorn-ver-,https://s3.amazonaws.com/gunplagallery/catalog/754_original_Base_Jabber_(Unicorn_Ver.).jpg,exact,c942d1a900dd293ade425fe0815ebfa1e61f859e60d961913e3f98b1df7a6a7e,1500,955,
MG 1/100 DUEL GUNDAM ASSAULTSHROUD,downloaded,MG 1_100 DUEL GUNDAM ASSAULTSHROUD__f51fe88c7b.jpg,dalong,Duel Gundam Assault Shroud,https://www.dalong.net/reviews/mg/m151/m151_p_e.htm,https://www.dalong.net/reviews/mg/m151/p/m151.jpg,exact,a8387041ba809f714c12c5a608ef0de24a53714960d0b2f804596bb6fe77521c,300,240,
RG 1/144 SWORD IMPULSE GUNDAM,downloaded,RG 1_144 SWORD IMPULSE GUNDAM__711eaf1d63.webp,gunpla_wiki,RG ZGMF-X56S/β Sword Impulse Gundam,https://gunpla.fandom.com/wiki/RG_ZGMF-X56S/%CE%B2_Sword_Impulse_Gundam,https://static.wikia.nocookie.net/gunplabuilders/images/e/e9/RG-Sword-Impulse-Gundam-box.jpg/revision/latest?cb=20201122145543,source_model_code_cross_source,a9eda5eb6d8dfdbf922710cf91256263990c6001069b6d61dd20b5ea9a030a25,800,493,
HG 1/144 BASE JABBER TYPE 89,downloaded,HG 1_144 BASE JABBER TYPE 89__c553d9abb2.jpg,bandai_manual,BASE JABBER TYPE 89,https://manual.bandai-hobby.net/menus/detail/380,https://bandai-hobby.net/images/155_889_s_637hxapmhhok9rqe3bwy2kvkm057.jpg,official_exact,af570b79705274c2cf5a75898ec04e3a964196b4bed901cac4666c157a5a08d1,560,560,
MG 1/100 DWADGE,downloaded,MG 1_100 DWADGE__c42cc77ec2.jpg,gunpla_hangar,MS-09G Dwadge,https://gunplahangar.com/kits/mg-ms-09g-dwadge,https://gunplahangar.com/img/kits/mg-ms-09g-dwadge/box-art-800.jpg,source_model_code_hangar_exact,d6ac71801a43046b169bb799f5b98b96a22ebb6ef978f8b8d18e067c64e63e0c,700,889,
RG 1/144 SWORD IMPULSE GUNDAM SpecII,downloaded,RG 1_144 SWORD IMPULSE GUNDAM SpecII__b7a20c9e01.webp,gunpla_wiki,RG ZGMF-56E2/β Sword Impulse Gundam Spec II,https://gunpla.fandom.com/wiki/RG_ZGMF-56E2/%CE%B2_Sword_Impulse_Gundam_Spec_II,https://static.wikia.nocookie.net/gunplabuilders/images/c/c7/RG_Sword_Impulse_Spec_II_Box.jpg/revision/latest?cb=20250904010312,source_model_code_cross_source,d279794df894d92c974e560d6bce73933479efff0f9026ae199f3a690da7d56b,800,513,
HG 1/144 BAUND DOC (GATES CAPA CUSTOM),not_found,,,,,,,,,,bandai_manual: BAUND DOC (GATES CAPA CUSTOM) | gunpla_hobby: BAUND DOC (GATES CAPA CUSTOM) | dalong: Bound Doc (Gates Capa Custom)
MG 1/100 DWADGE CUSTOM,downloaded,MG 1_100 DWADGE CUSTOM__b5b3b78bfc.jpg,gunpla_hobby,DWADGE CUSTOM,https://gunpla-hobby.com/gunpla/mg-1-100-1-100-5e57d7,https://thumbnail.image.rakuten.co.jp/@0_mall/otakarasouko/cabinet/_1087/1240091404388_1.jpg,official_title_release_month,959619031eee7d20600be2085f99d1519670566debdb61a840d8ee1b53b37635,600,600,
RG 1/144 TALLGEESE EW,downloaded,RG 1_144 TALLGEESE EW__3cb1cc6727.jpg,dalong,Tallgeese EW,https://www.dalong.net/reviews/rg/rg28/rg28_p_e.htm,https://www.dalong.net/reviews/rg/rg28/p/rg28.jpg,exact,fa356aa9eeafd82d74aefa84261a0aab0ea575dc07c3fafdf5a6a78b1495c59d,1200,728,
HG 1/144 BAUND-DOC,downloaded,HG 1_144 BAUND-DOC__bff43a298d.jpg,dalong,Baund Doc,https://www.dalong.net/reviews/hg/h235/h235_p_e.htm,https://www.dalong.net/reviews/hg/h235/p/h235.jpg,exact,1f308dce22052a041e5777ab3b9fb40dd372e9784e47c397e79feec86f1c12da,1200,945,
MG 1/100 ECLIPSE GUNDAM,downloaded,MG 1_100 ECLIPSE GUNDAM__33afe3cfe6.jpg,dalong,Eclipse Gundam,https://www.dalong.net/reviews/mg/m217/m217_p_e.htm,https://www.dalong.net/reviews/mg/m217/p/m217.jpg,exact,fb4ca71836829c1d9206df96086f7adf95e03f43306f96c26e4a934e9ebfe6dd,1200,944,
RG 1/144 TALLGEESE EW [TITANIUM FINISH],not_found,,,,,,,,,,bandai_manual: TALLGEESE EW [TITANIUM FINISH] | dalong: Tallgeese EW [Titanium Finish] | gunpla_hobby: TALLGEESE EW [TITANIUM FINISH]
HG 1/144 BEARGGUY F [Family],downloaded,HG 1_144 BEARGGUY F [Family]__d76262ad47.jpg,dalong,Beargguy F [Family],https://www.dalong.net/reviews/bf/bf22/bf22_p_e.htm,https://www.dalong.net/reviews/bf/bf22/p/bf22.jpg,exact,c8b66e11a7be2325760af9bf216d60411c06f2dd73ae9f484ce726b3a46460ad,300,184,
MG 1/100 ECLIPSE GUNDAM REACTOR 2,downloaded,MG 1_100 ECLIPSE GUNDAM REACTOR 2__6cdd845d10.webp,gunpla_wiki,MG MVF-X08R2 Eclipse Gundam Reactor 2,https://gunpla.fandom.com/wiki/MG_MVF-X08R2_Eclipse_Gundam_Reactor_2,https://static.wikia.nocookie.net/gunplabuilders/images/e/eb/MG-Eclipse-Gundam-Reactor-2-box.jpg/revision/latest?cb=20240617153715,source_model_code_wiki_release,45a88f7b1669828be7524ab988aa192e31847a10f0881e0da724384ae6552dbc,1472,1182,
RG 1/144 TALLGEESE II,not_found,,,,,,,,,,bandai_manual: TALLGEESE II | dalong: Tallgeese II | gunpla_hobby: TALLGEESE II
HG 1/144 BEARGGUY III,downloaded,HG 1_144 BEARGGUY III__27da32c0ba.jpg,gunpla_gallery,KUMA-03 Beargguy III,https://gunplagallery.com/kits/73-hg-kuma-03-beargguy-iii,https://s3.amazonaws.com/gunplagallery/catalog/73_original_Beargguy_III_Box.jpg,source_model_code_cross_source,74dfb86c7bb47cf2c11084f200bbbb4239a0a7228fd571827fea808dce3c6b26,1023,627,
MG 1/100 ECLIPSE GUNDAM+RAIJIN STRIKER,downloaded,MG 1_100 ECLIPSE GUNDAM+RAIJIN STRIKER__62b984715d.jpg,gunpla_hobby,ECLIPSE GUNDAM+RAIJIN STRIKER,https://gunpla-hobby.com/gunpla/mg-1-100-1-100-0b0238,https://thumbnail.image.rakuten.co.jp/@0_mall/wattmann/cabinet/item20260704/9312803001230-1.jpg,official_title_release_month,a9cfb5c14f5b15cb7b0833eb7e1d03ef8fc76ac1aa99120815be6f3d6a199610,1600,1600,
RG 1/144 TALLGEESE III [TITANIUM FINISH],not_found,,,,,,,,,,bandai_manual: TALLGEESE III [TITANIUM FINISH] | dalong: Tallgeese III [Titanium Finish] | gunpla_hobby: TALLGEESE III [TITANIUM FINISH]
HG 1/144 BEARGGUY OHANA & ALOHARO SET,downloaded,HG 1_144 BEARGGUY OHANA & ALOHARO SET__6c72d8773f.jpg,dalong,HG Beargguy Ohana & Aloharo Set,https://www.dalong.net/reviews/bf/gbt09/gbt09_p_e.htm,https://www.dalong.net/reviews/bf/gbt09/p/gbt09.jpg,exact,b27cf6dcec63886c54403ec20fafa7bc3a13116c5e0484992ae0536aa4a621c7,1200,768,
MG 1/100 ENHANCED ZZ GUNDAM Ver.Ka,not_found,,,,,,,,,,bandai_manual: ENHANCED ZZ GUNDAM Ver.Ka | dalong: Enhanced ZZ Gundam Ver.Ka | bandai_manual: ZZ GUNDAM Ver.Ka
RG 1/144 THE GUNDAM BASE LIMITED 00 QAN[T] FULL SABER [TRANS-AM CLEAR],downloaded,RG 1_144 THE GUNDAM BASE LIMITED 00 QAN[T] FULL SABER [TRANS-AM CLEAR]__b5c5f3e44d.jpg,gunpla_hobby,THE GUNDAM BASE LIMITED 00 QAN[T] FULL SABER [TRANS-AM CLEAR],https://gunpla-hobby.com/gunpla/rg-1-144-rg-1-144-4be85f,https://thumbnail.image.rakuten.co.jp/@0_mall/trmt-1/cabinet/317-3/b08265bkcr.jpg,official_title_release_month,c3dfa71cbd3b1318ec2104cf546bda7a201e2e931adb29bcc0b7fb636e57f5df,350,211,
HG 1/144 BEARGGUY P (PRETTY),downloaded,HG 1_144 BEARGGUY P (PRETTY)__ea881d9007.jpg,dalong,Beargguy P[Pretty],https://www.dalong.net/reviews/bf/bf48/bf48_p_e.htm,https://www.dalong.net/reviews/bf/bf48/p/bf48.jpg,exact,70f8b32a94265e85c346778720f7d07adcbe4836f48579695cdc6a3a55947fd0,300,183,
MG 1/100 Ex-S GUNDAM/S GUNDAM,downloaded,MG 1_100 Ex-S GUNDAM_S GUNDAM__8fddadc17f.jpg,dalong,Ex-S Gundam / S Gundam,https://www.dalong.net/reviews/mg/m209/m209_p_e.htm,https://www.dalong.net/reviews/mg/m209/p/m209.jpg,exact,86601b221c3c99068444b780b3d90c760089f236dc1042750f09a473acdbf48b,1200,818,
RG 1/144 THE GUNDAM BASE LIMITED GUNDAM EPYON [SPECIAL COATING],not_found,,,,,,,,,,bandai_manual: THE GUNDAM BASE LIMITED GUNDAM EPYON [SPECIAL COATING] | gunpla_hobby: THE GUNDAM BASE LIMITED GUNDAM EPYON [SPECIAL COATING] | bandai_manual: THE GUNDAM BASE LIMITED ZEONG [SPECIAL COATING]
HG 1/144 BEGUIR-BEU,downloaded,HG 1_144 BEGUIR-BEU__317f25e2af.jpg,dalong,Beguir-Beu,https://www.dalong.net/reviews/hg/wmh02/wmh02_p_e.htm,https://www.dalong.net/reviews/hg/wmh02/p/wmh02.jpg,exact,8e1ef18f595a4034994fa86cb381768f37698c84a25ebf6712782e5d8e51bd06,1200,777,
MG 1/100 Ex-S GUNDAM/S GUNDAM (TASK FORCE α Ver.),not_found,,,,,,,,,,bandai_manual: Ex-S GUNDAM/S GUNDAM (TASK FORCE α Ver.) | gunpla_hobby: Ex-S GUNDAM/S GUNDAM (TASK FORCE α Ver.) | dalong: Ex-S Gundam/S Gundam (Task Force Alpha Ver.)
RG 1/144 TRANS-AM RAISER GLOSS INJECTION Ver.,not_found,,,,,,,,,,bandai_manual: TRANS-AM RAISER GLOSS INJECTION Ver. | dalong: Trans-Am Raiser Gloss Injection Ver. | gunpla_hobby: TRANS-AM RAISER GLOSS INJECTION Ver.
HG 1/144 BEGUIR-BEU TORCHE (KENANJI TEAM/RIDRICK TEAM),not_found,,,,,,,,,,bandai_manual: BEGUIR-BEU TORCHE (KENANJI TEAM/RIDRICK TEAM) | gunpla_hobby: BEGUIR-BEU TORCHE (KENANJI TEAM/RIDRICK TEAM) | dalong: Beguir-Beu Torche
MG 1/100 FA-010A FAZZ,downloaded,MG 1_100 FA-010A FAZZ__fae38aaf73.jpg,gunpla_gallery,FA-010-A FAZZ,https://gunplagallery.com/kits/1201-mg-fa-010-a-fazz,https://s3.amazonaws.com/gunplagallery/catalog/1201_original_Hobby_257_pmaster_grade_mg_1100_scale_fa010a_fazz_sentinel_versionp.jpg,exact,07d7fb84d73bb1868208f53783c60ca6daa1d5081c0a8ebcdaed0f627e99d19d,1024,1283,
RG 1/144 UNICORN GUNDAM,downloaded,RG 1_144 UNICORN GUNDAM__e5a359a743.jpg,dalong,Unicorn Gundam,https://www.dalong.net/reviews/rg/rg25/rg25_p_e.htm,https://www.dalong.net/reviews/rg/rg25/p/rg25.jpg,exact,b0664c15f5cfc11c681c2fd2077832b1da68a24c43df60e90e4c7732a698d506,300,185,
HG 1/144 BEGUIR-PENTE,downloaded,HG 1_144 BEGUIR-PENTE__8e94756033.jpg,dalong,Beguir-Pente,https://www.dalong.net/reviews/hg/wmh12/wmh12_p_e.htm,https://www.dalong.net/reviews/hg/wmh12/p/wmh12.jpg,exact,f946c368742dd517089a7fab6435d9586cce6c3334a969e6eb474956a624f579,1200,754,
MG 1/100 FAZZ Ver.Ka,downloaded,MG 1_100 FAZZ Ver.Ka__6bbd551510.jpg,dalong,FAZZ Ver.Ka,https://www.dalong.net/reviews/mg/m213/m213_p_e.htm,https://www.dalong.net/reviews/mg/m213/p/m213.jpg,exact,420f821b7d025e91aca221f64917501a0e464b3743d3cf6d60fb14022ac6e9b6,1200,822,
RG 1/144 UNICORN GUNDAM 02 BANSHEE NORN (FINAL BATTLE Ver.),not_found,,,,,,,,,,bandai_manual: UNICORN GUNDAM 02 BANSHEE NORN (FINAL BATTLE Ver.) | gunpla_hobby: UNICORN GUNDAM 02 BANSHEE NORN (FINAL BATTLE Ver.) | bandai_manual: UNICORN GUNDAM 02 BANSHEE NORN (FINAL BATTLE Ver.) [SPECIAL COATING]
HG 1/144 BINDER GUN,downloaded,HG 1_144 BINDER GUN__ebd54eb92a.jpg,gunpla_hangar,Binder Gun,https://gunplahangar.com/kits/hgbc-binder-gun,https://gunplahangar.com/img/kits/hgbc-binder-gun/box-art-800.jpg,exact,9e88973be9fd658758363caa8c101db2af77508d8b841ca1f72bf8d7d2da8945,425,308,
MG 1/100 FORBIDDEN GUNDAM (FULL MECHANICS),downloaded,MG 1_100 FORBIDDEN GUNDAM (FULL MECHANICS)__bae7f1d695.jpg,bandai_manual,FORBIDDEN GUNDAM (FULL MECHANICS),https://manual.bandai-hobby.net/menus/detail/1096,https://bandai-hobby.net/images/193_5782_s_rtq5jdhr2bddvynytva3hxx6nfoh.jpg,official_exact,595f1ce5e546f20c3836416f9bdfc5d1c6bcfab81e7ec24c122cf71f1e178f3b,1200,1200,
RG 1/144 UNICORN GUNDAM 02 BANSHEE NORN (FINAL BATTLE Ver.) [SPECIAL COATING],not_found,,,,,,,,,,bandai_manual: UNICORN GUNDAM 02 BANSHEE NORN (FINAL BATTLE Ver.) [SPECIAL COATING] | dalong: Unicorn Gundam 02 Banshee Norn (Final Battle Ver.)[Special Coating] | gunpla_hobby: UNICORN GUNDAM 02 BANSHEE NORN (FINAL BATTLE Ver.) [SPECIAL COATING]
HG 1/144 BLACK KNIGHT SQUAD Cal-re.A,downloaded,HG 1_144 BLACK KNIGHT SQUAD Cal-re.A__06e4f852d2.jpg,dalong,Black Knight Squad Cal-re.A,https://www.dalong.net/reviews/hg/h257/h257_p_e.htm,https://www.dalong.net/reviews/hg/h257/p/h257.jpg,exact,69c41b0ed2e88314e9a13e7461e32002129b21b449d646ffa2b52576ca70fb26,1200,768,
MG 1/100 FORCE IMPULSE GUNDAM,downloaded,MG 1_100 FORCE IMPULSE GUNDAM__c43417373d.jpg,gunpla_gallery,ZGMF-X56S/α Force Impulse Gundam,https://gunplagallery.com/kits/1268-mg-zgmf-x56s-%CE%B1-force-impulse-gundam,https://s3.amazonaws.com/gunplagallery/catalog/1268_original_Mg-force-impulse.jpg,source_model_code_cross_source,e1c253029129a43e6bdc29cb9c87acb0bdf47d65a320c8cda53cfcaff8668d1a,1024,1293,
RG 1/144 WING GUNDAM ZERO EW & DREI ZWERG [TITANIUM FINISH],not_found,,,,,,,,,,bandai_manual: WING GUNDAM ZERO EW & DREI ZWERG [TITANIUM FINISH] | dalong: Wing Gundam Zero EW & Drei Zwerg [Titanium Finish] | gunpla_hobby: WING GUNDAM ZERO EW & DREI ZWERG [TITANIUM FINISH]
HG 1/144 BLACK KNIGHT SQUAD Rud-ro.A REDELARD CUSTOM&DANIEL CUSTOM&LIU CUSTOM SET,not_found,,,,,,,,,,dalong: Black Knight Squad Rud-ro.A (Redelard & Daniel & Liu Custom) | gunpla_hangar: NOG-M4F Black Knight Squad Rud-ro.A (Redelard／Daniel／Liu Custom) | bandai_manual: BLACK KNIGHT SQUAD Rud-ro.A(GRIFFIN ARBALEST CUSTOM)
MG 1/100 FREEDOM GUNDAM,downloaded,MG 1_100 FREEDOM GUNDAM__b3f956c550.webp,gunpla_wiki,MG ZGMF-X10A Freedom Gundam,https://gunpla.fandom.com/wiki/MG_ZGMF-X10A_Freedom_Gundam,https://static.wikia.nocookie.net/gunplabuilders/images/d/d9/1_100_MG_Freedom_Gundam_boxart.jpg/revision/latest?cb=20170522134139,source_model_code_cross_source,8ea3de67dd835d154755ac3f9d92e4ecab2accf153e40c8a9bf263e209e8305b,1200,1501,
RG 1/144 WING GUNDAM ZERO EW -APEX LEGENDSTM Valkyrie Ver.-,not_found,,,,,,,,,,bandai_manual: WING GUNDAM ZERO EW -APEX LEGENDSTM Valkyrie Ver.- | dalong: Wing Gundam Zero EW | bandai_manual: WING GUNDAM ZERO
HG 1/144 BLAST IMPULSE GUNDAM,downloaded,HG 1_144 BLAST IMPULSE GUNDAM__e7fa12e592.jpg,gunpla_hangar,ZGMF-X56S/γ Blast Impulse Gundam,https://gunplahangar.com/kits/hgce-zgmf-x56s-blast-impulse-gundam,https://gunplahangar.com/img/kits/hgce-zgmf-x56s-blast-impulse-gundam/box-art-800.jpg,source_model_code_hangar_exact,7785dbecda8109d0b229f6091bb4ccca3861d058dbfc5d5cf7be61468fd0fe5f,512,322,
MG 1/100 FREEDOM GUNDAM Ver.2.0,downloaded,MG 1_100 FREEDOM GUNDAM Ver.2.0__cc0abacf51.jpg,dalong,Freedom Gundam Ver.2.0,https://www.dalong.net/reviews/mg/m192/m192_p_e.htm,https://www.dalong.net/reviews/mg/m192/p/m192.jpg,exact,ea0c6de86136d045ca296a7077d7f826741aa4bc5fbf5306784419026c90c2ea,238,300,
RG 1/144 XXXG-00W0 WING GUNDAM ZERO EW,downloaded,RG 1_144 XXXG-00W0 WING GUNDAM ZERO EW__6d17a43f0c.jpg,gunpla_gallery,XXXG-00W0 Wing Gundam Zero EW,https://gunplagallery.com/kits/1899-rg-xxxg-00w0-wing-gundam-zero-ew,https://s3.amazonaws.com/gunplagallery/catalog/1899_original_Wing_Gundam_Zero_EW_Boxart.jpg,exact,8de1aa2d1e6fd946168b4d6afc5840cc09ed447abff1422ba45d797a46d01e9b,960,588,
HG 1/144 BLAZING GUNDAM,downloaded,HG 1_144 BLAZING GUNDAM__1e9e39e452.jpg,dalong,Blazing Gundam,https://www.dalong.net/reviews/bf/bbh04/bbh04_p_e.htm,https://www.dalong.net/reviews/bf/bbh04/p/bbh04.jpg,exact,ec10dbe0d4d29b072434cda6ca92fa89d35bd0f3b2c21c9ac589ebad0054541c,1200,720,
MG 1/100 FREEDOM GUNDAM Ver.2.0 FULL BURST MODE SPECIAL COATING Ver.,not_found,,,,,,,,,,bandai_manual: FREEDOM GUNDAM Ver.2.0 FULL BURST MODE SPECIAL COATING Ver. | dalong: Freedom Gundam Ver.2.0 Full Burst Mode Special Coating Ver. | gunpla_hobby: FREEDOM GUNDAM Ver.2.0 FULL BURST MODE SPECIAL COATING Ver.
RG 1/144 XXXG-01W WING GUNDAM EW,downloaded,RG 1_144 XXXG-01W WING GUNDAM EW__ad6ba4f766.jpg,gunpla_gallery,XXXG-01W Wing Gundam EW,https://gunplagallery.com/kits/1902-rg-xxxg-01w-wing-gundam-ew,https://s3.amazonaws.com/gunplagallery/catalog/1902_original_RG_Wing_Gundam_EW.jpg,exact,be5a875efbbadee92e275e6aa99c23b59278a411ee6ba4d68541c42604a4e631,640,392,
HG 1/144 BLUE DESTINY UNIT 1,downloaded,HG 1_144 BLUE DESTINY UNIT 1__ee213b3520.jpg,dalong,Blue Destiny Unit 1,https://www.dalong.net/reviews/hg/h80/h80_p_e.htm,https://www.dalong.net/reviews/hg/h80/p/h80.jpg,exact,7be9ec14cd78ad734fcd752136c41dee51f7b54e2dbb055a8d2140aed314fac4,288,180,
MG 1/100 FULL ARMOR GUNDAM,downloaded,MG 1_100 FULL ARMOR GUNDAM__2e76fd824f.jpg,dalong,Full Armor Gundam,https://www.dalong.net/reviews/mg/m133/m133_p_e.htm,https://www.dalong.net/reviews/mg/m133/p/m133.jpg,exact,308d5944c953d92d1ae3f372b55318eef56e0c5e48e03bc5d7cef2bf40abf46e,233,300,
RG 1/144 Z GUNDAM,downloaded,RG 1_144 Z GUNDAM__f95f942c03.jpg,gunpla_hobby,Z GUNDAM,https://gunpla-hobby.com/gunpla/rg-1-144-rg-1-144-z-1c4568,https://thumbnail.image.rakuten.co.jp/@0_mall/attobooks-hirakata/cabinet/compass1725634799.jpg,official_title_release_month,1e6bbc6384d783d5ad4e5463a67aae1c4415d4cd02f57e7231a52b81c0ea2648,1200,1200,
HG 1/144 BLUE DESTINY UNIT 2,downloaded,HG 1_144 BLUE DESTINY UNIT 2__9ab0397fd5.jpg,dalong,Blue Destiny Unit 2,https://www.dalong.net/reviews/hg/h77/h77_p_e.htm,https://www.dalong.net/reviews/hg/h77/p/h77.jpg,exact,c24193c4794f3bceaadd3e14cb6506d17bfa83b412ac4fd572f536dbcc908d4e,289,175,
MG 1/100 FULL ARMOR GUNDAM [GUNDAM THUNDERBOLT] LAST SESSION Ver.,not_found,,,,,,,,,,bandai_manual: FULL ARMOR GUNDAM [GUNDAM THUNDERBOLT] LAST SESSION Ver. | dalong: Full Armor Gundam (Gundam Thunderbolt) Last Session Ver. | gunpla_hobby: FULL ARMOR GUNDAM [GUNDAM THUNDERBOLT] LAST SESSION Ver.
RG 1/144 Z'GOK CHAR CUSTOM,downloaded,RG 1_144 Z'GOK CHAR CUSTOM__2cb7bee963.jpg,bandai_manual,Z'GOK CHAR CUSTOM,https://manual.bandai-hobby.net/menus/detail/952,https://bandai-hobby.net/images/156_1141_s_7ed0xaykw54llakem6h1tpwgd1pn.jpg,official_exact,3f3955ce80a5d5c97f20be33a15aebd40b7f87169ebc40a4ed6e9349de9e6ca5,1200,1200,
HG 1/144 BLUE DESTINY UNIT 2 OMEGA COLOR,not_found,,,,,,,,,,bandai_manual: BLUE DESTINY UNIT 2 OMEGA COLOR | dalong: Blue Destiny Unit 2 ~ Omega Color | bandai_manual: BLUE DESTINY UNIT 2
MG 1/100 FULL ARMOR GUNDAM Ver.Ka [GUNDAM THUNDERBOLT],downloaded,MG 1_100 FULL ARMOR GUNDAM Ver.Ka [GUNDAM THUNDERBOLT]__79a4ced235.jpg,bandai_manual,FULL ARMOR GUNDAM Ver.Ka [GUNDAM THUNDERBOLT],https://manual.bandai-hobby.net/menus/detail/855,https://bandai-hobby.net/images/159_1564_s_b01at4krl7shnu3bdh3iyj32px05.jpg,official_exact,91c0eb588802e19ae3e99d6f8457b2105a83535760644defecaea6167c202f1b,1200,1200,
RG 1/144 ZAKU MINELAYER,not_found,,,,,,,,,,bandai_manual: ZAKU MINELAYER | dalong: Zaku Mine Layer | dalong: Zaku II
HG 1/144 BLUE DESTINY UNIT 3,downloaded,HG 1_144 BLUE DESTINY UNIT 3__1ec6be591b.jpg,dalong,Blue Destiny Unit 3,https://www.dalong.net/reviews/hg/h82/h82_p_e.htm,https://www.dalong.net/reviews/hg/h82/p/h82.jpg,exact,bbeae135cb87d37f845f8a1157ebb99d3b62e5d5c79144b48c5f7150dc1339af,290,179,
MG 1/100 FULL ARMOR UNICORN GUNDAM (RED COLOR VER.),not_found,,,,,,,,,,bandai_manual: FULL ARMOR UNICORN GUNDAM (RED COLOR VER.) | dalong: Full Armor Unicorn Gundam (Red Color Ver.) | gunpla_hobby: FULL ARMOR UNICORN GUNDAM (RED COLOR VER.)
RG 1/144 ZGMF-X20A STRIKE FREEDOM GUNDAM,downloaded,RG 1_144 ZGMF-X20A STRIKE FREEDOM GUNDAM__098b9e02e5.png,gunpla_gallery,ZGMF-X20A Strike Freedom Gundam,https://gunplagallery.com/kits/1896-rg-zgmf-x20a-strike-freedom-gundam,https://s3.amazonaws.com/gunplagallery/catalog/1896_original_RG_Strike_Freedom_Gundam_Boxart.png,exact,e9a3e10eb492dc323a28b28b18d0d44781c1ab711822ccc7512d4be4a79647f7,1500,917,
HG 1/144 BLUE DESTINY UNIT 3 “EXAM“,downloaded,HG 1_144 BLUE DESTINY UNIT 3 “EXAM“__789a6f834f.jpg,dalong,"Blue Destiny Unit 3 ""EXAM""",https://www.dalong.net/reviews/hg/h209/h209_p_e.htm,https://www.dalong.net/reviews/hg/h209/p/h209.jpg,exact,7c228202b0f254b3a142f5149f4003c871a48014445ed7954941d5312a795cef,1200,758,
MG 1/100 FULL ARMOR ZZ GUNDAM,downloaded,MG 1_100 FULL ARMOR ZZ GUNDAM__9a9c1b3b69.jpg,gunpla_gallery,FA-010S Full Armor ZZ Gundam,https://gunplagallery.com/kits/1189-mg-fa-010s-full-armor-zz-gundam,https://s3.amazonaws.com/gunplagallery/catalog/1189_original_Fa-010s-mg.jpg,source_model_code_cross_source,594f5994ad3b3f86eef25ab170a99e89ef224b08b6c8f1f209e6f6139bf9fc9b,1024,1276,
RG 1/144 Z’GOK,downloaded,RG 1_144 Z’GOK__728be6f46b.webp,gunpla_wiki,RG MSM-07 Z'Gok,https://gunpla.fandom.com/wiki/RG_MSM-07_Z%27Gok,https://static.wikia.nocookie.net/gunplabuilders/images/c/c9/RG_Z%27Gok_MP_boxart.jpg/revision/latest?cb=20250730040015,source_model_code_wiki_release,aab6a15e1b80c7badb9cb4361baef0ec03eb6197d1c60e69ddbd1ae5535927e8,500,311,
HG 1/144 BLUE DESTINY UNIT1“EXAM”,downloaded,HG 1_144 BLUE DESTINY UNIT1“EXAM”__4d74855999.jpg,dalong,"Blue Destiny Unit 1 ""EXAM""",https://www.dalong.net/reviews/hg/h207/h207_p_e.htm,https://www.dalong.net/reviews/hg/h207/p/h207.jpg,exact,4e3369200f80ea4e66703291a514e2b4e2bc297919e777c1fc0fc15479875bfa,300,190,
MG 1/100 FULL ARMOR ZZ GUNDAM Ver.Ka,downloaded,MG 1_100 FULL ARMOR ZZ GUNDAM Ver.Ka__07f5e26d4d.jpg,bandai_manual,FULL ARMOR ZZ GUNDAM Ver.Ka,https://manual.bandai-hobby.net/menus/detail/4556,https://bandai-hobby.net/images/4556.jpg,official_exact,70bcdd4be2b5be99a58942fd6c321482bdaf3d69101f05b45544060300b2adb2,1500,1500,
RG 1/144 ν GUNDAM,downloaded,RG 1_144 ν GUNDAM__a96f2c3aa5.jpg,dalong,Nu Gundam,https://www.dalong.net/reviews/rg/rg32/rg32_p_e.htm,https://www.dalong.net/reviews/rg/rg32/p/rg32.jpg,exact,b488e4f8323f5f7a18ff200fc236a8bccc7f857c2b651815e520341e50621caf,1200,952,
HG 1/144 BLUE DESTINY UNIT2 “EXAM”,downloaded,HG 1_144 BLUE DESTINY UNIT2 “EXAM”__bcc4ccc307.jpg,dalong,"Blue Destiny Unit 2 ""EXAM""",https://www.dalong.net/reviews/hg/h208/h208_p_e.htm,https://www.dalong.net/reviews/hg/h208/p/h208.jpg,exact,57fd62e6f0a517ff83ddc1575e853242fa55af029975c625ae1671aeb2e3bfb0,300,189,
MG 1/100 FULL FRONTAL’S GEARA DOGA,not_found,,,,,,,,,,bandai_manual: FULL FRONTAL’S GEARA DOGA | gunpla_hobby: FULL FRONTAL’S GEARA DOGA | dalong: Geara Doga (Full Frontal Use)
RG 1/144 ν GUNDAM HWS,not_found,,,,,,,,,,bandai_manual: ν GUNDAM HWS | dalong: Nu Gundam HWS | gunpla_hobby: ν GUNDAM HWS
HG 1/144 BOCATA'S GELGOOG(GQ),downloaded,HG 1_144 BOCATA'S GELGOOG(GQ)__4cda69626d.jpg,gunpla_hangar,gMS-01 Bocata's Gelgoog (GQ),https://gunplahangar.com/kits/hggq-gms-01-bocatas-gelgoog-gq,https://gunplahangar.com/img/kits/hggq-gms-01-bocatas-gelgoog-gq/box-art-800.jpg,source_model_code_hangar_exact,9ab511e49fef68d777e297a1af910e2570bd28762d2f6c0ad5fa777bba64b168,800,504,
MG 1/100 G ARMOR REAL TYPE COLOR Ver.,downloaded,MG 1_100 G ARMOR REAL TYPE COLOR Ver__2a68fccd3a.jpg,bandai_manual,G ARMOR REAL TYPE COLOR Ver.,https://manual.bandai-hobby.net/menus/detail/559,https://bandai-hobby.net/images/158_2614_s_i9ugqm6jqzpxwa3yorabe49vo0xq.jpg,official_exact,381effdf94b0caffc30257f84aa27c62e0f6773724fd7835f2f9d203f448b3f3,1200,1200,
RG 1/144 ダブルオーザンライザー,not_found,,,,,,,,,,bandai_manual: FREEDOM GUNDAM -APEX LEGENDSTM Crypto Ver.- | bandai_manual: WING GUNDAM ZERO EW -APEX LEGENDSTM Valkyrie Ver.- | bandai_manual: FORCE IMPULSE GUNDAM DEACTIVE MODE
HG 1/144 BOLINOAK-SAMMAHN,downloaded,HG 1_144 BOLINOAK-SAMMAHN__cb58ff316c.jpg,dalong,Bolinoak-Sammahn,https://www.dalong.net/reviews/hg/h259/h259_p_e.htm,https://www.dalong.net/reviews/hg/h259/p/h259.jpg,exact,60fdfc599f66ea370812a2568f290759821444cb0de2b2db38d8a24602e6a816,1200,774,
MG 1/100 G FIGHTER,downloaded,MG 1_100 G FIGHTER__e5ab78fb81.jpg,gunpla_gallery,G Fighter,https://gunplagallery.com/kits/1276-mg-g-fighter,https://s3.amazonaws.com/gunplagallery/catalog/1276_original_MG_G-Fighter_Boxart.jpg,exact,79ebd2c1daf913c1dad120fd2bff803138abffc45e1b580481bea16f649307c8,600,479,
HG 1/144 BRAVE (COMMANDER TEST TYPE),downloaded,HG 1_144 BRAVE (COMMANDER TEST TYPE)__cc4636d92d.jpg,dalong,Brave Commander Test Type,https://www.dalong.net/reviews/00/0h71/0h71_p_e.htm,https://www.dalong.net/reviews/00/0h71/p/0h71.jpg,exact,d4cadb16a65f57766fd79d7a9c942f00ae79823b0cc7fc60720d989c8d24389b,293,180,
MG 1/100 G-3 GUNDAM,downloaded,MG 1_100 G-3 GUNDAM__856f87c69b.jpg,bandai_manual,G-3 GUNDAM,https://manual.bandai-hobby.net/menus/detail/982,https://bandai-hobby.net/images/156_2469_s_wkxietscpp27qji0e10dgau9hjlb.jpg,official_exact,dd8b98578ea007e8b9f6a336fc53eba2dae9c1bc298165269d649a2b3bf17863,1200,1200,
HG 1/144 BRAVE (STANDARD TEST TYPE),downloaded,HG 1_144 BRAVE (STANDARD TEST TYPE)__e76ab2b35f.jpg,gunpla_gallery,GNX-903VS Brave (Standard Test Type),https://gunplagallery.com/kits/268-hg-gnx-903vs-brave-standard-test-type-,https://s3.amazonaws.com/gunplagallery/catalog/268_original_Brave_Boxart0.jpg,source_model_code_release_month,5812b906078c317520fbd152785f1360246cb587b2b2dfc2a0d5328254f50ec1,1024,655,
MG 1/100 GEARA DOGA,downloaded,MG 1_100 GEARA DOGA__9b2e3de4f8.jpg,dalong,Geara Doga,https://www.dalong.net/reviews/mg/m171/m171_p_e.htm,https://www.dalong.net/reviews/mg/m171/p/m171.jpg,exact,a85e3bd685f6878ecd69e5aae767f73a2c78568dd9f0e145ef952a6c0ca3ffae,235,300,
HG 1/144 BUILD BURNING GUNDAM,downloaded,HG 1_144 BUILD BURNING GUNDAM__2cbcfd8336.jpg,dalong,Build Burning Gundam,https://www.dalong.net/reviews/bf/bf18/bf18_p_e.htm,https://www.dalong.net/reviews/bf/bf18/p/bf18.jpg,exact,6b38ad0c2f083329e8e713e9343720e8543b57e911424fe9cf2bc5249621fe93,300,189,
MG 1/100 GEARA DOGA (REZIN SCHYNDER’S USE),not_found,,,,,,,,,,bandai_manual: GEARA DOGA (REZIN SCHYNDER’S USE) | gunpla_hobby: GEARA DOGA (REZIN SCHYNDER’S USE) | dalong: Geara Doga (Rezin Schnyder Use)
HG 1/144 BUILD GUNDAM Mk-II,downloaded,HG 1_144 BUILD GUNDAM Mk-II__bc8a6689cd.jpg,dalong,Build Gundam Mk-II,https://www.dalong.net/reviews/bf/bf04/bf04_p_e.htm,https://www.dalong.net/reviews/bf/bf04/p/bf04.jpg,exact,406856f051249de82449ee3bee15ec4b0fc6021c47cb1b9900c1eca23b873b46,300,187,
MG 1/100 GEARA DOGA(UNICORN Ver.),downloaded,MG 1_100 GEARA DOGA(UNICORN Ver.)__288e50e071.jpg,gunpla_hobby,GEARA DOGA(UNICORN Ver.),https://gunpla-hobby.com/gunpla/mg-1-100-1-100-b3bf6a,https://tshop.r10s.jp/jumblestore/cabinet/56764/2341182156764-01.jpg,official_title_release_month,4e3a8f57e3cf1c22da0db154a09d961cff7763ccc6bd55eb8f98f93ea871fee1,900,1200,
HG 1/144 BUILD STRIKE GALAXY COSMOS,downloaded,HG 1_144 BUILD STRIKE GALAXY COSMOS__40009547d8.jpg,dalong,Build Strike Galaxy Cosmos,https://www.dalong.net/reviews/bf/bf66/bf66_p_e.htm,https://www.dalong.net/reviews/bf/bf66/p/bf66.jpg,exact,5c049674b3e1272fc3194e079799d2a3d59ed6f824e0ee3a4f9400efcaba6eb7,300,190,
MG 1/100 GELGOG MASS PRODUCTION TYPE,downloaded,MG 1_100 GELGOG MASS PRODUCTION TYPE__3a7b2ab98f.jpg,gunpla_hobby,GELGOG MASS PRODUCTION TYPE,https://gunpla-hobby.com/gunpla/mg-1-100-mg-1-100-16e240,https://thumbnail.image.rakuten.co.jp/@0_mall/mediaworldkaitoriworld/cabinet/6317/5/cg63175804.jpg,official_title_release_month,5d7cf244f1120350af423abdbef7a89faff3f0545861ccede7cb363b23440e86,1600,1600,
HG 1/144 BUILD STRIKE GUNDAM FULL PACKAGE,downloaded,HG 1_144 BUILD STRIKE GUNDAM FULL PACKAGE__93efd846f0.jpg,dalong,Build Strike Gundam Full Package,https://www.dalong.net/reviews/bf/bf01/bf01_p_e.htm,https://www.dalong.net/reviews/bf/bf01/p/bf01.jpg,exact,f4e6e5a6bb9c46a37e41d28b19736ade065fe7a5d2ea8150d66d51f6eea239a6,300,189,
MG 1/100 GELGOOG,downloaded,MG 1_100 GELGOOG__831fe5ebcf.jpg,bandai_manual,GELGOOG,https://manual.bandai-hobby.net/menus/detail/983,https://bandai-hobby.net/images/157_2479_s_orr8ezpo82m2zz1rlrjxdnu8814f.jpg,official_exact,e9baf2dfc061af4a4060981798d5f3806d778492d37cd42df435d42975c59ad9,1200,1200,
HG 1/144 BUILD Γ GUNDAM,downloaded,HG 1_144 BUILD Γ GUNDAM__23995b3dda.jpg,gunpla_hangar,RMS-099BC Build Γ Gundam,https://gunplahangar.com/kits/hgbd-rms-099bc-build-gundam,https://gunplahangar.com/img/kits/hgbd-rms-099bc-build-gundam/box-art-800.jpg,source_model_code_hangar_exact,7c5a3425dc5786aa4e212c2ed007a2c3938a2f33086f0b5250f861a0171f5dd4,800,512,
MG 1/100 GELGOOG CANNON,downloaded,MG 1_100 GELGOOG CANNON__2921ddb26a.jpg,dalong,Gelgoog Cannon,https://www.dalong.net/reviews/mg/m09/m09_p_e.htm,https://www.dalong.net/reviews/mg/m09/p/m09.jpg,exact,16f40672d45a86b4dd767876e5ab6d26294b20c90e43882369d8417db533b4f9,209,287,
HG 1/144 BUSHIDO'S AHEAD,downloaded,HG 1_144 BUSHIDO'S AHEAD__6fff248050.jpg,bandai_manual,BUSHIDO'S AHEAD,https://manual.bandai-hobby.net/menus/detail/284,https://bandai-hobby.net/images/156_1851_o_1bbltl6en1pkvk3ngl4dvjo72i.jpg,official_exact,29fe30f56815b0e7ff197037beba0413d51c1061c44d5b2d27a12053492caa30,1200,1200,
MG 1/100 GF13-017NJII G GUNDAM,downloaded,MG 1_100 GF13-017NJII G GUNDAM__fea2964fac.jpg,gunpla_gallery,GF13-017NJII G Gundam,https://gunplagallery.com/kits/1203-mg-gf13-017njii-g-gundam,https://s3.amazonaws.com/gunplagallery/catalog/1203_original_Mg-g-gundam.jpg,exact,94c9eb7ac3b1fdd33a5c60862d19c3ca3e3f7a6de114887605a4ab4f8c2594b5,1024,1585,
HG 1/144 BYARLANT,downloaded,HG 1_144 BYARLANT__1a278d9570.jpg,dalong,Byarlant,https://www.dalong.net/reviews/hg/h214/h214_p_e.htm,https://www.dalong.net/reviews/hg/h214/p/h214.jpg,exact,46515cf41c8bfe01664f4409edf0d144a52669f6050cfcef14af61d30be9f852,1200,768,
MG 1/100 GINN GLADIATOR,downloaded,MG 1_100 GINN GLADIATOR__1b58c2d77f.jpg,gunpla_hobby,GINN GLADIATOR,https://gunpla-hobby.com/gunpla/mg-1-100-1-100-4d5c38,https://tshop.r10s.jp/wondergoo/cabinet/hobbytenpo220/638820260115102_1.jpg,official_title_release_month,6e156a378c3e01dd644c19a6c7a6b8ef3c91babc1bfe7a4f26c6d79470db5b9c,1000,1000,
HG 1/144 BYARLANT CUSTOM,downloaded,HG 1_144 BYARLANT CUSTOM__37db5afbef.jpg,dalong,Byarlant Custom,https://www.dalong.net/reviews/hg/h147/h147_p_e.htm,https://www.dalong.net/reviews/hg/h147/p/h147.jpg,exact,d1841cdf0d555ee471fe5fc9b3d102a7a4a5526057c769ca09a59e8d66620404,300,193,
MG 1/100 GM (COLD DISTRICTS TYPE),downloaded,MG 1_100 GM (COLD DISTRICTS TYPE)__143f18e4b7.webp,gunpla_wiki,MG RGM-79D GM Cold Districts Type,https://gunpla.fandom.com/wiki/MG_RGM-79D_GM_Cold_Districts_Type,https://static.wikia.nocookie.net/gunplabuilders/images/a/a0/MG-GM-Cold-Districts-Type-box.jpg/revision/latest?cb=20190827150745,source_model_code_wiki_release,c1540fbfe8be96a2572b9c3214b493f46322f8d201f7ba82297eff2ceb64f4a0,600,921,
HG 1/144 BYARLANT CUSTOM 02,not_found,,,,,,,,,,bandai_manual: BYARLANT CUSTOM 02 | gunpla_hobby: BYARLANT CUSTOM 02 | bandai_manual: BYARLANT CUSTOM
MG 1/100 GM CANNON (NORTH AMERICAN FRONT),downloaded,MG 1_100 GM CANNON (NORTH AMERICAN FRONT)__e9447da893.jpg,gunpla_hobby,GM CANNON (NORTH AMERICAN FRONT),https://gunpla-hobby.com/gunpla/mg-1-100-1-100-0f6f48,https://tshop.r10s.jp/beautygoodsnld/cabinet/rakub200_0125/b06xf562j200.jpg,official_title_release_month,deec03626d7352905a14b73c9b4675745a34ea8ce6584c9c47496b11e05f0b08,1000,1000,
HG 1/144 BYARLANT CUSTOM 02 (BANDE DESSINEE VER.),not_found,,,,,,,,,,bandai_manual: BYARLANT CUSTOM 02 (BANDE DESSINEE VER.) | gunpla_hobby: BYARLANT CUSTOM 02 (BANDE DESSINEE VER.) | dalong: Byarlant Custom 2 (Bande Dessinee Ver.)
MG 1/100 GM CANNON [RED HEAD](JABRO DEFENSE TEAM CUSTOM),not_found,,,,,,,,,,bandai_manual: GM CANNON [RED HEAD](JABRO DEFENSE TEAM CUSTOM) | gunpla_hobby: GM CANNON [RED HEAD](JABRO DEFENSE TEAM CUSTOM) | dalong: GM Cannon [Red Head] (Jaburo Defense Force Type)
HG 1/144 BYARLANT ISOLDE,downloaded,HG 1_144 BYARLANT ISOLDE__314d07340f.jpg,gunpla_hobby,BYARLANT ISOLDE,https://gunpla-hobby.com/gunpla/hg-1-144-hguc-1-144-d518e1,https://tshop.r10s.jp/2doriem/cabinet/ssm17/sm17-b073jk82b9.jpg,official_title_release_month,54140746c0092471daac459b0a15f427bb8a06c4cf6c129909d3ed0bf86168c0,350,228,
MG 1/100 GM COMMAND SPACE,not_found,,,,,,,,,,bandai_manual: GM COMMAND SPACE | gunpla_hobby: GM COMMAND SPACE | dalong: GM Command (Space Type)
HG 1/144 CARTA'S GRAZE RITTER,downloaded,HG 1_144 CARTA'S GRAZE RITTER__fb416fbc14.jpg,dalong,Carta's Graze Ritter,https://www.dalong.net/reviews/ib/ibh17/ibh17_p_e.htm,https://www.dalong.net/reviews/ib/ibh17/p/ibh17.jpg,exact,da8c3b486d40a72251335bdac8556738f71a2842b4de5ff3a423bc2d9cedc975,300,189,
MG 1/100 GM SNIPER,downloaded,MG 1_100 GM SNIPER__825e8699e1.jpg,dalong,GM Sniper,https://www.dalong.net/reviews/mg/m96/m96_p_e.htm,https://www.dalong.net/reviews/mg/m96/p/m96.jpg,exact,e46683e0e2cb3a5e7703da9c013ae20e8bcffc66faa88da5a0bf0eab57158d6b,223,290,
HG 1/144 CATHEDRAL GUNDAM,downloaded,HG 1_144 CATHEDRAL GUNDAM__e57aafb3a6.jpg,gunpla_hobby,CATHEDRAL GUNDAM,https://gunpla-hobby.com/gunpla/hg-1-144-hgbf-1-144-2727e3,https://tshop.r10s.jp/otakarasouko/cabinet/_1033/1240019505864_1.jpg,official_title_release_month,cd87ecd52fd48eb258d237b33614741bf80cf665335a8cb77216a97abb43ef68,600,600,
MG 1/100 GM SNIPER CUSTOM,downloaded,MG 1_100 GM SNIPER CUSTOM__e162cacf0c.jpg,dalong,GM Sniper Custom,https://www.dalong.net/reviews/mg/m199/m199_p_e.htm,https://www.dalong.net/reviews/mg/m199/p/m199.jpg,exact,824341cc386b0a8bfb20e34690584fc78a695a965af3b342cdc41ff8ffb4200d,192,300,
HG 1/144 CATSITH,downloaded,HG 1_144 CATSITH__b3d67fbde2.jpg,dalong,Catsith,https://www.dalong.net/reviews/hg/gs13/gs13_p_e.htm,https://www.dalong.net/reviews/hg/gs13/p/gs13.jpg,exact,37823fae9a8d19780a4d8479a271e8301033ed8f8bf655d96e9d128cb3603bb0,300,189,
MG 1/100 GM SNIPERII,downloaded,MG 1_100 GM SNIPERII__8e82d825b5.jpg,dalong,GM Sniper II,https://www.dalong.net/reviews/mg/m195/m195_p_e.htm,https://www.dalong.net/reviews/mg/m195/p/m195.jpg,exact,a0d57b01e241d88a905e4c8e566b2bdd7917e8061e7d8c000a68fb0198935afe,194,300,
HG 1/144 CHALLIA'S RICK DOM(GQ),downloaded,HG 1_144 CHALLIA'S RICK DOM(GQ)__36b7ef6d61.jpg,dalong,Challia's Rick Dom (GQ),https://www.dalong.net/reviews/hg/hgq14/hgq14_p_e.htm,https://www.dalong.net/reviews/hg/hgq14/p/hgq14.jpg,exact,cfb1b94bb31f68cae6dbb937ed2a2a47df07e9ce95b5de2c7577cc2c36afdb47,1200,945,
MG 1/100 GMII SEMI STRIKER,not_found,,,,,,,,,,bandai_manual: GMII SEMI STRIKER | gunpla_hobby: GMII SEMI STRIKER | dalong: GM II Semi Striker
HG 1/144 CHANGELING RIFLE,downloaded,HG 1_144 CHANGELING RIFLE__4c549c98c7.jpg,dalong,Changeling Rifle,https://www.dalong.net/reviews/bf/bc35/bc35_p_e.htm,https://www.dalong.net/reviews/bf/bc35/p/bc35.jpg,exact,8328d33d84a8edbf4fafd6c5c77a69dca7a509e8e5546f6278d42b688fc703bb,945,1200,
MG 1/100 GMII(A.E.U.G COLOR Ver.),not_found,,,,,,,,,,bandai_manual: GMII(A.E.U.G COLOR Ver.) | dalong: Gundam Mk-II v2.0 : A.E.U.G. ~ HD Color ver. | dalong: GM II (AEUG Color Ver.)
HG 1/144 CHAR'S GELGOOG,downloaded,HG 1_144 CHAR'S GELGOOG__359e8de554.jpg,dalong,Char's Gelgoog,https://www.dalong.net/reviews/hg/h70/h70_p_e.htm,https://www.dalong.net/reviews/hg/h70/p/h70.jpg,exact,d57de76a8989fb1a2be6a3b1df3b3ffa5c6e1a07202b51b8cda29a81b197f962,289,178,
MG 1/100 GMII(UNICORN Ver.),downloaded,MG 1_100 GMII(UNICORN Ver.)__7996928b29.webp,gunpla_wiki,MG RMS-179 GM II (Unicorn Ver.),https://gunpla.fandom.com/wiki/MG_RMS-179_GM_II_%28Unicorn_Ver.%29,https://static.wikia.nocookie.net/gunplabuilders/images/0/03/MG-GM-II-%28Unicorn-Ver%29-box.jpg/revision/latest?cb=20260129044106,source_model_code_wiki_release,62b541fc0368a6446d38fca354d1dc8ebb2fde3628eeef3e52e0920f8d3bd573,800,1231,
HG 1/144 CHAR'S ZAKU(GQ),downloaded,HG 1_144 CHAR'S ZAKU(GQ)__1a50fd8478.jpg,dalong,Char's Zaku (GQ),https://www.dalong.net/reviews/hg/hgq12/hgq12_p_e.htm,https://www.dalong.net/reviews/hg/hgq12/p/hgq12.jpg,exact,7a6f07415445bd3f53e2e1fc9751e652c9bd720c260abd9d052026ce36c5d568,1500,940,
MG 1/100 GN-X,downloaded,MG 1_100 GN-X__93afd31fc2.jpg,dalong,GN-X,https://www.dalong.net/reviews/mg/m128/m128_p_e.htm,https://www.dalong.net/reviews/mg/m128/p/m128.jpg,exact,fbbb41ade83135d3899afe8bedaaa564a189ade4d662960dc8471f8aba2c6de5,186,290,
HG 1/144 CHAR'S ZAKUII,downloaded,HG 1_144 CHAR'S ZAKUII__269527fb64.jpg,bandai_manual,CHAR'S ZAKUII,https://manual.bandai-hobby.net/menus/detail/999,https://bandai-hobby.net/images/158_1293_s_5cee2t9jx0nokg00wyh98c4ny563.jpg,official_exact,393cb56ba5a6713c393686df5da0b9849f0bedec9058d46036d4a557e10cee95,1200,1200,
MG 1/100 GN-X III (A-LAWS TYPE),downloaded,MG 1_100 GN-X III (A-LAWS TYPE)__0ecca5c210.webp,gunpla_wiki,MG GNX-609T GN-XIII (A-LAWS Type),https://gunpla.fandom.com/wiki/MG_GNX-609T_GN-XIII_%28A-LAWS_Type%29,https://static.wikia.nocookie.net/gunplabuilders/images/1/13/MG-GN-X-III-%28A-LAWS%29-box.jpg/revision/latest?cb=20250522125147,source_model_code_wiki_release,c952ec4db852e30e217366f677b64b766df911f2fed501d9f0e262cbc1d629c0,584,461,
HG 1/144 CHERUDIM GUNDAM,downloaded,HG 1_144 CHERUDIM GUNDAM__96aff5aa5d.jpg,gunpla_gallery,GN-006 Cherudim Gundam,https://gunplagallery.com/kits/224-hg-gn-006-cherudim-gundam,https://s3.amazonaws.com/gunplagallery/catalog/224_original_Hg00-cherudim.jpg,source_model_code_cross_source,8ffc626ecc66fdfc58550379b2d342a8c03cbe5c2c621c32ce0e246a1a9ff3d5,1024,642,
MG 1/100 GN-X III (ESF COLORS),not_found,,,,,,,,,,bandai_manual: GN-X III (ESF COLORS) | gunpla_hobby: GN-X III (ESF COLORS) | dalong: GN-X III (ESF Color)
HG 1/144 CHERUDIM GUNDAM (TRANS-AM MODE),downloaded,HG 1_144 CHERUDIM GUNDAM (TRANS-AM MODE)__c88dfabb70.jpg,dalong,Cherudim Gundam ~ Trans AM mode,https://www.dalong.net/reviews/00/0h56/0h56_p_e.htm,https://www.dalong.net/reviews/00/0h56/p/0h56.jpg,exact,2f2e71c4aa6bc8bc9b59cb41a530c95b6bc745411db82ce21c26d133a4c8c87e,289,181,
MG 1/100 GOGG,downloaded,MG 1_100 GOGG__92b4078dbb.jpg,dalong,Gogg,https://www.dalong.net/reviews/mg/m62/m62_p_e.htm,https://www.dalong.net/reviews/mg/m62/p/m62.jpg,exact,da40e1cea936ccf51ac173b4abfef67506a259027a0d79943a84dac532bae516,229,289,
HG 1/144 CHERUDIM GUNDAM GNHW/R,downloaded,HG 1_144 CHERUDIM GUNDAM GNHW_R__4c4dcc1b23.jpg,dalong,Cherudim Gundam GNHW/R,https://www.dalong.net/reviews/00/0h48/0h48_p_e.htm,https://www.dalong.net/reviews/00/0h48/p/0h48.jpg,exact,633b1b11631b5916d34862cb253996d2b25200ab5c637bc07ad96f3eec9151c9,290,180,
MG 1/100 GOUF Ver.2.0,downloaded,MG 1_100 GOUF Ver.2.0__ac3c9126b1.jpg,gunpla_gallery,MS-07B Gouf Ver.2.0,https://gunplagallery.com/kits/1279-mg-ms-07b-gouf-ver-2-0,https://s3.amazonaws.com/gunplagallery/catalog/1279_original_Mg-ms-07-ver2.jpg,source_model_code_cross_source,279074bfff3bde05afa6f2219de72fffae0927cb99ff7988470abae38ed8963c,1024,1586,
HG 1/144 CHERUDIM GUNDAM SAGA TYPE. GBF,downloaded,HG 1_144 CHERUDIM GUNDAM SAGA TYPE. GBF__de0278e6d2.jpg,dalong,Cherudim Gundam Saga Type.GBF,https://www.dalong.net/reviews/bf/bf64/bf64_p_e.htm,https://www.dalong.net/reviews/bf/bf64/p/bf64.jpg,exact,6eab6d0badc67fa3edd12cd12916d9699034d89b2a7c4250e3b0a4029cd4556e,300,182,
MG 1/100 GUNDAM,downloaded,MG 1_100 GUNDAM__6cb54402f2.jpg,bandai_manual,GUNDAM,https://manual.bandai-hobby.net/menus/detail/405,https://bandai-hobby.net/images/157_2461_s_p2ozsckmrtl0d07wxwgn5suth62d.jpg,official_exact,6898f53d0a61b0d068afe8435094b8564928bc54817f0b8ab4425feb43f1820a,1200,1200,
HG 1/144 CHINAGGUY,downloaded,HG 1_144 CHINAGGUY__5a843e95b7.jpg,gunpla_gallery,Chinagguy,https://gunplagallery.com/kits/114-hg-chinagguy,https://s3.amazonaws.com/gunplagallery/catalog/114_original_HGBF_Chinagguy.jpg,exact,58409f917fd2a5bc6cc71c4e4c6fa22b0cb72fac9e22895f16a24da93e06092f,1200,758,
MG 1/100 GUNDAM AERIAL (PERMET SCORE SIX) (FULL MECHANICS),not_found,,,,,,,,,,bandai_manual: GUNDAM AERIAL (PERMET SCORE SIX) (FULL MECHANICS) | gunpla_hangar: Full Mechanics XVX-016 Gundam Aerial (Permet Score Six) | bandai_manual: GUNDAM AERIAL (FULL MECHANICS)
HG 1/144 CHINYAGGUY,not_found,,,,,,,,,,bandai_manual: CHINYAGGUY | dalong: Chinyagguy | gunpla_hobby: CHINYAGGUY
MG 1/100 GUNDAM AGE-1 NORMAL,downloaded,MG 1_100 GUNDAM AGE-1 NORMAL__a214e6bf51.jpg,gunpla_gallery,Gundam AGE-1 Normal,https://gunplagallery.com/kits/1312-mg-gundam-age-1-normal,https://s3.amazonaws.com/gunplagallery/catalog/1312_original_MG_Age1.jpg,exact,a2995cc72175b11c4c371ee5763b464f2f4ea1fd47f557b7a15790448d04226b,972,1500,
HG 1/144 CHUCHU'S DEMI TRAINER,downloaded,HG 1_144 CHUCHU'S DEMI TRAINER__2f9a39940b.jpg,dalong,Chuchu's Demi Trainer,https://www.dalong.net/reviews/hg/wmh06/wmh06_p_e.htm,https://www.dalong.net/reviews/hg/wmh06/p/wmh06.jpg,exact,817614c1ff0eb5d5a94e37dd6b0fb9c2399e40ca105bc73a83a846ce3c99d92a,1200,750,
MG 1/100 GUNDAM AGE-1 SPALLOW,downloaded,MG 1_100 GUNDAM AGE-1 SPALLOW__6a95ca4e4f.jpg,gunpla_gallery,Gundam AGE-1 Spallow,https://gunplagallery.com/kits/1315-mg-gundam-age-1-spallow,https://s3.amazonaws.com/gunplagallery/catalog/1315_original_Mg-spallow-box.jpg,exact,587a179a26ac51b41d8c316f8fd841d947a824ff946cf36924972bed96a0f2bb,620,960,
HG 1/144 CLANCHE,downloaded,HG 1_144 CLANCHE__9bd29ea165.jpg,dalong,Clanche,https://www.dalong.net/reviews/age/agh28/agh28_p_e.htm,https://www.dalong.net/reviews/age/agh28/p/agh28.jpg,exact,d4dd23f261c32c6cba2e76ed08c1026a92fc0f4ed8d7a4fe7117da8df163f6b1,300,190,
MG 1/100 GUNDAM AGE-1 TITUS,downloaded,MG 1_100 GUNDAM AGE-1 TITUS__c900f69c9f.jpg,gunpla_gallery,Gundam AGE-1 Titus,https://gunplagallery.com/kits/1313-mg-gundam-age-1-titus,https://s3.amazonaws.com/gunplagallery/catalog/1313_original_Mg_age-1_titus.jpg,exact,9f0ac8b1a446cd5d519383b304ad2d00229264b16fef6d31fc5a39e298d24b28,968,1500,
HG 1/144 CLANCHE CUSTOM,downloaded,HG 1_144 CLANCHE CUSTOM__f9acfee794.jpg,dalong,Clanche Custom,https://www.dalong.net/reviews/age/agh31/agh31_p_e.htm,https://www.dalong.net/reviews/age/agh31/p/agh31.jpg,exact,5a257e3ac30a8547a77e5087e409448210050b0165bb3ed10a026817c9e9a36a,300,189,
MG 1/100 GUNDAM AGE-1F/2,downloaded,MG 1_100 GUNDAM AGE-1F_2__10216a4d43.webp,gunpla_wiki,MG AGE-1 Gundam AGE-1F/2,https://gunpla.fandom.com/wiki/MG_AGE-1_Gundam_AGE-1F/2,https://static.wikia.nocookie.net/gunplabuilders/images/7/7b/MG-Gundam-AGE-1-F2-box.jpg/revision/latest?cb=20210223040712,source_model_code_wiki_release,14eb980d043173a363bcce2f0cd51ab20b3af934307c3228fe3c5c190b01b62c,490,721,
HG 1/144 COMMAND FUMINA,not_found,,,,,,,,,,bandai_manual: COMMAND FUMINA | dalong: Command Fumina | bandai_manual: WINNING FUMINA
MG 1/100 GUNDAM AGE-2 DARK HOUND,downloaded,MG 1_100 GUNDAM AGE-2 DARK HOUND__3b2d14305a.jpg,gunpla_gallery,Gundam AGE-2 Dark Hound,https://gunplagallery.com/kits/1321-mg-gundam-age-2-dark-hound,https://s3.amazonaws.com/gunplagallery/catalog/1321_original_DarkHound_MG_Boxart.jpg,exact,29d2f34a5595a9b36d44f9bd43298a146abb8288ec5f5925ec8fe30c1f0f3e17,964,1500,
HG 1/144 CORE GUNDAM (G3 COLOR) & VEETWO UNIT,downloaded,HG 1_144 CORE GUNDAM (G3 COLOR) & VEETWO UNIT__cddd1fe993.jpg,dalong,Core Gundam (G-3 Color) & Veetwo Unit,https://www.dalong.net/reviews/bf/bdr06/bdr06_p_e.htm,https://www.dalong.net/reviews/bf/bdr06/p/bdr06.jpg,exact,a1c3fc0d28120c733a01a40f73d972a8c082944e56ca39019ed3fd4e0743f5e6,1200,757,
MG 1/100 GUNDAM AGE-2 DOUBLE BULLET,downloaded,MG 1_100 GUNDAM AGE-2 DOUBLE BULLET__c880f2f5ee.jpg,gunpla_gallery,Gundam AGE-2 Double Bullet,https://gunplagallery.com/kits/1329-mg-gundam-age-2-double-bullet,https://s3.amazonaws.com/gunplagallery/catalog/1329_original_MG_Age2_Double_Bullet_Boxart.jpg,exact,e1d369de35a1d81cf0824d9deb131a361976a5d95fdd79071884cd22ec3884d1,580,729,
HG 1/144 CORE GUNDAM (REAL TYPE COLOR) & MARSFOUR UNIT,downloaded,HG 1_144 CORE GUNDAM (REAL TYPE COLOR) & MARSFOUR UNIT__ec6a6cb2c4.jpg,dalong,Core Gundam (Real Type Color) & Marsfour Unit,https://www.dalong.net/reviews/bf/bdr08/bdr08_p_e.htm,https://www.dalong.net/reviews/bf/bdr08/p/bdr08.jpg,exact,0791ae8904efb705da322c64f4778dbf61cb9c9df05b4b9368e72327d8867240,1200,756,
MG 1/100 GUNDAM AGE-2 NORMAL,downloaded,MG 1_100 GUNDAM AGE-2 NORMAL__bc7acdbd7e.jpg,gunpla_gallery,Gundam AGE-2 Normal,https://gunplagallery.com/kits/1318-mg-gundam-age-2-normal,https://s3.amazonaws.com/gunplagallery/catalog/1318_original_Age-2_boxart.jpg,exact,e72c318f9135422de147231cf91b3e01e2a60dca49eda2c3dfa0e16720d4c643,961,1500,
HG 1/144 CROSS BONE GUNDAM MAOH,downloaded,HG 1_144 CROSS BONE GUNDAM MAOH__45d2e7ebb6.jpg,dalong,Cross Bone Gundam Maoh,https://www.dalong.net/reviews/bf/bf14/bf14_p_e.htm,https://www.dalong.net/reviews/bf/bf14/p/bf14.jpg,exact,698bba0e2fd79a71a003a0114717b63e44daf09abf2f9cb2318b21e4c9e23398,300,188,
MG 1/100 GUNDAM AGE-2 NORMAL SP ver.,not_found,,,,,,,,,,bandai_manual: GUNDAM AGE-2 NORMAL SP ver. | gunpla_hobby: GUNDAM AGE-2 NORMAL SP ver. | bandai_manual: GUNDAM AGE-2 NORMAL
HG 1/144 CROSSBONE GUNDAM X-0,not_found,,,,,,,,,,bandai_manual: CROSSBONE GUNDAM X-0 | dalong: Crossbone Gundam X-0 | gunpla_hobby: CROSSBONE GUNDAM X-0
MG 1/100 GUNDAM AGEII MAGNUM,downloaded,MG 1_100 GUNDAM AGEII MAGNUM__cd18494f88.jpg,dalong,Gundam AGE II Magnum,https://www.dalong.net/reviews/mg/m208/m208_p_e.htm,https://www.dalong.net/reviews/mg/m208/p/m208.jpg,exact,feb4fc57d1bb04947e46f2c7e0a4d5893fa166b12de9bf4ed86ff2f6e45037be,1200,951,
HG 1/144 CROSSBONE GUNDAM X-0 FULL CLOTH,not_found,,,,,,,,,,bandai_manual: CROSSBONE GUNDAM X-0 FULL CLOTH | dalong: Crossbone Gundam X-0 Full Cloth | gunpla_hobby: CROSSBONE GUNDAM X-0 FULL CLOTH
MG 1/100 GUNDAM AMAZING EXIA,downloaded,MG 1_100 GUNDAM AMAZING EXIA__7a9cfb905c.webp,gunpla_wiki,MG PPGN-001 Gundam Amazing Exia,https://gunpla.fandom.com/wiki/MG_PPGN-001_Gundam_Amazing_Exia,https://static.wikia.nocookie.net/gunplabuilders/images/e/e6/MG-Gundam-Amazing-Exia-box.jpg/revision/latest?cb=20180514061730,source_model_code_wiki_release,055bc4039c996b6f5603480e31008a911e31c0c889ba993026f8d4f53364e7ed,500,397,
HG 1/144 CROSSBONE GUNDAM X1,downloaded,HG 1_144 CROSSBONE GUNDAM X1__a484c0986d.jpg,dalong,Crossbone Gundam X1,https://www.dalong.net/reviews/hg/h187/h187_p_e.htm,https://www.dalong.net/reviews/hg/h187/p/h187.jpg,exact,c50d1879763db8f395fb5d78d4aae7aac5798adff4e1acd3fee50b1797b8afd9,300,187,
MG 1/100 GUNDAM AMAZING RED WARRIOR,downloaded,MG 1_100 GUNDAM AMAZING RED WARRIOR__36f5394eb4.jpg,dalong,Gundam Amazing Red Warrior,https://www.dalong.net/reviews/mg/m189/m189_p_e.htm,https://www.dalong.net/reviews/mg/m189/p/m189.jpg,exact,059920287d230734f8e3b822e25beae0d51276468aa8b8d6241ea22fdf88226e,300,239,
HG 1/144 CROSSBONE GUNDAM X1 FULL CLOTH,not_found,,,,,,,,,,bandai_manual: CROSSBONE GUNDAM X1 FULL CLOTH | dalong: Crossbone Gundam X1 Full Cloth | gunpla_hobby: CROSSBONE GUNDAM X1 FULL CLOTH
MG 1/100 GUNDAM ASTRAEA + PROTO GN TWIN BROAD BLADE,downloaded,MG 1_100 GUNDAM ASTRAEA + PROTO GN TWIN BROAD BLADE__eada900bf8.webp,gunpla_wiki,MG GNY-001 Gundam Astraea + Proto GN Twin Broad Blade,https://gunpla.fandom.com/wiki/MG_GNY-001_Gundam_Astraea_%2B_Proto_GN_Twin_Broad_Blade,https://static.wikia.nocookie.net/gunplabuilders/images/d/df/MG-Gundam-Astraea-with-Proto-GN-Twin-Broad-Blade-box.jpg/revision/latest?cb=20250131165233,source_model_code_wiki_release,0484405502c527ba5490eaaccddcff779c6783c0f3b5d5fd80d63f63ac9cbf93,787,987,
HG 1/144 CROSSBONE GUNDAM X1 FULL CLOTH TYPE.GBFT,downloaded,HG 1_144 CROSSBONE GUNDAM X1 FULL CLOTH TYPE.GBFT__de13668a7f.jpg,dalong,Crossbone Gundam X1 Full Cloth Type.GBFT,https://www.dalong.net/reviews/bf/bf35/bf35_p_e.htm,https://www.dalong.net/reviews/bf/bf35/p/bf35.jpg,exact,bc0f7bd24f446ca59ee00264f61abd5adbef8d33d0fb02b3709c438e7a9e852c,300,191,
MG 1/100 GUNDAM ASTRAEA TYPE-F (FULL WEAPON SET),downloaded,MG 1_100 GUNDAM ASTRAEA TYPE-F (FULL WEAPON SET)__54df1a0508.webp,gunpla_wiki,MG GNY-001F Gundam Astraea Type F (Full Weapon Set),https://gunpla.fandom.com/wiki/MG_GNY-001F_Gundam_Astraea_Type_F_%28Full_Weapon_Set%29,https://static.wikia.nocookie.net/gunplabuilders/images/3/3c/MG-Gundam-Astraea-Type-F-Full-Weapon-Set-box.jpg/revision/latest?cb=20220428031334,source_model_code_cross_source,c909542d4256760013e673b03f1987d3b0dd4463cd8befe032aa2db6420dd52c,800,637,
HG 1/144 CROSSBONE GUNDAM X1 KAI,downloaded,HG 1_144 CROSSBONE GUNDAM X1 KAI__c5618ac2c2.jpg,gunpla_hangar,XM-X1 Crossbone Gundam X-1 Kai,https://gunplahangar.com/kits/hguc-xm-x1-crossbone-gundam-x-1-kai,https://gunplahangar.com/img/kits/hguc-xm-x1-crossbone-gundam-x-1-kai/box-art-800.jpg,source_model_code_hangar_exact,db569d520eff97daa40d1b1cd957b80e27951246881700e703035bb236c2baa4,384,243,
MG 1/100 GUNDAM ASTRAY BLUE FRAME 2nd REVISE,downloaded,MG 1_100 GUNDAM ASTRAY BLUE FRAME 2nd REVISE__1a51a189a4.jpg,bandai_manual,GUNDAM ASTRAY BLUE FRAME 2nd REVISE,https://manual.bandai-hobby.net/menus/detail/571,https://bandai-hobby.net/images/157_2629_s_ademsdqfm1x7zynd12uxznsmumht.jpg,official_exact,714343ec2f312c736bf72e4546ee529b95c580635ed3f211af17a7c0d70224a6,1200,1200,
HG 1/144 CROSSBONE GUNDAM X2,not_found,,,,,,,,,,bandai_manual: CROSSBONE GUNDAM X2 | dalong: Crossbone Gundam X2 | gunpla_hobby: CROSSBONE GUNDAM X2
MG 1/100 GUNDAM Astray Blue Frame D,downloaded,MG 1_100 GUNDAM Astray Blue Frame D__fd6dfc447a.jpg,dalong,Gundam Astray Blue Frame D,https://www.dalong.net/reviews/mg/m184/m184_p_e.htm,https://www.dalong.net/reviews/mg/m184/p/m184.jpg,exact,3bf3cbda98a7698e9f1aac2e74851b5b65e80edf458cd856d686c851260aba15,238,300,
HG 1/144 CROSSBONE GUNDAM X2 KAI,not_found,,,,,,,,,,bandai_manual: CROSSBONE GUNDAM X2 KAI | dalong: Crossbone Gundam X2 Kai | gunpla_hobby: CROSSBONE GUNDAM X2 KAI
MG 1/100 GUNDAM ASTRAY MIRAGE FRAME 2nd ISSUE,downloaded,MG 1_100 GUNDAM ASTRAY MIRAGE FRAME 2nd ISSUE__21eeee9136.webp,gunpla_wiki,MG MBF-P05LM2 Gundam Astray Mirage Frame 2nd Issue,https://gunpla.fandom.com/wiki/MG_MBF-P05LM2_Gundam_Astray_Mirage_Frame_2nd_Issue,https://static.wikia.nocookie.net/gunplabuilders/images/c/cb/MG-Gundam-Astray-Mirage-Frame-2nd-Issue-box.jpg/revision/latest?cb=20251230175752,source_model_code_wiki_release,69084e8d941c100ba1a32b3d0d5cbff1fa50f7974c1ad090b337527390c9abe1,1000,794,
HG 1/144 CROSSBONE GUNDAM X3,not_found,,,,,,,,,,bandai_manual: CROSSBONE GUNDAM X3 | dalong: Crossbone Gundam X3 | bandai_manual: CROSSBONE GUNDAM X2
MG 1/100 GUNDAM ASTRAY NOIR,downloaded,MG 1_100 GUNDAM ASTRAY NOIR__a27340d2bc.jpg,gunpla_hobby,GUNDAM ASTRAY NOIR,https://gunpla-hobby.com/gunpla/mg-1-100-mg-1-100-0a41b6,https://thumbnail.image.rakuten.co.jp/@0_mall/goodwoods/cabinet/rakutengazou3pic/systempic065/40651300hvjt3zg1.jpg,official_title_release_month,1d09741dabdbfafc5a5a0e1001a5ac7144c4f613555a9e742f7dccc808dd6305,500,314,
HG 1/144 CYCLASE’S SCHWALBE CUSTOM,downloaded,HG 1_144 CYCLASE’S SCHWALBE CUSTOM__6c568a293d.jpg,gunpla_gallery,Cyclase's Schwalbe Custom,https://gunplagallery.com/kits/46020-hg-cyclase-s-schwalbe-custom,https://s3.amazonaws.com/gunplagallery/catalog/46020_original_HGIBO_1-144_Cyclases's_Schwalbe_Custom_box_art.jpeg,exact,677b2749a21f53a0bed4c0e55265968f16205a6708c9002d9eb9dbd043a133b1,1500,946,
MG 1/100 GUNDAM ASTRAY OUT FRAME D,not_found,,,,,,,,,,bandai_manual: GUNDAM ASTRAY OUT FRAME D | gunpla_hobby: GUNDAM ASTRAY OUT FRAME D | dalong: Gundam Astray Blue Frame D
HG 1/144 D GUNDAM SECOND,not_found,,,,,,,,,,bandai_manual: D GUNDAM SECOND | dalong: D Gundam Second | gunpla_hobby: D GUNDAM SECOND
MG 1/100 GUNDAM ASTRAY RED FRAME,not_found,,,,,,,,,,bandai_manual: GUNDAM ASTRAY RED FRAME | dalong: Gundam Astray Red Frame | gunpla_hobby: GUNDAM ASTRAY RED FRAME
HG 1/144 DAGGER L,downloaded,HG 1_144 DAGGER L__f9b31fbdde.jpg,dalong,Dagger L,https://www.dalong.net/reviews/hg/h237/h237_p_e.htm,https://www.dalong.net/reviews/hg/h237/p/h237.jpg,exact,4b3626a301935fabd85a7854b6f386d6ee67f82e18500fd8eb0c1d4740139d01,1200,756,
MG 1/100 GUNDAM ASTRAY RED FRAME FLIGHT UNIT,downloaded,MG 1_100 GUNDAM ASTRAY RED FRAME FLIGHT UNIT__8aaf2b0c4e.webp,gunpla_wiki,MG MBF-P02 Gundam Astray Red Frame (Flight Unit),https://gunpla.fandom.com/wiki/MG_MBF-P02_Gundam_Astray_Red_Frame_%28Flight_Unit%29,https://static.wikia.nocookie.net/gunplabuilders/images/d/dc/MG-Gundam-Astray-Red-Frame-Flight-Unit-%28Box%29.jpg/revision/latest?cb=20201201082427,source_model_code_wiki_release,408b407211ce2b646001cdb2284a804ea69ecfc793323f4654c2bd7a1254da21,975,776,
HG 1/144 DAHACK,downloaded,HG 1_144 DAHACK__90acb4d1f2.jpg,dalong,Dahack,https://www.dalong.net/reviews/hg/gs14/gs14_p_e.htm,https://www.dalong.net/reviews/hg/gs14/p/gs14.jpg,exact,feac6bd04f7381d568b711c755eafc97b41da00d84348c371d070ec0db8de5dc,300,189,
MG 1/100 GUNDAM BARBATOS,downloaded,MG 1_100 GUNDAM BARBATOS__867f01fcab.jpg,dalong,Gundam Barbatos,https://www.dalong.net/reviews/mg/m212/m212_p_e.htm,https://www.dalong.net/reviews/mg/m212/p/m212.jpg,exact,e6d366db800c73b26a1385b6426fbd19bce2aefdf59c283981c55653c738b5c1,1200,957,
HG 1/144 DANAZINE,downloaded,HG 1_144 DANAZINE__40da3feada.jpg,dalong,Danazine,https://www.dalong.net/reviews/age/agh22/agh22_p_e.htm,https://www.dalong.net/reviews/age/agh22/p/agh22.jpg,exact,6a9066894cc2cb7a634169329fb53b98fb205f5f6927a05dba904e4957dcd162,300,189,
MG 1/100 GUNDAM BASE LIMITED MSN-04 SAZABI VER.KA [SPECIAL COATING],not_found,,,,,,,,,,bandai_manual: GUNDAM BASE LIMITED MSN-04 SAZABI VER.KA [SPECIAL COATING] | bandai_manual: MSN-04 SAZABI Ver.Ka | gunpla_gallery: MSN-04 Sazabi Ver.Ka
HG 1/144 DARILBALDE,downloaded,HG 1_144 DARILBALDE__4b89eb37b7.jpg,dalong,Darilbalde,https://www.dalong.net/reviews/hg/wmh08/wmh08_p_e.htm,https://www.dalong.net/reviews/hg/wmh08/p/wmh08.jpg,exact,cfe5395468ebd2d6156a9210c26686fdd26c95593cabc2806472caf996bee49e,1160,764,
MG 1/100 GUNDAM DEATHSCYTHE EW (ROUSSETTE UNIT),downloaded,MG 1_100 GUNDAM DEATHSCYTHE EW (ROUSSETTE UNIT)__376cfb753c.jpg,gunpla_hobby,GUNDAM DEATHSCYTHE EW (ROUSSETTE UNIT),https://gunpla-hobby.com/gunpla/mg-1-100-1-100-cfa311,https://tshop.r10s.jp/otakaraat/cabinet/04991288/s064/c20260302a002a121.jpg,official_title_release_month,ce5ee8fee54c424992ecd470387edf9f8d57c22a18980552cb06a3d6662dc6bc,480,480,
HG 1/144 DARK DAGGER L,downloaded,HG 1_144 DARK DAGGER L__ca59dce4ef.jpg,gunpla_hangar,GAT-02L2 Dark Dagger L,https://gunplahangar.com/kits/hgce-gat-02l2-dark-dagger-l,https://gunplahangar.com/img/kits/hgce-gat-02l2-dark-dagger-l/box-art-800.jpg,source_model_code_hangar_exact,6d6560e6b272273625dd93f0bb6bb15b0698a0251d38414ef863a62abf56503c,800,507,
MG 1/100 GUNDAM DEATHSCYTHE EW VER.,downloaded,MG 1_100 GUNDAM DEATHSCYTHE EW VER__97ef640006.jpg,gunpla_hobby,GUNDAM DEATHSCYTHE EW VER.,https://gunpla-hobby.com/gunpla/mg-1-100-mg-1-100-xxxg-01d-ew-47f69b,https://thumbnail.image.rakuten.co.jp/@0_mall/nakamuramokei/cabinet/pra/1000092378_6.jpg,official_title_release_month,f809e32c41cf53553d9ffcc950168ae57d179b2707c62d0ac5fb6d94a0d9c045,1200,1200,
HG 1/144 DAUGHTRESS,not_found,,,,,,,,,,bandai_manual: DAUGHTRESS | dalong: Daughtress | gunpla_hobby: DAUGHTRESS
MG 1/100 GUNDAM DOUBLE X,downloaded,MG 1_100 GUNDAM DOUBLE X__f72106b9c8.jpg,dalong,Gundam Double X,https://www.dalong.net/reviews/mg/m186/m186_p_e.htm,https://www.dalong.net/reviews/mg/m186/p/m186.jpg,exact,8bf8e58050f9dd54119b940b1bd555dddeb3dfd5de2302c519845a2085aba6cb,194,300,
HG 1/144 DEATH ARMY,downloaded,HG 1_144 DEATH ARMY__dd33574e6d.jpg,dalong,Death Army,https://www.dalong.net/reviews/hg/h230/h230_p_e.htm,https://www.dalong.net/reviews/hg/h230/p/h230.jpg,exact,79ea5b28917d719b3507fe7f5637f0985abe72c1fc4c682f04c8c45069ee8e93,1200,759,
MG 1/100 GUNDAM DYNAMES(TRANS-AM MODE)[METALLIC GROSS INJECTION],not_found,,,,,,,,,,bandai_manual: GUNDAM DYNAMES(TRANS-AM MODE)[METALLIC GROSS INJECTION] | dalong: Gundam Dynames (Trans-Am Mode) [Metalic Gloss Injection] | gunpla_hangar: GN-002 Gundam Dynames (Trans-Am Mode) (Metallic Gloss Injection)
HG 1/144 DEBORAH’S ADVANCED GN-X,not_found,,,,,,,,,,bandai_manual: DEBORAH’S ADVANCED GN-X | dalong: Deborah's Advanced GN-X | gunpla_hobby: DEBORAH’S ADVANCED GN-X
MG 1/100 GUNDAM EPYON EW VER.,downloaded,MG 1_100 GUNDAM EPYON EW VER__954bece159.jpg,bandai_manual,GUNDAM EPYON EW VER.,https://manual.bandai-hobby.net/menus/detail/590,https://bandai-hobby.net/images/157_2719_s_dmfy5s34hi1g4ffgbgte5l4zx4iy.jpg,official_exact,8c190d47d4e201a2aab96a40a1181eb2d2115a069c6f7ba701331e0615204feb,1200,1200,
HG 1/144 DELTA GUNDAM,downloaded,HG 1_144 DELTA GUNDAM__0c7a0f8a8a.jpg,dalong,Delta Gundam,https://www.dalong.net/reviews/hg/h136/h136_p_e.htm,https://www.dalong.net/reviews/hg/h136/p/h136.jpg,exact,278e698cf1ec8a3ede239882064813cc95b5400c7d0829992ba5c638e47a2ba1,300,182,
MG 1/100 GUNDAM Ex IMPULSE,not_found,,,,,,,,,,bandai_manual: GUNDAM Ex IMPULSE | dalong: Gundam Ex Impulse | gunpla_hobby: GUNDAM Ex IMPULSE
HG 1/144 DEMI BARDING,downloaded,HG 1_144 DEMI BARDING__e1ed859795.jpg,dalong,Demi Barding,https://www.dalong.net/reviews/hg/wmh23/wmh23_p_e.htm,https://www.dalong.net/reviews/hg/wmh23/p/wmh23.jpg,exact,2c3b774b7e3d626ff9c2e2f94087efe336e74f9bf3b1239c27490eb6c40c9949,1200,759,
MG 1/100 GUNDAM EXIA,downloaded,MG 1_100 GUNDAM EXIA__1ac5ef9bf1.jpg,gunpla_gallery,GN-001 Gundam Exia,https://gunplagallery.com/kits/1282-mg-gn-001-gundam-exia,https://s3.amazonaws.com/gunplagallery/catalog/1282_original_MG_-_GN-001_-_Gundam_Exia_-_Boxart.jpg,source_model_code_cross_source,674e060272d0f03c096eddf5e0c95db497e175954e77ea8ea4a1e96ad2d23652,2326,3633,
HG 1/144 DEMI GARRISON,downloaded,HG 1_144 DEMI GARRISON__4ea9a76b25.jpg,gunpla_hangar,MSJ-OP122 Demi Garrison,https://gunplahangar.com/kits/hgtwfm-msj-op122-demi-garrison,https://gunplahangar.com/img/kits/hgtwfm-msj-op122-demi-garrison/box-art-800.jpg,source_model_code_hangar_exact,70a6d63df1cfbd1f19e4cfdd62d533273785acab18db3a62a8751a3816dc5caa,800,504,
MG 1/100 GUNDAM EXIA (IGNITION MODE),downloaded,MG 1_100 GUNDAM EXIA (IGNITION MODE)__a17efa1c14.jpg,dalong,Gundam Exia Ignition Mode,https://www.dalong.net/reviews/mg/m122i/m122i_p_e.htm,https://www.dalong.net/reviews/mg/m122i/p/m122i.jpg,exact,7eaef683a1777b5114f7f20ec2e0476a042dd0fa46290dbf5ea2e6d25e354737,289,226,
HG 1/144 DEMI TRAINER,downloaded,HG 1_144 DEMI TRAINER__b46896fed8.jpg,dalong,Demi Trainer,https://www.dalong.net/reviews/hg/wmh09/wmh09_p_e.htm,https://www.dalong.net/reviews/hg/wmh09/p/wmh09.jpg,exact,c7a6aea25f01b1d5615e65f27447beb299ef4026aab5770f6b9bbfaac8c78706,1200,762,
MG 1/100 GUNDAM EXIA (TRANS-AM MODE),downloaded,MG 1_100 GUNDAM EXIA (TRANS-AM MODE)__669a060186.jpg,dalong,Gundam Exia : Trans-Am mode,https://www.dalong.net/reviews/mg/m122t/m122t_p_e.htm,https://www.dalong.net/reviews/mg/m122t/p/m122t.jpg,exact,a0e2de19c05e53dafe0b71917dba08a32722b3dd6a8d7e70ff5a5cebc2d813f4,290,231,
HG 1/144 DENIAL GUNDAM,downloaded,HG 1_144 DENIAL GUNDAM__28108aed67.jpg,dalong,Denial Gundam,https://www.dalong.net/reviews/bf/bf37/bf37_p_e.htm,https://www.dalong.net/reviews/bf/bf37/p/bf37.jpg,exact,e227f3060b5b2bdfb12a94cbb2dd79b1a5fe4adb3f4c67121d13ecf7590ddd8e,300,189,
MG 1/100 GUNDAM EXIA REPAIR III,downloaded,MG 1_100 GUNDAM EXIA REPAIR III__7a0ad803b1.webp,gunpla_wiki,MG GN-001REIII Gundam Exia Repair III,https://gunpla.fandom.com/wiki/MG_GN-001REIII_Gundam_Exia_Repair_III,https://static.wikia.nocookie.net/gunplabuilders/images/2/24/MG-Gundam-Exia-Repair-III-box.jpg/revision/latest?cb=20240414040308,source_model_code_cross_source,ebdc0f81488c9b48900816baee770b78b7fb4fa3dd264bdee67a932e14ccfe55,800,1005,
HG 1/144 DESTINY GUNDAM,downloaded,HG 1_144 DESTINY GUNDAM__367b2c3775.jpg,gunpla_hangar,ZGMF-X42S Destiny Gundam,https://gunplahangar.com/kits/hgce-zgmf-x42s-destiny-gundam,https://gunplahangar.com/img/kits/hgce-zgmf-x42s-destiny-gundam/box-art-800.jpg,source_model_code_hangar_exact,0550cdfc507617f80e1930329c58db044d0021f40180e321eac766ea413ed487,800,503,
MG 1/100 GUNDAM F91,downloaded,MG 1_100 GUNDAM F91__91aa1629f7.jpg,gunpla_gallery,F91 Gundam F91,https://gunplagallery.com/kits/1246-mg-f91-gundam-f91,https://s3.amazonaws.com/gunplagallery/catalog/1246_original_MG_-_F91_Gundam_F91_-_Boxart.jpg,gallery_title_release_month,3e33e48a4b7903b5ae714dbadf73a20749afb45d772aecb5ff8f4c01d1628177,2317,3600,
HG 1/144 DESTINY GUNDAM (HEINE WESTENFLUSS CUSTOM),downloaded,HG 1_144 DESTINY GUNDAM (HEINE WESTENFLUSS CUSTOM)__9b1e368597.jpg,dalong,Destiny Gundam [Heine Westenfluss Custom],https://www.dalong.net/reviews/hg/h226/h226_p_e.htm,https://www.dalong.net/reviews/hg/h226/p/h226.jpg,exact,b44eb19339b2495efae8583494a281e42890525623b95fdba4419ab800a4205d,1200,756,
MG 1/100 GUNDAM F91 (HARRISON'S),downloaded,MG 1_100 GUNDAM F91 (HARRISON'S)__c12e0f2b50.jpg,bandai_manual,GUNDAM F91 (HARRISON'S),https://manual.bandai-hobby.net/menus/detail/544,https://bandai-hobby.net/images/155_689_o_1h36thngr50q5h11nhg1vt1gbc23.jpg,official_exact,8f9841c5d36dd8b3a017aa939d350544d14ba8d56bd5d0062c322122abed7940,1200,1200,
HG 1/144 DESTINY GUNDAM (HEINE WESTENFLUSS CUSTOM) [CLEAR COLOR],not_found,,,,,,,,,,bandai_manual: DESTINY GUNDAM (HEINE WESTENFLUSS CUSTOM) | dalong: Destiny Gundam [Heine Westenfluss Custom] | gunpla_hobby: DESTINY GUNDAM (HEINE WESTENFLUSS CUSTOM)
MG 1/100 GUNDAM F91 Ver.2.0,downloaded,MG 1_100 GUNDAM F91 Ver.2.0__af12fcfac2.jpg,dalong,Gundam F91 Ver.2.0,https://www.dalong.net/reviews/mg/m203/m203_p_e.htm,https://www.dalong.net/reviews/mg/m203/p/m203.jpg,exact,35ba0d506681cf5bd187dede4f7ee7b1fa98caad8eab0234464ed5f5c33b8f6d,957,1200,
HG 1/144 DESTINY GUNDAM SpecII[FINAL BATTLE IMAGE COLOR],not_found,,,,,,,,,,bandai_manual: DESTINY GUNDAM SpecII[FINAL BATTLE IMAGE COLOR] | gunpla_hobby: DESTINY GUNDAM SpecII[FINAL BATTLE IMAGE COLOR] | dalong: Destiny Gundam Spec II [Final Battle Image Color]
MG 1/100 GUNDAM F91 Ver.2.0 [TITANIUM FINISH],downloaded,MG 1_100 GUNDAM F91 Ver.2.0 [TITANIUM FINISH]__9762d096e0.webp,gunpla_wiki,MG F91 Gundam F91 (Ver. 2.0) (Titanium Finish),https://gunpla.fandom.com/wiki/MG_F91_Gundam_F91_%28Ver._2.0%29_%28Titanium_Finish%29,https://static.wikia.nocookie.net/gunplabuilders/images/1/1c/MG-Gundam-F91-%28Ver.2.0%29-Titanium-Finish-1.jpg/revision/latest?cb=20210719092405,source_model_code_wiki_release,714359f2de02abfacf6b6a878d4dd522ac468d49baf8c2579d9cb81e0f3f6082,1200,1200,
HG 1/144 DESULTOR,downloaded,HG 1_144 DESULTOR__8ef1c86207.jpg,gunpla_hangar,MD-0021 Desultor,https://gunplahangar.com/kits/hgtwfm-md-0021-desultor,https://gunplahangar.com/img/kits/hgtwfm-md-0021-desultor/box-art-800.jpg,source_model_code_hangar_exact,b3f1de094506cc9af98395481a241097b765eec2105a13b89f69bd284797aa89,800,507,
MG 1/100 GUNDAM F91 Ver.2.0(HARRISON MADIN CUSTOM),downloaded,MG 1_100 GUNDAM F91 Ver.2.0(HARRISON MADIN CUSTOM)__b39427d406.webp,gunpla_wiki,MG F91 Gundam F91 (Ver. 2.0) (Harrison Madin Custom),https://gunpla.fandom.com/wiki/MG_F91_Gundam_F91_%28Ver._2.0%29_%28Harrison_Madin_Custom%29,https://static.wikia.nocookie.net/gunplabuilders/images/9/97/MG-Gundam-F91-%28Ver.2.0%29-%28Harrison-Madin%29-box.jpg/revision/latest?cb=20210719090809,source_model_code_cross_source,310b0ccbd212caa045dc3a5f1bf3a77561f0ed199c4a45a38684f1cfdbce413b,406,512,
HG 1/144 DICTUS ( CALLISTO OF SHADOW CUSTOM ),not_found,,,,,,,,,,bandai_manual: DICTUS ( CALLISTO OF SHADOW CUSTOM ) | gunpla_hobby: DICTUS ( CALLISTO OF SHADOW CUSTOM ) | bandai_manual: EFREET CUSTOM
MG 1/100 GUNDAM FENICE RINASCITA,downloaded,MG 1_100 GUNDAM FENICE RINASCITA__234aead518.jpg,dalong,Gundam Fenice Rinascita,https://www.dalong.net/reviews/mg/m188/m188_p_e.htm,https://www.dalong.net/reviews/mg/m188/p/m188.jpg,exact,9ada695c8c843ec09b4aa320e889079f569963fabb3a49c87f56b05cbdc0cdd9,300,239,
HG 1/144 DIJEH,downloaded,HG 1_144 DIJEH__c2dc014a77.jpg,dalong,Dijeh,https://www.dalong.net/reviews/hg/h219/h219_p_e.htm,https://www.dalong.net/reviews/hg/h219/p/h219.jpg,exact,58bcf831a4355ffc1894fef748e6966fe6d8e896189e68f6c31a04a50789f3be,1200,747,
MG 1/100 GUNDAM FENICE RINASCITA ALBA,downloaded,MG 1_100 GUNDAM FENICE RINASCITA ALBA__098d913092.jpg,gunpla_hobby,GUNDAM FENICE RINASCITA ALBA,https://gunpla-hobby.com/gunpla/mg-1-100-1-100-1a9acd,https://tshop.r10s.jp/otakarakan/cabinet/05682550/08732150/imgrc0124136964.jpg,official_title_release_month,517b76789d34722da2f6fb3bd360e3060d58875bb8be8b8dcb1d7076bbd7f807,1024,811,
HG 1/144 DIJEH(NARRATIVE Ver.),downloaded,HG 1_144 DIJEH(NARRATIVE Ver.)__e252a09b5e.jpg,gunpla_hangar,MSK-008 Dijeh (Narrative Ver.),https://gunplahangar.com/kits/hguc-msk-008-dijeh-narrative-ver,https://gunplahangar.com/img/kits/hguc-msk-008-dijeh-narrative-ver/box-art-800.jpg,source_model_code_hangar_exact,7ef7303befac72d4eb0d06ecb78820c6042cbb334e3f4fae72a05de2646c6f86,800,512,
MG 1/100 GUNDAM GP01,downloaded,MG 1_100 GUNDAM GP01__8aff8c721c.jpg,gunpla_gallery,Gundam GP01,https://gunplagallery.com/kits/1169-mg-gundam-gp01,https://s3.amazonaws.com/gunplagallery/catalog/1169_original_Mg-rx-78gp01.jpg,exact,39e5f1349992cdbde09b87901d430b6f61cc1bb8dbc6b98297741092126986d6,1024,1582,
HG 1/144 DILANZA SOL,downloaded,HG 1_144 DILANZA SOL__70885eb80e.jpg,dalong,Dilanza Sol,https://www.dalong.net/reviews/hg/wmh21/wmh21_p_e.htm,https://www.dalong.net/reviews/hg/wmh21/p/wmh21.jpg,exact,93c0c722416b11e0fa63470f70d928bfcb03397f761417e079cdc9ff5f9355df,1200,756,
MG 1/100 GUNDAM GP01-Fb,downloaded,MG 1_100 GUNDAM GP01-Fb__b9b48bd0d9.jpg,gunpla_gallery,Gundam GP01Fb,https://gunplagallery.com/kits/1171-mg-gundam-gp01fb,https://s3.amazonaws.com/gunplagallery/catalog/1171_original_Mg-rx-78gp01fb.jpg,exact,79c77f38db2326a6349a812ed80af7090b61e612a0fa4d01acdf48cab31f32d4,1024,1596,
HG 1/144 DILANZA STANDARD TYPE/LAUDA'S DILANZA,downloaded,HG 1_144 DILANZA STANDARD TYPE_LAUDA'S DILANZA__e5c0f45664.jpg,dalong,Dilanza Standard Type / Lauda's Dilanza,https://www.dalong.net/reviews/hg/wmh05/wmh05_p_e.htm,https://www.dalong.net/reviews/hg/wmh05/p/wmh05.jpg,exact,40f4b35284be1fb1775fb986631ae5d47af0261d705e2c66a6533acac3f5287e,1200,752,
MG 1/100 GUNDAM GP02A,downloaded,MG 1_100 GUNDAM GP02A__00f5d49e29.jpg,bandai_manual,GUNDAM GP02A,https://manual.bandai-hobby.net/menus/detail/986,https://bandai-hobby.net/images/156_2501_s_rla3bfsbqfichumu2akg7wvewo6s.jpg,official_exact,1b439f51f484c985093c0e51909211816a49d35498881da8f3027b6893708ca0,1200,1200,
HG 1/144 DO-DAI KAI,not_found,,,,,,,,,,bandai_manual: DO-DAI KAI | gunpla_hobby: DO-DAI KAI | dalong: Do-Dai Kai (Custom)
MG 1/100 GUNDAM HEAVYARMS CUSTOM EW,downloaded,MG 1_100 GUNDAM HEAVYARMS CUSTOM EW__5f02f67cfd.jpg,gunpla_hobby,GUNDAM HEAVYARMS CUSTOM EW,https://gunpla-hobby.com/gunpla/mg-1-100-1-100-c5c3e9,https://thumbnail.image.rakuten.co.jp/@0_mall/cocohouse/cabinet/2005m09-1/b01k3xa0to.jpg,official_title_release_month,43cc4cb3b4736c5729570208ac57cc2a9955a2bdcb62eaf8bd64376949fb9736,350,276,
HG 1/144 Dom Prototype Experimental Machine,not_found,,,,,,,,,,dalong: 1/144 YMS-09 Prototype Dom | dalong: 1/100 YMS-09 Prototype Dom | bandai_manual: DOM R35
MG 1/100 GUNDAM HEAVYARMS EW (IGEL UNIT),not_found,,,,,,,,,,bandai_manual: GUNDAM HEAVYARMS EW (IGEL UNIT) | dalong: Gundam Heavyarms EW (Igel Unit) | gunpla_hobby: GUNDAM HEAVYARMS EW (IGEL UNIT)
HG 1/144 DOM R35,downloaded,HG 1_144 DOM R35__88ba0c1dd3.jpg,dalong,Dom R35,https://www.dalong.net/reviews/bf/bf39/bf39_p_e.htm,https://www.dalong.net/reviews/bf/bf39/p/bf39.jpg,exact,94613455c8fa3bb7eb510b953fa25c8a09d6ef82094de796aa947685cb096b72,300,189,
MG 1/100 GUNDAM HEAVYARMS EW VER.,downloaded,MG 1_100 GUNDAM HEAVYARMS EW VER__4eab0fa3d9.jpg,bandai_manual,GUNDAM HEAVYARMS EW VER.,https://manual.bandai-hobby.net/menus/detail/594,https://bandai-hobby.net/images/156_2727_s_fueagxcvp7mb237tu2bcov81ikrc.jpg,official_exact,5b399ba2293fab5a32491dc70c250acbd444d4936fe44c55df5f1ba062161f96,1200,1200,
HG 1/144 DOM TRIPLE SET,downloaded,HG 1_144 DOM TRIPLE SET__64b4c66683.jpg,bandai_manual,DOM TRIPLE SET,https://manual.bandai-hobby.net/menus/detail/252,https://bandai-hobby.net/images/155_612_o_1h0q07vl5186ohmg1ljd1811koa23.jpg,official_exact,3bae86a4d6274cce4e4bef75199d3201f9644b808f0788ee130749fa2ef3160f,1200,1200,
MG 1/100 GUNDAM KYRIOS,downloaded,MG 1_100 GUNDAM KYRIOS__fa5bdade52.jpg,dalong,Gundam Kyrios,https://www.dalong.net/reviews/mg/m214/m214_p_e.htm,https://www.dalong.net/reviews/mg/m214/p/m214.jpg,exact,23b302a5dbc7806bc94ec3e5a4d0f036a0943198f60b2a433da905749b6dd54d,1200,954,
HG 1/144 DOM TROPEN,downloaded,HG 1_144 DOM TROPEN__a76308d92b.jpg,dalong,Domtropen,https://www.dalong.net/reviews/hg/h17/h17_p_e.htm,https://www.dalong.net/reviews/hg/h17/p/h17.jpg,exact,86ad9643bc00c43d5e35fccb7b6445f7360c13b714eb004368515b01007199c1,290,177,
MG 1/100 GUNDAM LIBERTY ASTRAY RED FRAME,not_found,,,,,,,,,,bandai_manual: GUNDAM ASTRAY RED FRAME | dalong: Gundam Astray Red Frame | gunpla_hobby: GUNDAM ASTRAY RED FRAME
HG 1/144 DOM/ RICK-DOM,downloaded,HG 1_144 DOM_ RICK-DOM__eede7c0c5d.jpg,dalong,Dom / Rick-Dom,https://www.dalong.net/reviews/hg/h59/h59_p_e.htm,https://www.dalong.net/reviews/hg/h59/p/h59.jpg,exact,daa231654e04310ee6d31ee76c22a7d520167dc31a08fd1451f8ff76abd44e5c,289,176,
MG 1/100 GUNDAM Mk-II A.E.U.G (WHITE),downloaded,MG 1_100 GUNDAM Mk-II A.E.U.G (WHITE)__d918a3f497.jpg,gunpla_hobby,GUNDAM Mk-II A.E.U.G (WHITE),https://gunpla-hobby.com/gunpla/mg-1-100-mg-1-100-mk-ii-97730e,https://thumbnail.image.rakuten.co.jp/@0_mall/mujica-felice/cabinet/used6-4/b004741ync.jpg,official_title_release_month,4a0ab29a86e0b596d405944ad0f9c4d8b0fb4f2457544ea4e48cad73a71d58b4,284,350,
HG 1/144 DORADO,downloaded,HG 1_144 DORADO__64f41191a3.jpg,dalong,Dorado,https://www.dalong.net/reviews/age/ag16/ag16_e.htm,https://www.dalong.net/reviews/age/ag16/p/ag16.jpg,exact,3464a6734d37558d60ad1369bf5d7142f5de65f0f32e2e9b0e0437e1f63faa02,221,300,
MG 1/100 GUNDAM Mk-II TITANS (BLACK),downloaded,MG 1_100 GUNDAM Mk-II TITANS (BLACK)__dde72558c5.jpg,bandai_manual,GUNDAM Mk-II TITANS (BLACK),https://manual.bandai-hobby.net/menus/detail/422,https://bandai-hobby.net/images/155_2505_s_o8lnwow2ef0su3ma8xyeda7dmuho.jpg,official_exact,7b227f286d22dbdcb64d5e15f5e89cc03fb7e237b087c122095c37099bdf4d7b,1200,1200,
HG 1/144 DOUBLE REBAKE RIFLE,downloaded,HG 1_144 DOUBLE REBAKE RIFLE__9ddbdf7b0f.jpg,gunpla_gallery,Double Rebake Rifle,https://gunplagallery.com/kits/17346-hg-double-rebake-rifle,https://s3.amazonaws.com/gunplagallery/catalog/17346_original_HGBDR_Double_Rebake_Rifle.jpg,exact,66217d81fdfd811dd34c7fccb877c5dc9d9037b7985cc37f43c4ae6817ed3c5c,950,1200,
MG 1/100 GUNDAM Mk-II TITANS Ver.2.0,downloaded,MG 1_100 GUNDAM Mk-II TITANS Ver.2.0__73d5376b86.jpg,gunpla_gallery,RX-178 Gundam Mk-II (Titans) Ver.2.0,https://gunplagallery.com/kits/1244-mg-rx-178-gundam-mk-ii-titans-ver-2-0,https://s3.amazonaws.com/gunplagallery/catalog/1244_original_Mg-rx-178t-ver2.jpg,source_model_code_cross_source,b1c25cf50c40b9327a7c715da012f09f86ec3a5ae8f80da2fd4090b8ac97a791,1024,1322,
HG 1/144 DOVEN WOLF,downloaded,HG 1_144 DOVEN WOLF__7514f3d0f7.jpg,dalong,Doven Wolf,https://www.dalong.net/reviews/hg/h173/h173_p_e.htm,https://www.dalong.net/reviews/hg/h173/p/h173.jpg,exact,0db78d3ab856dc0a0ae24198b931a9edc63b13c2677e92e192fb1ec3f94ee85b,300,193,
MG 1/100 GUNDAM Mk-II Ver.2.0,downloaded,MG 1_100 GUNDAM Mk-II Ver.2.0__2845d55143.jpg,bandai_manual,GUNDAM Mk-II Ver.2.0,https://manual.bandai-hobby.net/menus/detail/537,https://bandai-hobby.net/images/156_592_s_wcmg2gg6vstww8umyprf7v6x7tz2.jpg,official_exact,c66df1251fe54d58a4b81b439689da7ae68a859a6e3ff0286a5fee7d5ecd27c1,1200,1200,
HG 1/144 DOVEN WOLF (UNICORN VER.),downloaded,HG 1_144 DOVEN WOLF (UNICORN VER.)__09ff475253.jpg,dalong,Doven Wolf [Unicorn Ver.],https://www.dalong.net/reviews/hg/h160/h160_p_e.htm,https://www.dalong.net/reviews/hg/h160/p/h160.jpg,exact,4b618ed731d208ac6417186fe4627ebdb4143c34e82659c03cafd30abe12ad45,300,193,
MG 1/100 GUNDAM NT-1,downloaded,MG 1_100 GUNDAM NT-1__9fbe4a3bd8.jpg,dalong,Gundam NT-1,https://www.dalong.net/reviews/mg/m22/m22_p_e.htm,https://www.dalong.net/reviews/mg/m22/p/m22.jpg,exact,33d1b957508961edc23a969800d357abecf6e85644675811c01a5389fd4090c9,186,291,
HG 1/144 DRA-C,downloaded,HG 1_144 DRA-C__6a392143bc.jpg,dalong,Dra-C,https://www.dalong.net/reviews/hg/h133/h133_p_e.htm,https://www.dalong.net/reviews/hg/h133/p/h133.jpg,exact,02ec0cc9e91495cbe4f41331083933ab3eb5cc9bd3f98378c4f30a748beb8eeb,300,180,
MG 1/100 GUNDAM NT-1 Ver.2.0,downloaded,MG 1_100 GUNDAM NT-1 Ver.2.0__174e1b22e9.jpg,dalong,Gundam NT-1 Ver.2.0,https://www.dalong.net/reviews/mg/m210/m210_p_e.htm,https://www.dalong.net/reviews/mg/m210/p/m210.jpg,exact,d3fe9d92b1544ff00427ff0de0ad235b0fd331767d7df1c44e5c53c7b966fcb8,951,1200,
HG 1/144 Dra-C CUSTOM,not_found,,,,,,,,,,bandai_manual: Dra-C CUSTOM | gunpla_hobby: Dra-C CUSTOM | bandai_manual: DRA-C
MG 1/100 GUNDAM RX-78-2 ver.2.0,downloaded,MG 1_100 GUNDAM RX-78-2 ver.2.0__435cc4eb1c.jpg,gunpla_gallery,RX-78-2 Gundam Ver.2.0,https://gunplagallery.com/kits/1270-mg-rx-78-2-gundam-ver-2-0,https://s3.amazonaws.com/gunplagallery/catalog/1270_original_Mg-rx-78-2-ver2.jpg,gallery_title_release_month,c66b7bf0a96ed0057fff981b83b41be0c719817c429f18cf9e5687a58bd53e44,1024,1588,
HG 1/144 DREISSEN,downloaded,HG 1_144 DREISSEN__0e7d8ad6b9.jpg,dalong,Dreissen,https://www.dalong.net/reviews/hg/h172/h172_p_e.htm,https://www.dalong.net/reviews/hg/h172/p/h172.jpg,exact,a21baf0a1d98cc5dad81e90f28000dda1e667ebf63ab4619a6ffc5f27f8c6843,300,192,
MG 1/100 GUNDAM RX-79G,downloaded,MG 1_100 GUNDAM RX-79G__ad0392d438.jpg,gunpla_gallery,Gundam RX-79[G],https://gunplagallery.com/kits/1186-mg-gundam-rx-79-g-,https://s3.amazonaws.com/gunplagallery/catalog/1186_original_Mg-rx-79g.jpg,exact,e769ae1c54222c4326028244577712380d96fd00ce6782a59edce38c0fef377e,1024,1601,
HG 1/144 DREISSEN (UNICORN VER.),downloaded,HG 1_144 DREISSEN (UNICORN VER.)__61432e288e.jpg,dalong,Dreissen [Unicorn Ver.],https://www.dalong.net/reviews/hg/h124/h124_p_e.htm,https://www.dalong.net/reviews/hg/h124/p/h124.jpg,exact,88351fa32631f947fae8d0f934369c68e83d166cb4b252afae360061daa5437d,300,194,
MG 1/100 GUNDAM SANDROCK CUSTOM EW,downloaded,MG 1_100 GUNDAM SANDROCK CUSTOM EW__55089625aa.jpg,gunpla_hobby,GUNDAM SANDROCK CUSTOM EW,https://gunpla-hobby.com/gunpla/mg-1-100-1-100-848e39,https://tshop.r10s.jp/wonderrex/cabinet/6457/260302/6457/00375-1.jpg,official_title_release_month,30c57b0d18b2a33d1571e781d40c071abd117233fa056c13868eae43136e7443,718,718,
HG 1/144 DYNAMES TRANSAM MODE,downloaded,HG 1_144 DYNAMES TRANSAM MODE__697f7c0f8d.jpg,bandai_manual,DYNAMES TRANSAM MODE,https://manual.bandai-hobby.net/menus/detail/293,https://bandai-hobby.net/images/156_1856_o_1bbluf34hms5j9t120p14p1hp52i.jpg,official_exact,0692db0df4ac66defa87475d629a3cf32aa02a09a815adbadab8d7e363396fb6,1200,1200,
MG 1/100 GUNDAM SANDROCK EW (ARMADILLO LIZARD),not_found,,,,,,,,,,bandai_manual: GUNDAM SANDROCK EW (ARMADILLO LIZARD) | dalong: Gundam Sandrock EW (Armadillo Lizard) | gunpla_hobby: GUNDAM SANDROCK EW (ARMADILLO LIZARD)
HG 1/144 EARTHREE GUNDAM,downloaded,HG 1_144 EARTHREE GUNDAM__3187d2a856.jpg,dalong,Earthree Gundam,https://www.dalong.net/reviews/bf/bdr01/bdr01_p_e.htm,https://www.dalong.net/reviews/bf/bdr01/p/bdr01.jpg,exact,ed5dcaa8173bb3e8e1fc864c93c726b7b5d9b71589ccd3a6ecf2b4cd04b98c6a,1200,759,
MG 1/100 GUNDAM SANDROCK EW (ARMADILLO UNIT),not_found,,,,,,,,,,bandai_manual: GUNDAM SANDROCK EW (ARMADILLO UNIT) | dalong: Gundam Sandrock EW (Armadillo Unit) | gunpla_hobby: GUNDAM SANDROCK EW (ARMADILLO UNIT)
HG 1/144 EFREET CUSTOM,not_found,,,,,,,,,,bandai_manual: EFREET CUSTOM | gunpla_hobby: EFREET CUSTOM | bandai_manual: EFREET
MG 1/100 GUNDAM SANDROCK EW VER.,downloaded,MG 1_100 GUNDAM SANDROCK EW VER__9097606290.jpg,bandai_manual,GUNDAM SANDROCK EW VER.,https://manual.bandai-hobby.net/menus/detail/593,https://bandai-hobby.net/images/157_2725_s_hiedwr4vor3h0niynz6otkb2vsfh.jpg,official_exact,f9cd6e25ac90c7f11a9f33763ffa310af65ffbacb07b67c6d2c25caf7c4e57bc,1200,1200,
HG 1/144 EFREET NACHT,not_found,,,,,,,,,,dalong: Efreet Nacht | bandai_manual: EFREET | dalong: Efreet
MG 1/100 GUNDAM SPIGEL,downloaded,MG 1_100 GUNDAM SPIGEL__9949db6a31.jpg,gunpla_hobby,GUNDAM SPIGEL,https://gunpla-hobby.com/gunpla/mg-1-100-mg-1-100-44819d,https://thumbnail.image.rakuten.co.jp/@0_mall/ajimura4861/cabinet/a/314-2/b00030euda.jpg,official_title_release_month,55dffe2cd297de3fd069c229a6a5cc0232d400837396669964adbb34b0557112,228,350,
HG 1/144 EFREET SCHNEID,downloaded,HG 1_144 EFREET SCHNEID__e8fb883ca4.jpg,dalong,Efreet Schneid,https://www.dalong.net/reviews/hg/h206/h206_p_e.htm,https://www.dalong.net/reviews/hg/h206/p/h206.jpg,exact,0ea67ee074d1b65c180ecf459ebda4c5db01eb553872d1f944f15354bcde31ee,300,190,
MG 1/100 GUNDAM STORMBRINGER,not_found,,,,,,,,,,bandai_manual: GUNDAM STORMBRINGER | dalong: Gundam Stormbringer | gunpla_hobby: GUNDAM STORMBRINGER
HG 1/144 ELDORA BRUTE,downloaded,HG 1_144 ELDORA BRUTE__2bb772a884.jpg,dalong,Eldora Brute,https://www.dalong.net/reviews/bf/bdr11/bdr11_p_e.htm,https://www.dalong.net/reviews/bf/bdr11/p/bdr11.jpg,exact,13a8d1af46301e7505bc65c47355693a5ad994db1fca7a9fe3e068eab84791b9,1200,759,
MG 1/100 GUNDAM TR-1 [ADVANCED HAZEL],not_found,,,,,,,,,,bandai_manual: GUNDAM TR-1 [ADVANCED HAZEL] | dalong: Gundam TR-1 [Advanced Hazel] | gunpla_hobby: GUNDAM TR-1 [ADVANCED HAZEL]
HG 1/144 ELDORA DAUGHTRESS,downloaded,HG 1_144 ELDORA DAUGHTRESS__69d126fc39.jpg,gunpla_hangar,DT-6800EL Eldora Daughtress,https://gunplahangar.com/kits/hgbdr-dt-6800el-eldora-daughtress,https://gunplahangar.com/img/kits/hgbdr-dt-6800el-eldora-daughtress/box-art-800.jpg,source_model_code_hangar_exact,0db2205f537ee34559faa4b31e58d092ce01f02ad347e2c66938c8c6d2c8254c,800,509,
MG 1/100 GUNDAM TR-1 [HAZEL CUSTOM],not_found,,,,,,,,,,bandai_manual: GUNDAM TR-1 [HAZEL CUSTOM] | dalong: Gundam TR-1 [Hazel Custom] | gunpla_hobby: GUNDAM TR-1 [HAZEL CUSTOM]
HG 1/144 ELDORA WINDAM,not_found,,,,,,,,,,bandai_manual: ELDORA WINDAM | dalong: Eldora Windam | gunpla_hobby: ELDORA WINDAM
MG 1/100 GUNDAM TR-1 [HAZEL CUSTOM] (COMBAT DEPLOYMENT COLORS),not_found,,,,,,,,,,bandai_manual: GUNDAM TR-1 [HAZEL CUSTOM] (COMBAT DEPLOYMENT COLORS) | gunpla_hobby: GUNDAM TR-1 [HAZEL CUSTOM] (COMBAT DEPLOYMENT COLORS) | dalong: Gundam TR-1 [Hazel Custom] (Combat Deployment Color)
HG 1/144 ELF BULLOCK (MASK CUSTOM),downloaded,HG 1_144 ELF BULLOCK (MASK CUSTOM)__e491b0e05f.jpg,bandai_manual,ELF BULLOCK (MASK CUSTOM),https://manual.bandai-hobby.net/menus/detail/958,https://bandai-hobby.net/images/158_1253_s_97mfa2qvvc8lyo5mmztcx4o5xxr1.jpg,official_exact,5584dc4dd765897d678328bd11eb10348814691befac7db60bec42af7bd2ca5e,1200,1200,
MG 1/100 GUNDAM TR-1 [HAZEL OWSLA],not_found,,,,,,,,,,bandai_manual: GUNDAM TR-1 [HAZEL OWSLA] | gunpla_hobby: GUNDAM TR-1 [HAZEL OWSLA] | bandai_manual: GUNDAM TR-1 [HAZEL CUSTOM]
HG 1/144 ELF BULLOCK MASS PRODUCTION TYPE,not_found,,,,,,,,,,bandai_manual: ELF BULLOCK MASS PRODUCTION TYPE | dalong: Elf Bullock (Mass Production Type) | gunpla_hobby: ELF BULLOCK MASS PRODUCTION TYPE
MG 1/100 GUNDAM TR-1 [HAZELII] EARLY TYPE / HAZEL RESERVE UNIT / GM QUEL,not_found,,,,,,,,,,bandai_manual: GUNDAM TR-1 [HAZELII] EARLY TYPE / HAZEL RESERVE UNIT / GM QUEL | dalong: Gundam TR-1 [Hazel 2] Early Type /Hazel Spare Type/GM Quel | bandai_manual: GUNDAM TR-1 [HAZEL OWSLA]
HG 1/144 EMERGENCY ESCAPE POD [PRIMROSE],not_found,,,,,,,,,,bandai_manual: EMERGENCY ESCAPE POD [PRIMROSE] | dalong: Emergency Escape Pod [Primrose] | gunpla_hobby: EMERGENCY ESCAPE POD [PRIMROSE]
MG 1/100 GUNDAM X UNIT 3,not_found,,,,,,,,,,bandai_manual: GUNDAM X UNIT 3 | gunpla_hobby: GUNDAM X UNIT 3 | dalong: Gundam X 3
HG 1/144 EWAC JEGAN,not_found,,,,,,,,,,bandai_manual: EWAC JEGAN | dalong: EWAC Jegan | bandai_manual: JEGAN
MG 1/100 GUNTANK,downloaded,MG 1_100 GUNTANK__fe636d8b58.jpg,gunpla_hangar,RX-75-4 Guntank,https://gunplahangar.com/kits/mg-rx-75-4-guntank,https://gunplahangar.com/img/kits/mg-rx-75-4-guntank/box-art-800.jpg,source_model_code_hangar_exact,be5c525d4449bc54d80b3bd0aa98de10dfa7120ca6e9ad2936adcdb93a2539d5,800,1007,
HG 1/144 EWAC ZACK/GAZA C/GEARA DOGA (GUNDAM UNICORN Ver.) SET,not_found,,,,,,,,,,bandai_manual: EWAC ZACK/GAZA C/GEARA DOGA (GUNDAM UNICORN Ver.) SET | dalong: EWAC Zack/Gaza C/Geara Doga (Unicorn Color Ver.) Set | dalong: Dra-C [Unicorn Ver.]
MG 1/100 GX-9900 GUNDAM X,downloaded,MG 1_100 GX-9900 GUNDAM X__789dbf339e.jpg,gunpla_gallery,GX-9900 Gundam X,https://gunplagallery.com/kits/1336-mg-gx-9900-gundam-x,https://s3.amazonaws.com/gunplagallery/catalog/1336_original_MG_Gundam_X_Boxart.jpg,exact,533b3f5db3d8141626f0a816cf085695b360332686e391f4a5c93834608924cc,774,1200,
HG 1/144 EWACK-ZACK,downloaded,HG 1_144 EWACK-ZACK__361a02c0b7.jpg,bandai_manual,EWACK-ZACK,https://manual.bandai-hobby.net/menus/detail/917,https://bandai-hobby.net/images/157_2616_s_9zosbobofpt0znab0mxk3a06041p.jpg,official_exact,428cb69f4e88d4d9293a456112184a4733392654da5e53190aa55f6bf08797e5,1200,1200,
MG 1/100 GYAN,downloaded,MG 1_100 GYAN__78e2b3d2d7.jpg,bandai_manual,GYAN,https://manual.bandai-hobby.net/menus/detail/540,https://bandai-hobby.net/images/157_643_s_q5q6epquoktxrm0uyswveo546uqh.jpg,official_exact,98f8edc26abce6ea2ca9958609ebd59a520a71fc031a1595f2f076911c89dbd8,1200,1200,
HG 1/144 EX-S GUNDAM,downloaded,HG 1_144 EX-S GUNDAM__6d971825cf.jpg,dalong,Ex-S Gundam,https://www.dalong.net/reviews/hg/h29/h29_p_e.htm,https://www.dalong.net/reviews/hg/h29/p/h29.jpg,exact,7b832bed57b67b01c1c451b1664e524e9cb0815ac55983ca30b0d72134716d93,287,184,
MG 1/100 HEAVY GUNDAM,downloaded,MG 1_100 HEAVY GUNDAM__0bfe457875.webp,gunpla_wiki,MG FA-78-2 Heavy Gundam,https://gunpla.fandom.com/wiki/MG_FA-78-2_Heavy_Gundam,https://static.wikia.nocookie.net/gunplabuilders/images/6/69/MG-Heavy-Gundam-Boxart.jpg/revision/latest?cb=20171207033028,source_model_code_cross_source,79f49cd74d50f23e6dd0af8e253a55307002db319773474cd310290d628617ae,394,512,
HG 1/144 EXIA TRANSAM MODE,downloaded,HG 1_144 EXIA TRANSAM MODE__7f0076705a.jpg,bandai_manual,EXIA TRANSAM MODE,https://manual.bandai-hobby.net/menus/detail/292,https://bandai-hobby.net/images/156_1855_o_1bbludfc21agkda0183d1tldoc92i.jpg,official_exact,fcfe3ebef477659bea78a293f0ffd53684a6b297ba2e1c17b19f18bd3dbed429,1200,1200,
MG 1/100 Hi-NEW GUNDAM Ver.Ka,downloaded,MG 1_100 Hi-NEW GUNDAM Ver.Ka__fff3719f11.jpg,bandai_manual,Hi-NEW GUNDAM Ver.Ka,https://manual.bandai-hobby.net/menus/detail/953,https://bandai-hobby.net/images/156_1172_s_04pc3b9drjwpb3jg4a38ayuj6537.jpg,official_exact,44228fe6eb4953406c6ab2fd8479ef35c7cac297f6f439489164a7aec18ff720,560,560,
HG 1/144 EXTREME GUNDAM,downloaded,HG 1_144 EXTREME GUNDAM__18f091b7a5.jpg,gunpla_gallery,Extreme Gundam,https://gunplagallery.com/kits/731-hg-extreme-gundam,https://s3.amazonaws.com/gunplagallery/catalog/731_original_HG_-_Extreme_Gundam_-_Boxart.jpg,exact,d52cd40524d8d5636742534119578c099ba03229afcf6ee43ca51f29866911a9,1500,944,
MG 1/100 HI-ZACK,downloaded,MG 1_100 HI-ZACK__d16cda8162.jpg,dalong,Hi-zack,https://www.dalong.net/reviews/mg/m73/m73_p_e.htm,https://www.dalong.net/reviews/mg/m73/p/m73.jpg,exact,5a1aa774fd245e89a23ea7455ae2473e002d335514aeec999a6db24a0b6b2851,185,290,
HG 1/144 Ez-ARMS,downloaded,HG 1_144 Ez-ARMS__5d8fe869b7.jpg,gunpla_hobby,Ez-ARMS,https://gunpla-hobby.com/gunpla/hg-1-144-hgbc-1-144-ez-arms-77b7aa,https://thumbnail.image.rakuten.co.jp/@0_mall/mediaworldkaitoriworld/cabinet/6316/3/cg63163902.jpg,official_title_release_month,4ffcf688757ee539e22be269e85cf1411ad587ee90d041d6f69847ba3a11a402,400,400,
MG 1/100 Hi-νGUNDAM,downloaded,MG 1_100 Hi-νGUNDAM__392b7b6456.jpg,gunpla_gallery,RX-93-ν2 Hi-ν Gundam,https://gunplagallery.com/kits/14378-hg-rx-93-%CE%BD2-hi-%CE%BD-gundam,https://s3.amazonaws.com/gunplagallery/catalog/14378_original_Hinu-hguc.jpg,source_model_code_release_month,c3219687ba9edaa1c455b62380596edf836a08a423bc213dcaf45c9c1c2389f4,950,590,
HG 1/144 Ez-SR-FOXHOUND,not_found,,,,,,,,,,bandai_manual: Ez-SR-FOXHOUND | dalong: Ez-SR Foxhound | bandai_manual: GUNDAM Ez-SR
MG 1/100 HYAKU SHIKI-KAI,downloaded,MG 1_100 HYAKU SHIKI-KAI__53bb34e639.webp,gunpla_wiki,MG MSR-00100 Hyaku Shiki Kai,https://gunpla.fandom.com/wiki/MG_MSR-00100_Hyaku_Shiki_Kai,https://static.wikia.nocookie.net/gunplabuilders/images/0/03/MG-Hyaku-Shiki-Kai-box.jpg/revision/latest?cb=20250728134230,source_model_code_cross_source,5a581100831aacea27372f7c0415e57eec7c77058e5963f4bdd9553ff734c868,800,1010,
HG 1/144 F2-ZAKU (EARTH FEDERATION TYPE),downloaded,HG 1_144 F2-ZAKU (EARTH FEDERATION TYPE)__ece6dc96dc.jpg,bandai_manual,F2-ZAKU (EARTH FEDERATION TYPE),https://manual.bandai-hobby.net/menus/detail/928,https://bandai-hobby.net/images/157_2690_s_2mpjpt77uzlhfx2gd2plhu97zwzw.jpg,official_exact,36404e115617ed5d0ce202da50a042749982e397e3c65e96f3fc9b3f1ab20808,1200,1200,
MG 1/100 HYAKU-SHIKI + BALLUTE SYSTEM,downloaded,MG 1_100 HYAKU-SHIKI + BALLUTE SYSTEM__e8607c733a.jpg,dalong,Hyaku-Shiki + Ballute System,https://www.dalong.net/reviews/mg/m85/m85_p_e.htm,https://www.dalong.net/reviews/mg/m85/p/m85.jpg,exact,43d7ede36f56baded333d52b903b383bec976b5e4f7049d4e7ea21f2e7b9dfff,231,289,
HG 1/144 F2-ZAKU (ZEON TYPE),downloaded,HG 1_144 F2-ZAKU (ZEON TYPE)__20f07d18d5.jpg,bandai_manual,F2-ZAKU (ZEON TYPE),https://manual.bandai-hobby.net/menus/detail/923,https://bandai-hobby.net/images/157_2678_s_55wznw7bfmf0oj2x08xlb50hlc40.jpg,official_exact,47b0be231bc8fe6ded0c92bea6acdcbd9cb5a97d39b745bd692ac631d29768c9,1200,1200,
MG 1/100 HYAKU-SHIKI CRASH,not_found,,,,,,,,,,bandai_manual: HYAKU-SHIKI CRASH | dalong: Hyaku-Shiki Crash | dalong: Hyaku-Shiki
HG 1/144 FARSIA,downloaded,HG 1_144 FARSIA__cb5d63d704.jpg,dalong,Farsia,https://www.dalong.net/reviews/age/agh20/agh20_p_e.htm,https://www.dalong.net/reviews/age/agh20/p/agh20.jpg,exact,54c02ba81c5ae31071dcfaf1acae6bcf47b5d1c012658cad8f36855c9edf910f,300,192,
MG 1/100 HYAKU-SHIKI Ver.2.0,downloaded,MG 1_100 HYAKU-SHIKI Ver.2.0__14b839bc3b.jpg,dalong,Hyaku-Shiki Ver. 2.0,https://www.dalong.net/reviews/mg/m187/m187_p_e.htm,https://www.dalong.net/reviews/mg/m187/p/m187.jpg,exact,1103e33757fc0bc42dc13d4bff335bffd97242d2010566cc6518fb38f37a2f0d,240,300,
HG 1/144 Fawn Farcia,not_found,,,,,,,,,,dalong: Fawn Farsia | gunpla_hangar: xvb-fnc Fawn Farsia | bandai_manual: FARSIA
MG 1/100 IAN GRADEN’S ZAKU CANNON,not_found,,,,,,,,,,bandai_manual: IAN GRADEN’S ZAKU CANNON | gunpla_hobby: IAN GRADEN’S ZAKU CANNON | dalong: Zaku Cannon (Ian Graden Use)
HG 1/144 FORCE IMPULSE GUNDAM,downloaded,HG 1_144 FORCE IMPULSE GUNDAM__3573f0da8d.jpg,gunpla_gallery,ZGMF-X56S/α Force Impulse Gundam,https://gunplagallery.com/kits/364-hg-zgmf-x56s-%CE%B1-force-impulse-gundam,https://s3.amazonaws.com/gunplagallery/catalog/364_original_Hg_impulse.jpg,source_model_code_cross_source,f182239931f4586f44c64ea3aa968e5ed28d5632f81424e7d5c3b1021937392c,550,358,
MG 1/100 IMPULSE GUNDAM BLANCHE,not_found,,,,,,,,,,bandai_manual: IMPULSE GUNDAM BLANCHE | dalong: Impulse Gundam Blanche | gunpla_hobby: IMPULSE GUNDAM BLANCHE
HG 1/144 FREEDOM GUNDAM,downloaded,HG 1_144 FREEDOM GUNDAM__a9922846db.jpg,gunpla_hangar,ZGMF-X10A Freedom Gundam,https://gunplahangar.com/kits/hgce-zgmf-x10a-freedom-gundam,https://gunplahangar.com/img/kits/hgce-zgmf-x10a-freedom-gundam/box-art-800.jpg,source_model_code_hangar_exact,666a53cc09ddcfe844a06725e193e4aae3a159c677d9c86489f7a8cc8de36b0b,800,511,
MG 1/100 INFINITE JUSTICE GUNDAM,downloaded,MG 1_100 INFINITE JUSTICE GUNDAM__9a18ffb7d8.jpg,gunpla_gallery,ZGMF-X19A ∞ Justice Gundam,https://gunplagallery.com/kits/1273-mg-zgmf-x19a-justice-gundam,https://s3.amazonaws.com/gunplagallery/catalog/1273_original_Infinite-justice-mg-art.jpg,source_model_code_cross_source,db5180fdd9a08390e7c882d37a93bf244fd324e52f2dd381dd2f32a6a3ddd85a,1024,1295,
HG 1/144 FULL ARMOR GUNDAM [GUNDAM THUNDERBOLT Ver.],downloaded,HG 1_144 FULL ARMOR GUNDAM [GUNDAM THUNDERBOLT Ver.]__e0b9d45132.jpg,gunpla_gallery,FA-78 Full Armor Gundam (GUNDAM THUNDERBOLT Ver.),https://gunplagallery.com/kits/46871-hg-fa-78-full-armor-gundam-gundam-thunderbolt-ver-,https://s3.amazonaws.com/gunplagallery/catalog/46871_original_HGGT-FullArmorGundam-Anime.jpg,source_model_code_release_month,c4b28674a3a81fac1096a931cf486d3118ff2bb45cf1b7c49300ad440a351aa5,1486,945,
MG 1/100 JEGAN TYPE-D,not_found,,,,,,,,,,bandai_manual: JEGAN TYPE-D | dalong: Jegan Type-D | gunpla_hobby: JEGAN TYPE-D
HG 1/144 FULL ARMOR UNICORN GUNDAM (DESTROY MODE),downloaded,HG 1_144 FULL ARMOR UNICORN GUNDAM (DESTROY MODE)__486e0d2053.jpg,dalong,Full Armor Unicorn Gundam [Destroy Mode],https://www.dalong.net/reviews/hg/h178/h178_p_e.htm,https://www.dalong.net/reviews/hg/h178/p/h178.jpg,exact,47a6351e2f2a0db687079c973ba58ccde2360742fbaa05b1a4d2a7cd5f718e98,300,193,
MG 1/100 JEGAN TYPE-D (FIRST DEPLOYMENT TYPE),not_found,,,,,,,,,,bandai_manual: JEGAN TYPE-D (FIRST DEPLOYMENT TYPE) | dalong: Jegan Type-D (First Deployment Type) | bandai_manual: JEGAN TYPE-D
HG 1/144 FULL ARMOR UNICORN GUNDAM (DESTROY MODE/RED),downloaded,HG 1_144 FULL ARMOR UNICORN GUNDAM (DESTROY MODE_RED)__74e7619a58.jpg,bandai_manual,FULL ARMOR UNICORN GUNDAM (DESTROY MODE/RED),https://manual.bandai-hobby.net/menus/detail/469,https://bandai-hobby.net/images/156_1529_s_lonqdms31a4yaogatwmys6yn3fdz.jpg,official_exact,98773600112dc96b6261dbd78ead9cb35e00d5a5dcef68f77d4172c7d272a713,560,560,
MG 1/100 JESTA,downloaded,MG 1_100 JESTA__28eb54b7e1.jpg,dalong,Jesta,https://www.dalong.net/reviews/mg/m168/m168_p_e.htm,https://www.dalong.net/reviews/mg/m168/p/m168.jpg,exact,7c1dd527e897949e5274c20e1f7009a1957b1a41c73897824088c7c419503a09,196,300,
HG 1/144 FULL ARMOR UNICORN GUNDAM (UNICORN MODE),downloaded,HG 1_144 FULL ARMOR UNICORN GUNDAM (UNICORN MODE)__de4f205a84.jpg,dalong,Full Armor Unicorn Gundam [Unicorn Mode],https://www.dalong.net/reviews/hg/h156/h156_p_e.htm,https://www.dalong.net/reviews/hg/h156/p/h156.jpg,exact,ee5d8c4f3d0cf706948b1be993414ab2b8e9084c847cc43dbe9c4ac25e548033,300,193,
"MG 1/100 JESTA (SHEZARR TYPE, TEAM B&C)",not_found,,,,,,,,,,"bandai_manual: JESTA (SHEZARR TYPE, TEAM B&C) | dalong: Jesta (Shezarr Type Team B&C) | gunpla_hobby: JESTA (SHEZARR TYPE, TEAM B&C)"
HG 1/144 FXA-05D/RX-178 SUPER GUNDAM,downloaded,HG 1_144 FXA-05D_RX-178 SUPER GUNDAM__0c42704ba8.jpg,gunpla_gallery,FXA-05D/RX-178 'Super Gundam',https://gunplagallery.com/kits/46183-hg-fxa-05d-rx-178-super-gundam-,https://s3.amazonaws.com/gunplagallery/catalog/46183_original_Hguc-super-gundam.jpg,gallery_title_release_month,ca2e8d4a65b6ba8ed6ac7a91a9587bac6d7e7f2c61876c6e79f6e1afdaa28b45,1024,627,
MG 1/100 JESTA CANNON,not_found,,,,,,,,,,bandai_manual: JESTA CANNON | dalong: Jesta Cannon | gunpla_hobby: JESTA CANNON
HG 1/144 G ARMOR,downloaded,HG 1_144 G ARMOR__219989b5bc.jpg,bandai_manual,G ARMOR,https://manual.bandai-hobby.net/menus/detail/244,https://bandai-hobby.net/images/158_484_s_s4cgpfmodm0c74mh6xteadq7r7vm.jpg,official_exact,b7e73c08221a8c31df940810c53f6fc7dd4c7553bde4701f68279bb4099e9266,1200,1200,
MG 1/100 Jim Sniper II (Lido Wolf machine),not_found,,,,,,,,,,bandai_manual: Jim Sniper II (Lido Wolf machine) | gunpla_hobby: Jim Sniper II (Lido Wolf machine) | dalong: GM Sniper II (Lydo Wolf Use)
HG 1/144 G GUNDAM VS MASTER GUNDAM SCHOOL OF TOHO FUHAI HYPER MODE SET,not_found,,,,,,,,,,bandai_manual: G GUNDAM VS MASTER GUNDAM SCHOOL OF TOHO FUHAI HYPER MODE SET | gunpla_hangar: God Gundam vs Master Gundam - School of Toho Fuhai Hyper Mode Set | dalong: God Gundam Vs. Master Gundam Hyper Mode Set
MG 1/100 JOHNNY RIDDEN’S GELGOOG,not_found,,,,,,,,,,bandai_manual: JOHNNY RIDDEN’S GELGOOG | dalong: Johnny Ridden's Gelgoog | gunpla_hobby: JOHNNY RIDDEN’S GELGOOG
HG 1/144 G-3 GUNDAM VS CHAR'S RICK DOM SET,downloaded,HG 1_144 G-3 GUNDAM VS CHAR'S RICK DOM SET__969d3de1a0.jpg,bandai_manual,G-3 GUNDAM VS CHAR'S RICK DOM SET,https://manual.bandai-hobby.net/menus/detail/407,https://bandai-hobby.net/images/156_5414_s_lknohwp3ry8cu9v0052t0ykro1i4.jpg,official_exact,3ba7a2123a2fe05c4750e6132940e7d1184d2abb3049a65b340d21bef8382047,1200,1200,
MG 1/100 JUSTICE GUNDAM,downloaded,MG 1_100 JUSTICE GUNDAM__5dc5319f0a.jpg,dalong,Justice Gundam,https://www.dalong.net/reviews/mg/m197/m197_p_e.htm,https://www.dalong.net/reviews/mg/m197/p/m197.jpg,exact,ad556fa2ef1dd1dbfcfe6e966893a5e0cf1a4154e690ba6c639683f126b51e3d,239,300,
HG 1/144 G-BOUNCER,downloaded,HG 1_144 G-BOUNCER__e74245b41d.jpg,gunpla_hangar,WMS-GB5 G-Bouncer,https://gunplahangar.com/kits/hgage-wms-gb5-g-bouncer,https://gunplahangar.com/img/kits/hgage-wms-gb5-g-bouncer/box-art-800.jpg,source_model_code_hangar_exact,7fc8657cdaab20e3ff9f47069942dfd6b3d5a651e2a818085682b9ced01463ea,800,507,
MG 1/100 JUSTICE GUNDAM [SPECIAL COATING],not_found,,,,,,,,,,bandai_manual: JUSTICE GUNDAM [SPECIAL COATING] | dalong: Justice Gundam [Special Coating] | gunpla_hobby: JUSTICE GUNDAM [SPECIAL COATING]
HG 1/144 G-DEFENSER & FLYINGARMOR,downloaded,HG 1_144 G-DEFENSER & FLYINGARMOR__bacf7eb4db.jpg,gunpla_hangar,FXA-05D G-Defenser & Flyingarmor,https://gunplahangar.com/kits/hguc-fxa-05d-g-defenser-flyingarmor,https://gunplahangar.com/img/kits/hguc-fxa-05d-g-defenser-flyingarmor/box-art-800.jpg,source_model_code_hangar_exact,067657b720fb5df79b7a5c4ee313e411f20132c4819217dda6f390780f50102b,800,485,
MG 1/100 KÄMPFER SCHWER,not_found,,,,,,,,,,bandai_manual: KÄMPFER SCHWER | dalong: Kampfer Schwer | gunpla_hobby: KÄMPFER SCHWER
HG 1/144 G-EXES,downloaded,HG 1_144 G-EXES__1e9a8aa6b2.jpg,gunpla_hangar,WMS-GEX1 G-Exes,https://gunplahangar.com/kits/hgage-wms-gex1-g-exes,https://gunplahangar.com/img/kits/hgage-wms-gex1-g-exes/box-art-800.jpg,source_model_code_hangar_exact,5700c0e41951bbdc955f58d033dac559eb79522fc7c00bbe64a4e1761a3fca83,800,502,
MG 1/100 M.P.T. HYAKUSHIKI-KAI,not_found,,,,,,,,,,bandai_manual: M.P.T. HYAKUSHIKI-KAI | gunpla_hobby: M.P.T. HYAKUSHIKI-KAI | bandai_manual: HYAKU SHIKI-KAI
HG 1/144 G-EXES JACKEDGE,downloaded,HG 1_144 G-EXES JACKEDGE__71579aca09.jpg,gunpla_gallery,BMS-004 G-Exes Jackedge,https://gunplagallery.com/kits/329-hg-bms-004-g-exes-jackedge,https://s3.amazonaws.com/gunplagallery/catalog/329_original_Hg-gexes-jackedge-boxart.jpg,source_model_code_cross_source,2b422255f4d200ac3212a363786214aa14cc45c81c5c30ab49de0af7282f4e85,500,316,
MG 1/100 MARASAI(UNICORN COLOR Ver.),not_found,,,,,,,,,,bandai_manual: MARASAI(UNICORN COLOR Ver.) | dalong: Marasai [Unicorn Color Ver.] | gunpla_hobby: MARASAI(UNICORN COLOR Ver.)
HG 1/144 G-SELF(ATMOSPHERIC BACKPACK&SPACE BACKPACK)(Reconguista in G the Movie Ver.),downloaded,HG 1_144 G-SELF(ATMOSPHERIC BACKPACK&SPACE BACKPACK)(Reconguista in G the Movie Ver.)__cffa947480.jpg,gunpla_hobby,G-SELF(ATMOSPHERIC BACKPACK&SPACE BACKPACK)(Reconguista in G the Movie Ver.),https://gunpla-hobby.com/gunpla/hg-1-144-hg-1-144-g-g-ver-7c93cd,https://tshop.r10s.jp/wondergoo/cabinet/hobbytenpo233/658720260301106_1.jpg,official_title_release_month,627a775f09afed9fcb93c7fc94e1095721a552e4b5e031e3cd3f8eb6f65c6c9e,600,450,
MG 1/100 MASS PRODUCTION GELGOOG Ver. 2.0,downloaded,MG 1_100 MASS PRODUCTION GELGOOG Ver. 2.0__aa1a2fb59f.jpg,bandai_manual,MASS PRODUCTION GELGOOG Ver. 2.0,https://manual.bandai-hobby.net/menus/detail/831,https://bandai-hobby.net/images/156_2584_s_yvc4sb1v0ocxomgcrkp6tr1na5mi.jpg,official_exact,e8d0cd705dc4898e54b2a1488f7ddba99db753757ce81c378f0a051a3ec37771,1200,1200,
HG 1/144 G-XIPHOS,downloaded,HG 1_144 G-XIPHOS__54d4a828b3.jpg,dalong,G-xiphos,https://www.dalong.net/reviews/age/agh34/agh34_p_e.htm,https://www.dalong.net/reviews/age/agh34/p/agh34.jpg,exact,9d267683131d31270acc22dc57208160618a2d9ae1e3e1e3c434affc56b3f919,300,190,
MG 1/100 MASTER GUNDAM,downloaded,MG 1_100 MASTER GUNDAM__2f0a63d211.jpg,dalong,Master Gundam,https://www.dalong.net/reviews/mg/m47/mg47_p_e.htm,https://www.dalong.net/reviews/mg/m47/p/m47.jpg,exact,429fdb6d8883a088abd4169652dbe14b61d17686db2745e6435110fe20d26204,185,289,
HG 1/144 GABTHLEY,downloaded,HG 1_144 GABTHLEY__ad28caeb7a.jpg,dalong,Gabthley,https://www.dalong.net/reviews/hg/h58/h58_p_e.htm,https://www.dalong.net/reviews/hg/h58/p/h58.jpg,exact,aea34b269305d7ad92e917d7100c2f79b591ebf496b3c08b343094e25ab9e838,291,176,
MG 1/100 MOBILE GINN (MIGUEL AYMAN CUSTOM),not_found,,,,,,,,,,bandai_manual: MOBILE GINN (MIGUEL AYMAN CUSTOM) | gunpla_hobby: MOBILE GINN (MIGUEL AYMAN CUSTOM) | dalong: Mobile Giin (Miguel Ayman Custom)
HG 1/144 GADDESS,downloaded,HG 1_144 GADDESS__35b718ba47.jpg,dalong,Gaddess,https://www.dalong.net/reviews/00/0h49/0h49_p_e.htm,https://www.dalong.net/reviews/00/0h49/p/0h49.jpg,exact,21e4bfaa11ed4880f74e382915f13c64578084fcad67a71a4d55643e1124ac1b,290,176,
MG 1/100 MS-05B ZAKUI,downloaded,MG 1_100 MS-05B ZAKUI__ba41c8610e.jpg,gunpla_gallery,MS-05B Zaku I,https://gunplagallery.com/kits/1177-mg-ms-05b-zaku-i,https://s3.amazonaws.com/gunplagallery/catalog/1177_original_Mg-ms-05b.jpg,exact,58f2a59f79182daf0a8fca49c591e63f73777703612081919cf12ba86f947598,1024,1563,
HG 1/144 GADESSA,downloaded,HG 1_144 GADESSA__fde251b181.jpg,dalong,Gadessa,https://www.dalong.net/reviews/00/0h30/0h30_p_e.htm,https://www.dalong.net/reviews/00/0h30/p/0h30.jpg,exact,7108c9fc8c58e832a7c2219c71e2d3c9abd18ef5129f76a34f08bb1b218245e7,290,175,
MG 1/100 MS-05B ZAKUI(THE BLACK TRI-STARS),downloaded,MG 1_100 MS-05B ZAKUI(THE BLACK TRI-STARS)__a6adc75f03.jpg,bandai_manual,MS-05B ZAKUI(THE BLACK TRI-STARS),https://manual.bandai-hobby.net/menus/detail/440,https://bandai-hobby.net/images/156_5364_s_ltv8rzwc2nrgmqc388mcg2asozfi.jpg,official_exact,057d8e88c379aee2c5782eca74c9680fd9ab62aa338ba168c16aa4ff03947fd4,1200,1200,
HG 1/144 GAEL CHAN’S SILVER BULLET,downloaded,HG 1_144 GAEL CHAN’S SILVER BULLET__c8536d7b5d.jpg,gunpla_hangar,ARX-014 Gael Chan's Silver Bullet,https://gunplahangar.com/kits/hguc-arx-014-gael-chans-silver-bullet,https://gunplahangar.com/img/kits/hguc-arx-014-gael-chans-silver-bullet/box-art-800.jpg,source_model_code_hangar_exact,5ddd4554ddbd3c05a8111d59fb5856709ba49826f741919a0a71929110afe245,781,513,
MG 1/100 MS-06 F2 ZAKUII,downloaded,MG 1_100 MS-06 F2 ZAKUII__6607ebc87d.jpg,bandai_manual,MS-06 F2 ZAKUII,https://manual.bandai-hobby.net/menus/detail/515,https://bandai-hobby.net/images/157_261_s_3bre7kfbm1bhizlqs3jhou4pmjo4.jpg,official_exact,eef00e482c2729eff64c69889fc54267fc4f00a1a9dbe0658ab02a309d718a57,1200,1200,
HG 1/144 GAELIO’S SCHWALBE GRAZE,not_found,,,,,,,,,,bandai_manual: GAELIO’S SCHWALBE GRAZE | dalong: Gaelio's Schwalbe Graze | gunpla_hobby: GAELIO’S SCHWALBE GRAZE
MG 1/100 MS-06F ZAKU II (DOZLE ZABI USE),not_found,,,,,,,,,,bandai_manual: MS-06F ZAKU II (DOZLE ZABI USE) | gunpla_hangar: MS-06F Zaku II Dozle Zabi Custom | gunpla_wiki: MG MS-06F Zaku II Dozle Zabi Custom
HG 1/144 GAEON,downloaded,HG 1_144 GAEON__125570c034.jpg,dalong,Gaeon,https://www.dalong.net/reviews/hg/gs09/gs09_p_e.htm,https://www.dalong.net/reviews/hg/gs09/p/gs09.jpg,exact,bfa5614158d4efe3c20ab4f3ce6df40531cab0d27ddbad933844fee04ff86206,300,189,
MG 1/100 MS-06F ZAKUII Ver.2.0,downloaded,MG 1_100 MS-06F ZAKUII Ver.2.0__246a36f219.jpg,gunpla_gallery,MS-06F Zaku II Ver.2.0,https://gunplagallery.com/kits/1265-mg-ms-06f-zaku-ii-ver-2-0,https://s3.amazonaws.com/gunplagallery/catalog/1265_original_Mg-ms06-f.jpg,exact,73c8fa26ffe04e882ed6f6e5e8bca8ed58392c33a064a2ab0f3609f5bd39c755,1024,1588,
HG 1/144 GAFRAN,downloaded,HG 1_144 GAFRAN__eecdbbcb7d.jpg,bandai_manual,GAFRAN,https://manual.bandai-hobby.net/menus/detail/320,https://bandai-hobby.net/images/157_4540_s_osszy7ta8qqbrcqsl7fv31sozgf8.jpg,official_exact,fb1783234d2ccaf3041ad0a69acc01a238722b22d0ade0cdf60ad355f6c9013e,1200,1200,
MG 1/100 MS-06F-2 ZAKUII F2,downloaded,MG 1_100 MS-06F-2 ZAKUII F2__3962592206.jpg,bandai_manual,MS-06F-2 ZAKUII F2,https://manual.bandai-hobby.net/menus/detail/519,https://bandai-hobby.net/images/157_292_s_necyktyxyitqkcktonvpzadmc3n8.jpg,official_exact,fb6e43821a1f38b1f8ee0d3ba98272bdba174c84dd4c5b793a3509205ffe9917,1200,1200,
HG 1/144 GAIA'S/ORTEGA’S RICK DOM(GQ),downloaded,HG 1_144 GAIA'S_ORTEGA’S RICK DOM(GQ)__9eafeb0a68.jpg,dalong,Gaia's/Ortega's Rick Dom (GQ),https://www.dalong.net/reviews/hg/hgq09/hgq09_p_e.htm,https://www.dalong.net/reviews/hg/hgq09/p/hgq09.jpg,exact,b595369bb9f696114e6fc5edced2a1fe9d1b16a77c3ceb4800ad4b7f655c65fc,1200,951,
MG 1/100 MS-06F/J ZAKUII,downloaded,MG 1_100 MS-06F_J ZAKUII__b0d9cde91d.jpg,gunpla_gallery,MS-06F/J Zaku II,https://gunplagallery.com/kits/1162-mg-ms-06f-j-zaku-ii,https://s3.amazonaws.com/gunplagallery/catalog/1162_original_Mg-ms06f.jpg,exact,084252a9c0c2758332fbea9eeaf6f11df779e74ad6514017cc8c9e95a8aadb69,1024,1605,
HG 1/144 GALBALDY REBAKE,downloaded,HG 1_144 GALBALDY REBAKE__d704160c0b.jpg,dalong,Galbaldy Rebake,https://www.dalong.net/reviews/bf/bd10/bd10_p_e.htm,https://www.dalong.net/reviews/bf/bd10/p/bd10.jpg,exact,01376bd2cc7c2aa80f385a299acb9b7ccc03f750c4ee50f6efba29f6b799609c,1200,750,
MG 1/100 MS-06FS ZAKU II (GARMA ZABI USE),not_found,,,,,,,,,,bandai_manual: MS-06FS ZAKU II (GARMA ZABI USE) | gunpla_wiki: MG MS-06FS Zaku II (Garma Zabi Custom) | gunpla_hangar: 1/100 MS-06FS ZAKU II (GARMA ZABI USE)
HG 1/144 GALBALDYβ,downloaded,HG 1_144 GALBALDYβ__6ec9c28f81.jpg,gunpla_hangar,RMS-117 Galbaldy β,https://gunplahangar.com/kits/hguc-rms-117-galbaldy,https://gunplahangar.com/img/kits/hguc-rms-117-galbaldy/box-art-800.jpg,source_model_code_hangar_exact,c192482feb84936a1c1fdc945fbff1a0aaebf656ee2b8417dd21ce5254321719,800,505,
MG 1/100 MS-06J ZAKUII (GRAVITY BATTLE LINE IMAGE COLOR VER.),not_found,,,,,,,,,,bandai_manual: MS-06J ZAKUII (GRAVITY BATTLE LINE IMAGE COLOR VER.) | bandai_manual: MS-09 DOM (GRAVITY BATTLE LINE IMAGE COLOR VER.) | bandai_manual: MS-07B3 GOUF CUSTOM (GRAVITY BATTLE LINE IMAGE COLOR VER.)
HG 1/144 GALLUSS-J,downloaded,HG 1_144 GALLUSS-J__4da3905980.jpg,dalong,Galluss-J,https://www.dalong.net/reviews/hg/h262/h262_p_e.htm,https://www.dalong.net/reviews/hg/h262/p/h262.jpg,exact,51a424279e1ab68e068a3c54ba7335627b312d08203ba7c9f74fcbfa04073751,1200,756,
MG 1/100 MS-06J ZAKUII WHITE AUGER,downloaded,MG 1_100 MS-06J ZAKUII WHITE AUGER__c82ba897b0.jpg,bandai_manual,MS-06J ZAKUII WHITE AUGER,https://manual.bandai-hobby.net/menus/detail/569,https://bandai-hobby.net/images/157_2615_s_qj36rapfxara7ctzq5k1pqy2f255.jpg,official_exact,58d06eacf7888c3610f2e54724b412a522276974bb336f1cbfb34497995fcd24,1200,1200,
HG 1/144 GAPLANT TR-5 [HRAIROO] (TITANS) (A.O.Z RE-BOOT Ver.),not_found,,,,,,,,,,bandai_manual: GAPLANT TR-5 [HRAIROO] (TITANS) (A.O.Z RE-BOOT Ver.) | gunpla_hobby: GAPLANT TR-5 [HRAIROO] (TITANS) (A.O.Z RE-BOOT Ver.) | bandai_manual: GAPLANT TR-5 [HRAIROO] with GIGANTIC ARM UNIT (A.O.Z RE-BOOT Ver.)
MG 1/100 MS-06R ZAKUII(THE BLACK TRI-STARS),downloaded,MG 1_100 MS-06R ZAKUII(THE BLACK TRI-STARS)__bc110d438a.jpg,gunpla_hobby,MS-06R ZAKUII(THE BLACK TRI-STARS),https://gunpla-hobby.com/gunpla/mg-1-100-mg-1-100-ms-06r-ii-733ae6,https://thumbnail.image.rakuten.co.jp/@0_mall/mediaworldkaitoriworld/cabinet/6315/6/cg63156885.jpg,official_title_release_month,77d11ad792b901fda36dfa7fb467e35cda27935bcee081c0034da09523430659,1600,1600,
HG 1/144 GAPLANT TR-5 [HRAIROO] with GIGANTIC ARM UNIT (A.O.Z RE-BOOT Ver.),downloaded,HG 1_144 GAPLANT TR-5 [HRAIROO] with GIGANTIC ARM UNIT (A.O.Z RE-BOOT Ver.)__a85fd497af.jpg,gunpla_hobby,GAPLANT TR-5 [HRAIROO] with GIGANTIC ARM UNIT (A.O.Z RE-BOOT Ver.),https://gunpla-hobby.com/gunpla/hg-1-144-1-144-tr-5-a-o-z-re--09b3b8,https://thumbnail.image.rakuten.co.jp/@0_mall/otakarasouko/cabinet/_1203/1240013258614_1.jpg,official_title_release_month,0ee0ce2092f239364e8c771d8dd3867db06a284554b76da8f1de0d25840fc3f8,800,800,
MG 1/100 MS-06R-1 BRENISS OX'S ZAKU II,not_found,,,,,,,,,,bandai_manual: MS-06R-1 BRENISS OX'S ZAKU II | bandai_manual: MS-06R-1A MASAYA NAKAGAWA'S ZAKU II | gunpla_gallery: MS-06R-1 Zaku II (Shin Matsunaga Custom)
HG 1/144 GARAZZO,downloaded,HG 1_144 GARAZZO__d86ac68b46.jpg,dalong,Garazzo,https://www.dalong.net/reviews/00/0h40/0h40_p_e.htm,https://www.dalong.net/reviews/00/0h40/p/0h40.jpg,exact,32bfd4b173d2414c4253f863ce77c0dfcd3f1d55357cf8f0487ee36ea2c5ca7d,290,178,
MG 1/100 MS-06R-1A MASAYA NAKAGAWA'S ZAKU II,not_found,,,,,,,,,,bandai_manual: MS-06R-1A MASAYA NAKAGAWA'S ZAKU II | dalong: Masaya Nakagawa's Custom Zaku II | bandai_manual: MS-06R-1A SHIN MATSUNAGA’S ZAKU II (CUSTOM TYPE)
HG 1/144 GARMA'S ZAKU,downloaded,HG 1_144 GARMA'S ZAKU__0f8e02929a.jpg,bandai_manual,GARMA'S ZAKU,https://manual.bandai-hobby.net/menus/detail/232,https://bandai-hobby.net/images/158_291_s_h4105v3v4vvmb2tyfcd2ge7m9yo5.jpg,official_exact,78c41786b82ae05f811d946043b1cbadf73c4eb8f5843ff8e0d5e497295addc1,1200,1200,
MG 1/100 MS-06R-1A SHIN MATSUNAGA’S ZAKU II (CUSTOM TYPE),not_found,,,,,,,,,,bandai_manual: MS-06R-1A SHIN MATSUNAGA’S ZAKU II (CUSTOM TYPE) | gunpla_wiki: MG MS-06R-1A Zaku II High Mobility Type (Shin Matsunaga Custom) (1996) | dalong: Shin Matsunaga's Custom Zaku II (Custom Type)
HG 1/144 GASTIMA,downloaded,HG 1_144 GASTIMA__88d087fd5f.jpg,dalong,Gastima,https://www.dalong.net/reviews/hg/gs15/gs15_p_e.htm,https://www.dalong.net/reviews/hg/gs15/p/gs15.jpg,exact,c9920ad60e7999fc3cf51f0556eae75b077bad5850878a070d1eadccca0763b5,300,189,
MG 1/100 MS-06R-1A ZAKUII UMA LIGHTNING CUSTOM,not_found,,,,,,,,,,bandai_manual: MS-06R-1A ZAKUII UMA LIGHTNING CUSTOM | gunpla_hangar: MS-06R-1A Zaku II High Mobility Type (Ver. 2.0) (Uma Lightning Custom) | gunpla_wiki: MG MS-06R-1A Zaku II High Mobility Type (Ver. 2.0) (Uma Lightning Custom)
HG 1/144 GATO’S GELGOOG,not_found,,,,,,,,,,bandai_manual: GATO’S GELGOOG | dalong: Gato's Gelgoog | bandai_manual: CHAR'S GELGOOG
MG 1/100 MS-06R-2 J RIDDEN ZAKU Ver.2.0,downloaded,MG 1_100 MS-06R-2 J RIDDEN ZAKU Ver.2.0__0dd62ca59b.jpg,gunpla_hobby,MS-06R-2 J RIDDEN ZAKU Ver.2.0,https://gunpla-hobby.com/gunpla/mg-1-100-mg-1-100-ms-06r-2-ve-b531e5,https://tshop.r10s.jp/hsalpha/cabinet/j19/ch164abb123c8676.jpg,official_title_release_month,86fb49732d2959d5722203fe1f3867f8eae6d94e67e26e1b49fd6e9d98017545,1374,1800,
HG 1/144 GAZ-R/L,not_found,,,,,,,,,,bandai_manual: GAZ-R/L | dalong: Gaz-R/L | gunpla_hobby: GAZ-R/L
MG 1/100 MS-06R-2 ROBERT GILLIAM’S ZAKU II,not_found,,,,,,,,,,bandai_manual: MS-06R-2 ROBERT GILLIAM’S ZAKU II | gunpla_hangar: MS-06R-2 Zaku II High Mobility Type (Ver. 2.0) (Robert Gilliam Custom) | gunpla_wiki: MG MS-06R-2 Zaku II High Mobility Type (Ver. 2.0) (Robert Gilliam Custom)
HG 1/144 GAZA C (HAMAN KARN'S MOBILE SUIT),downloaded,HG 1_144 GAZA C (HAMAN KARN'S MOBILE SUIT)__d50acd4d41.jpg,bandai_manual,GAZA C (HAMAN KARN'S MOBILE SUIT),https://manual.bandai-hobby.net/menus/detail/897,https://bandai-hobby.net/images/158_633_s_gzo5x320jup2ur1zbvjanb7po3mk.jpg,official_exact,1468ec626de410c04cfdd072316b719d68f2c6b0cf199aa65f97a625cf898be4,1200,1200,
MG 1/100 MS-06S CHAR'S ZAKU Ver. 2.0,downloaded,MG 1_100 MS-06S CHAR'S ZAKU Ver. 2.0__5bd52d79b1.jpg,gunpla_hobby,MS-06S CHAR'S ZAKU Ver. 2.0,https://gunpla-hobby.com/gunpla/mg-1-100-mg-1-100-ms-06s-ver--3f100d,https://thumbnail.image.rakuten.co.jp/@0_mall/attobooks-hirakata/cabinet/compass1738839888.jpg,official_title_release_month,e304fb9ad944fd3515e41dc0c9e29f62b81abf21418a9f880eada1c8f9282941,1200,1200,
HG 1/144 GAZA C (NORMAL TYPE),downloaded,HG 1_144 GAZA C (NORMAL TYPE)__8a1362c8e9.jpg,bandai_manual,GAZA C (NORMAL TYPE),https://manual.bandai-hobby.net/menus/detail/894,https://bandai-hobby.net/images/158_632_s_rfe87hjxntrvg8w0pc22162dfmzh.jpg,official_exact,8947d217dbc9f7373985397955276ae9d8c4958106662e7f7c3b46c8da663015,1200,1200,
MG 1/100 MS-06S ZAKU II Ver2.0 REAL TYPE COLOR,not_found,,,,,,,,,,bandai_manual: MS-06S ZAKU II Ver2.0 REAL TYPE COLOR | gunpla_hangar: MS-06S Zaku II (Ver. 2.0) | gunpla_wiki: MG MS-06S Zaku II (Ver. 2.0)
HG 1/144 GBN-BASE GUNDAM,downloaded,HG 1_144 GBN-BASE GUNDAM__58e8645d42.jpg,dalong,GBN-Base Gundam,https://www.dalong.net/reviews/bf/bd25/bd25_p_e.htm,https://www.dalong.net/reviews/bf/bd25/p/bd25.jpg,exact,aac6729243a34ca9094ce8cac225ace38462c16eb20120b287d0de7f36f43ff0,1200,759,
MG 1/100 MS-06S ZAKUII,downloaded,MG 1_100 MS-06S ZAKUII__d7e94e97e5.jpg,gunpla_gallery,MS-06S Zaku II,https://gunplagallery.com/kits/1161-mg-ms-06s-zaku-ii,https://s3.amazonaws.com/gunplagallery/catalog/1161_original_Mg-ms06s.jpg,exact,44403e01f2e8819d7af522180b41113afd20f358bd0588dc4b44d45a70a0f46a,1024,1602,
HG 1/144 GBN-GUARD FRAME,downloaded,HG 1_144 GBN-GUARD FRAME__3d516ff8cf.jpg,dalong,GBN-Guard Frame,https://www.dalong.net/reviews/bf/bd20/bd20_p_e.htm,https://www.dalong.net/reviews/bf/bd20/p/bd20.jpg,exact,1738136c3702d3092a2eb0b34980da84ed7e3678625c90f6d580e798bd2d9e9b,1200,756,
MG 1/100 MS-06S ZAKUII JOHNNY RIDDEN CUSTOM,not_found,,,,,,,,,,bandai_manual: MS-06S ZAKUII JOHNNY RIDDEN CUSTOM | bandai_manual: MS-06S ZAKUII | gunpla_hobby: MS-06S ZAKUII
HG 1/144 GEARA DOGA,downloaded,HG 1_144 GEARA DOGA__ffade9eb9e.jpg,dalong,Geara Doga,https://www.dalong.net/reviews/hg/h91/h91_p_e.htm,https://www.dalong.net/reviews/hg/h91/p/h91.jpg,exact,0d3af139b7cb9d1601196431ff34028688348faf964c92f6a03739267ce3b122,291,174,
MG 1/100 MS-07B GOUF,downloaded,MG 1_100 MS-07B GOUF__9a57ab273a.jpg,gunpla_gallery,MS-07B Gouf,https://gunplagallery.com/kits/1191-mg-ms-07b-gouf,https://s3.amazonaws.com/gunplagallery/catalog/1191_original_Mg-ms07b.jpg,exact,e4448b99cc9e04587cc805990a1b1d0be869e0d6e58940c14aa9e647b9a9c358,1024,1566,
HG 1/144 GEARA DOGA (FULL FRONTAL USE),not_found,,,,,,,,,,bandai_manual: GEARA DOGA (FULL FRONTAL USE) | dalong: Geara Doga [Full Frontal Use] | bandai_manual: GEARA DOGA
MG 1/100 MS-07B3 GOUF CUSTOM,downloaded,MG 1_100 MS-07B3 GOUF CUSTOM__da78df4278.jpg,gunpla_gallery,MS-07B-3 Gouf Custom,https://gunplagallery.com/kits/1195-mg-ms-07b-3-gouf-custom,https://s3.amazonaws.com/gunplagallery/catalog/1195_original_Mg-ms-07b3.jpg,exact,3a2f80468fb339fe586343a6c9bf71394bb3469958daec6fa4a99c65e73af549,1024,1613,
HG 1/144 GEARA DOGA (REZIN CUSTOM),downloaded,HG 1_144 GEARA DOGA (REZIN CUSTOM)__711716c06a.jpg,bandai_manual,GEARA DOGA (REZIN CUSTOM),https://manual.bandai-hobby.net/menus/detail/409,https://bandai-hobby.net/images/155_2748_s_78cfbegvdsb2af3wzsgz2tzwaqyr.jpg,official_exact,e61c859f18b7b683c90d72711cdaf7c4afad1bc3a3abf6805d210098fc87230f,1200,1200,
MG 1/100 MS-07B3 GOUF CUSTOM (GRAVITY BATTLE LINE IMAGE COLOR VER.),not_found,,,,,,,,,,bandai_manual: MS-07B3 GOUF CUSTOM (GRAVITY BATTLE LINE IMAGE COLOR VER.) | bandai_manual: MS-06J ZAKUII (GRAVITY BATTLE LINE IMAGE COLOR VER.) | bandai_manual: MS-09 DOM (GRAVITY BATTLE LINE IMAGE COLOR VER.)
HG 1/144 GEARA GHIRARGA,downloaded,HG 1_144 GEARA GHIRARGA__91883b5f33.jpg,dalong,Geara Ghirarga,https://www.dalong.net/reviews/bf/bd07/bd07_p_e.htm,https://www.dalong.net/reviews/bf/bd07/p/bd07.jpg,exact,4360c77ddc2654829de9056527040cb2c33368b332402c29ca16792389b07a29,1200,750,
MG 1/100 MS-09 DOM (GRAVITY BATTLE LINE IMAGE COLOR VER.),not_found,,,,,,,,,,bandai_manual: MS-09 DOM (GRAVITY BATTLE LINE IMAGE COLOR VER.) | bandai_manual: MS-06J ZAKUII (GRAVITY BATTLE LINE IMAGE COLOR VER.) | bandai_manual: MS-07B3 GOUF CUSTOM (GRAVITY BATTLE LINE IMAGE COLOR VER.)
HG 1/144 GEARA ZULU,downloaded,HG 1_144 GEARA ZULU__3b30bbfd7c.jpg,dalong,Geara Zulu,https://www.dalong.net/reviews/hg/h102/h102_p_e.htm,https://www.dalong.net/reviews/hg/h102/p/h102.jpg,exact,da1e02618132e055572c5241c5869d8c8d22bec4c5af35be15441a6e1691942c,289,174,
MG 1/100 MS-09R RICK DOM (DOZLE ZABI USE),not_found,,,,,,,,,,bandai_manual: MS-09R RICK DOM (DOZLE ZABI USE) | gunpla_gallery: MS-09R Rick Dom | gunpla_gallery: MS-09R Rick-Dom
HG 1/144 GEARA ZULU (BODY GUARD TYPE),downloaded,HG 1_144 GEARA ZULU (BODY GUARD TYPE)__52adaddf65.jpg,bandai_manual,GEARA ZULU (BODY GUARD TYPE),https://manual.bandai-hobby.net/menus/detail/688,https://bandai-hobby.net/images/156_759_s_q66vlam44m4ttmi8wu96324hbm5b.jpg,official_exact,c5c7089a1a75f127a766f0919cec8b4094911c76d88eb2130ed040cb42306c69,1200,1200,
MG 1/100 MS-14 GATO'S GELGOOG,downloaded,MG 1_100 MS-14 GATO'S GELGOOG__4dbb7c3890.jpg,bandai_manual,MS-14 GATO'S GELGOOG,https://manual.bandai-hobby.net/menus/detail/521,https://bandai-hobby.net/images/157_324_s_cjf0pvdgfyeoikhkr6tmgtc9xggh.jpg,official_exact,e7d1df2db87681be7fb357c0ef4206be3ce400fc623b082db565778ce84d734f,1200,1200,
HG 1/144 GEARA ZULU (CUARON USE),not_found,,,,,,,,,,bandai_manual: GEARA ZULU (CUARON USE) | dalong: Geara Zulu [Cuaron Use] | bandai_manual: GEARA ZULU (GILBOA SANT USE)
MG 1/100 MS-14A ANAVEL GATO’S GELGOOG Ver.2.0,not_found,,,,,,,,,,bandai_manual: MS-14A ANAVEL GATO’S GELGOOG Ver.2.0 | gunpla_hobby: MS-14A ANAVEL GATO’S GELGOOG Ver.2.0 | gunpla_gallery: MS-14A Gelgoog Ver.2.0
HG 1/144 GEARA ZULU (GILBOA SANT USE),not_found,,,,,,,,,,bandai_manual: GEARA ZULU (GILBOA SANT USE) | dalong: Geara Zulu [Gilboa Sant Use] | bandai_manual: GEARA ZULU (CUARON USE)
MG 1/100 MS-14B UMA LIGHTNING’S GELGOOG HIGH MOBILITY TYPE,not_found,,,,,,,,,,bandai_manual: MS-14B UMA LIGHTNING’S GELGOOG HIGH MOBILITY TYPE | dalong: Uma Lightning's Custom High Mobility Type Gelgoog | gunpla_hangar: MS-06R-1A Zaku II High Mobility Type (Ver. 2.0) (Uma Lightning Custom)
HG 1/144 GEARA ZULU ANGELO SAUPER'S,downloaded,HG 1_144 GEARA ZULU ANGELO SAUPER'S__a9571d7023.jpg,bandai_manual,GEARA ZULU ANGELO SAUPER'S,https://manual.bandai-hobby.net/menus/detail/934,https://bandai-hobby.net/images/157_740_s_51w00humpdibf9ehkcu12lz28azf.jpg,official_exact,9149b4e99b37ddeedc2d0844be7a0908812c6523389aa889125bbcd96bbe8c9c,1200,1200,
MG 1/100 MS-14C GELGOOG CANNON (MSV COLOR),not_found,,,,,,,,,,bandai_manual: MS-14C GELGOOG CANNON (MSV COLOR) | dalong: Gelgoog Cannon [ MSV Color] | gunpla_wiki: MG MS-14C Gelgoog Cannon (Johnny Ridden Custom)
HG 1/144 GEIRAIL,downloaded,HG 1_144 GEIRAIL__cdd237a2f8.jpg,dalong,Geirail,https://www.dalong.net/reviews/ib/ibh26/ibh26_p_e.htm,https://www.dalong.net/reviews/ib/ibh26/p/ibh26.jpg,exact,b7f523b25b7024e737b10f73a9fc18bc61daab09336c4e1c055c82d0d7a23de8,300,189,
MG 1/100 MS-18E KAMPFER,downloaded,MG 1_100 MS-18E KAMPFER__616e950b3a.jpg,gunpla_gallery,MS-18E Kämpfer,https://gunplagallery.com/kits/1194-mg-ms-18e-k%C3%A4mpfer,https://s3.amazonaws.com/gunplagallery/catalog/1194_original_Mg-ms-18e.jpg,exact,50111b861879eb6fe832a0577902691c05fa8690e8145bf99d33eb7bde250c67,1024,1303,
HG 1/144 GEIRAIL SCHARFRICHTER & LANDMAN RODI SET,not_found,,,,,,,,,,bandai_manual: GEIRAIL SCHARFRICHTER & LANDMAN RODI SET | dalong: Geirail Scharfrichter & Landman Rodi Set | gunpla_hobby: GEIRAIL SCHARFRICHTER & LANDMAN RODI SET
MG 1/100 MSA-0011[EXT] EX-S GUNDAM,downloaded,MG 1_100 MSA-0011[EXT] EX-S GUNDAM__eb3de06cda.jpg,gunpla_gallery,MSA-0011[Ext] Ex-S Gundam,https://gunplagallery.com/kits/1219-mg-msa-0011-ext-ex-s-gundam,https://s3.amazonaws.com/gunplagallery/catalog/1219_original_Mg-ext-s.jpg,exact,50b01ce3e23b1cd296aaf4817ad41688d806b103b4d687e09a6749aecd699a09,1024,549,
HG 1/144 GELGOOG JÄGER,downloaded,HG 1_144 GELGOOG JÄGER__e311c5cfd2.jpg,gunpla_hangar,MS-14Jg Gelgoog Jäger,https://gunplahangar.com/kits/hguc-ms-14jg-gelgoog-jger,https://gunplahangar.com/img/kits/hguc-ms-14jg-gelgoog-jger/box-art-800.jpg,source_model_code_cross_source,cdc81cd71103e9afb74080b0d202f22f358b5a0e52a7742006913c94431273ee,800,489,
MG 1/100 MSM-07 Z'GOK (CHAR'S CUSTOM),downloaded,MG 1_100 MSM-07 Z'GOK (CHAR'S CUSTOM)__0d02d62545.jpg,bandai_manual,MSM-07 Z'GOK (CHAR'S CUSTOM),https://manual.bandai-hobby.net/menus/detail/524,https://bandai-hobby.net/images/157_387_s_6b1hxx6o2gurgygvcy9f2zndhs3m.jpg,official_exact,a5103f5297e7ef521ced77bd230b3422d6b34cc49909caafccdb7fb11edceeea,1200,1200,
HG 1/144 GELGOOG MARINE,downloaded,HG 1_144 GELGOOG MARINE__65118970ee.jpg,dalong,Gelgoog Marine,https://www.dalong.net/reviews/hg/h16/h16_p_e.htm,https://www.dalong.net/reviews/hg/h16/p/h16.jpg,exact,a125589233d0db101a89a5dbebee63f72a97bea0f9fa1f973268f4fca0b30bfa,289,179,
MG 1/100 MSN-02 ZEONG,downloaded,MG 1_100 MSN-02 ZEONG__a69d6bd7ae.jpg,gunpla_gallery,MSN-02 Zeong,https://gunplagallery.com/kits/1210-mg-msn-02-zeong,https://s3.amazonaws.com/gunplagallery/catalog/1210_original_Mg-msn-02.jpg,exact,a71b1caa1995a4f61743f11dbf040af57334d7e420c7658b28a3345e95da2041,1024,1287,
HG 1/144 GELGOOG Menace,downloaded,HG 1_144 GELGOOG Menace__ee9f4d3358.jpg,gunpla_hangar,ZGMF-2025/F GELGOOG Menace,https://gunplahangar.com/kits/hgce-zgmf-2025-f-gelgoog-menace,https://gunplahangar.com/img/kits/hgce-zgmf-2025-f-gelgoog-menace/box-art-800.jpg,source_model_code_hangar_exact,7e0591c146241436905c5c6bc89a531398cae1ef384ef1103bbe7758bb5d0f0d,800,520,
MG 1/100 MSN-04 SAZABI,downloaded,MG 1_100 MSN-04 SAZABI__e7497724c4.jpg,gunpla_gallery,MSN-04 Sazabi,https://gunplagallery.com/kits/1188-mg-msn-04-sazabi,https://s3.amazonaws.com/gunplagallery/catalog/1188_original_Mg-msn-04.jpg,exact,4d435eabeae792e5da4ba7f96be84c85eb4150f1c11261661bfd6423d158f4ca,1024,563,
HG 1/144 GELGOOG VERTEX,not_found,,,,,,,,,,bandai_manual: GELGOOG VERTEX | dalong: Gelgoog Vertex | gunpla_hobby: GELGOOG VERTEX
MG 1/100 MSN-04 SAZABI Ver.Ka,downloaded,MG 1_100 MSN-04 SAZABI Ver.Ka__ee19d9bbc6.jpg,gunpla_gallery,MSN-04 Sazabi Ver.Ka,https://gunplagallery.com/kits/1334-mg-msn-04-sazabi-ver-ka,https://s3.amazonaws.com/gunplagallery/catalog/1334_original_MG_Sazabi_ver_KA_new_Boxart.jpg,exact,315d587045948cc1342785b5d1a0af40a35d99ee1996b14e900c6f12902ebcf1,1023,680,
HG 1/144 GELGOOG(GQ),not_found,,,,,,,,,,bandai_manual: GELGOOG(GQ) | dalong: Gelgoog(GQ) | gunpla_hobby: GELGOOG(GQ)
MG 1/100 MSN-06S SINANJU STEIN Ver. Ka,downloaded,MG 1_100 MSN-06S SINANJU STEIN Ver. Ka__9d32c49d2b.jpg,gunpla_gallery,MSN-06S Sinanju Stein Ver.Ka,https://gunplagallery.com/kits/1324-mg-msn-06s-sinanju-stein-ver-ka,https://s3.amazonaws.com/gunplagallery/catalog/1324_original_MGSinanjuSteinBoxArt.jpg,exact,83d083494cd52e9c79573f89d5aa56d13dd6aa926e400bfef7483ddaaceb113e,1191,1500,
HG 1/144 GELGOOG(UNICORN Ver.),not_found,,,,,,,,,,bandai_manual: GELGOOG(UNICORN Ver.) | dalong: Gelgoog Unicorn Ver. | gunpla_hobby: GELGOOG(UNICORN Ver.)
MG 1/100 MSN-100 HYAKU-SHIKI,downloaded,MG 1_100 MSN-100 HYAKU-SHIKI__55e50cf214.jpg,bandai_manual,MSN-100 HYAKU-SHIKI,https://manual.bandai-hobby.net/menus/detail/810,https://bandai-hobby.net/images/155_190_o_1h38s6e4n1u9ms0g1hio1a44132523.jpg,official_exact,8b0443a6ceaf11ba6b91c5471b83104e35e0cada916150624acee6bdff78e54f,1200,1200,
HG 1/144 GELGOOG/ GELGOOG CANNON,downloaded,HG 1_144 GELGOOG_ GELGOOG CANNON__d34c454ed1.jpg,dalong,Gelgoog/Gelgoog Cannon,https://www.dalong.net/reviews/hg/h76/h76_p_e.htm,https://www.dalong.net/reviews/hg/h76/p/h76.jpg,exact,0a44985aa40e4d921ad3fbabf16650279d5ad9df892805607ea031747c6a91a3,288,178,
MG 1/100 MSZ-006-3B ZETA GUNDAM 3B TYPE GRAY ZETA,not_found,,,,,,,,,,bandai_manual: MSZ-006-3B ZETA GUNDAM III B TYPE GRAY ZETA | gunpla_gallery: MSZ-006 Zeta Gundam | gunpla_hangar: MSZ-006 Zeta Gundam (1996)
HG 1/144 GENOACE,downloaded,HG 1_144 GENOACE__038b5fc1ce.jpg,gunpla_hangar,RGE-B790 Genoace,https://gunplahangar.com/kits/hgage-rge-b790-genoace,https://gunplahangar.com/img/kits/hgage-rge-b790-genoace/box-art-800.jpg,source_model_code_hangar_exact,96cc61c6bde6ac2f849ff9e22d37b7ea7355d8df5a1ff29bf2fae5ec6adf462f,800,505,
MG 1/100 MSZ-006A1 ZETAPLUS,downloaded,MG 1_100 MSZ-006A1 ZETAPLUS__9a936d6093.jpg,gunpla_gallery,MSZ-006A1 Zeta plus,https://gunplagallery.com/kits/1202-mg-msz-006a1-zeta-plus,https://s3.amazonaws.com/gunplagallery/catalog/1202_original_Mg-msz-006a1.jpg,exact,1fb1d37cea49ce133ac19e0f657cf7c6b20e81203d356e6489847f4fb45338f6,1024,1592,
HG 1/144 GENOACE CUSTOM,downloaded,HG 1_144 GENOACE CUSTOM__f906ce7d8d.jpg,gunpla_gallery,RGE-B790CW Genoace Custom,https://gunplagallery.com/kits/308-hg-rge-b790cw-genoace-custom,https://s3.amazonaws.com/gunplagallery/catalog/308_original_Genoace-custom-hg.jpg,source_model_code_cross_source,f6bb27eee62d9f169d988f16fdc2eea4ffa0f9a7eb3dded3158b4a896b145b84,960,604,
MG 1/100 MSZ-006C1 ZETAPLUS,downloaded,MG 1_100 MSZ-006C1 ZETAPLUS__ee9cfef57f.jpg,gunpla_hobby,MSZ-006C1 ZETAPLUS,https://gunpla-hobby.com/gunpla/mg-1-100-mg-1-100-msz-006c1-c-3f7b30,https://thumbnail.image.rakuten.co.jp/@0_mall/mediaworldkaitoriworld/cabinet/6317/7/cg63177528.jpg,official_title_release_month,959a188e261f6764ff47523ba72d3b8b2f0b9f95776fd2ea270f9f0a6b8301ba,1600,1600,
HG 1/144 GENOACE II,downloaded,HG 1_144 GENOACE II__98ab543f8e.jpg,gunpla_gallery,RGE-B890 Genoace II,https://gunplagallery.com/kits/320-hg-rge-b890-genoace-ii,https://s3.amazonaws.com/gunplagallery/catalog/320_original_Hg_genoace_ii_boxart.jpg,source_model_code_cross_source,6564e6dcff1432eddd09136b811f3e5044993078616d8e500cd94959134f884b,640,409,
MG 1/100 MSZ-006P2/3C ZETA GUNDAM III P2 TYPE RED ZETA,not_found,,,,,,,,,,bandai_manual: MSZ-006P2/3C ZETA GUNDAM III P2 TYPE RED ZETA | dalong: Zeta Gundam 3 Type-P2 [Red Zeta] | bandai_manual: MSZ-006-3B ZETA GUNDAM III B TYPE GRAY ZETA
HG 1/144 GENOACE O CUSTOM,not_found,,,,,,,,,,bandai_manual: GENOACE O CUSTOM | dalong: Genoace O Custom | gunpla_hobby: GENOACE O CUSTOM
MG 1/100 MUSHA GUNDAM MK-II,downloaded,MG 1_100 MUSHA GUNDAM MK-II__19fef33986.jpg,gunpla_gallery,Musha Gundam Mk-II,https://gunplagallery.com/kits/1292-mg-musha-gundam-mk-ii,https://s3.amazonaws.com/gunplagallery/catalog/1292_original_Mush_Gundam_Mk._II_Boxart.jpg,exact,8452bc813b56c64ef2bb7d96836aa455aee89f442c79d36438365512ee21798d,507,640,
HG 1/144 GERBERA TETRA (ROLL OUT Ver.),downloaded,HG 1_144 GERBERA TETRA (ROLL OUT Ver.)__e17222bfb4.jpg,gunpla_hobby,GERBERA TETRA (ROLL OUT Ver.),https://gunpla-hobby.com/gunpla/hg-1-144-hguc-1-144-058b02,https://thumbnail.image.rakuten.co.jp/@0_mall/crahoby/cabinet/s202110/bd-g-hguc159.jpg,official_title_release_month,ca390b73c579f8f5049156b84522b6f1462635d2c292a81c159a4ae4f8555961,800,610,
MG 1/100 M’QUVE’S GOUF,not_found,,,,,,,,,,bandai_manual: M’QUVE’S GOUF | dalong: Gouf M'Quve's U se | dalong: Gouf
HG 1/144 GERBERA-TETRA,downloaded,HG 1_144 GERBERA-TETRA__91bb5f470e.jpg,dalong,Gerbera-Tetra,https://www.dalong.net/reviews/hg/h159/h159_p_e.htm,https://www.dalong.net/reviews/hg/h159/p/h159.jpg,exact,84a94bc6301a0c0527595431fbdc35e037131693b75d05606c30424dbcd606cb,300,188,
MG 1/100 NARRATIVE GUNDAM B-PACKS Ver.Ka,not_found,,,,,,,,,,bandai_manual: NARRATIVE GUNDAM B-PACKS Ver.Ka | dalong: Narrative Gundam B-Packs Ver.Ka | bandai_manual: NARRATIVE GUNDAM C-PACKS Ver.Ka
HG 1/144 GFreD,downloaded,HG 1_144 GFreD__b220544f65.jpg,dalong,GFreD,https://www.dalong.net/reviews/hg/hgq08/hgq08_p_e.htm,https://www.dalong.net/reviews/hg/hgq08/p/hgq08.jpg,exact,80a8f9eef1f6aa80e9740c934cc19dc6008541b0412e2d11c3881a9176f97109,1200,747,
MG 1/100 NEMO,downloaded,MG 1_100 NEMO__2c811cbb0f.jpg,dalong,Nemo,https://www.dalong.net/reviews/mg/m88/m88_p_e.htm,https://www.dalong.net/reviews/mg/m88/p/m88.jpg,exact,737c82dd393e03685da89d334ffa6b28d504d20d62343604bc418b0ea786d53d,184,291,
HG 1/144 GHIRARGA,downloaded,HG 1_144 GHIRARGA__7fb6ae8735.jpg,dalong,Ghirarga,https://www.dalong.net/reviews/age/agh23/agh23_p_e.htm,https://www.dalong.net/reviews/age/agh23/p/agh23.jpg,exact,173abff3f4d8f295ebb6658f17f2f15b76ebde275e7c19539f6cf5560aaacc80,300,188,
MG 1/100 NEUEN BITTER’S ZAKUIIF2,not_found,,,,,,,,,,bandai_manual: NEUEN BITTER’S ZAKUIIF2 | dalong: Zaku II F2 (Neuen Bitter Use) | bandai_manual: S GUNDAM
HG 1/144 GHOST GUNDAM,not_found,,,,,,,,,,bandai_manual: GHOST GUNDAM | dalong: Ghost Gundam | gunpla_hobby: GHOST GUNDAM
MG 1/100 OO GUNDAM SEVEN SWORD/G,downloaded,MG 1_100 OO GUNDAM SEVEN SWORD_G__5bd1059644.jpg,dalong,00 Gundam Seven Sword/G,https://www.dalong.net/reviews/mg/m147/m147_p_e.htm,https://www.dalong.net/reviews/mg/m147/p/m147.jpg,exact,ee30febc5ac4361858666f14cd9da8af2e6ff1fd4556ba5780e1a755102cddc8,300,237,
HG 1/144 GHOST JEGAN F,not_found,,,,,,,,,,bandai_manual: GHOST JEGAN F | dalong: Ghost Jegan F | gunpla_hobby: GHOST JEGAN F
MG 1/100 OO QAN[T],downloaded,MG 1_100 OO QAN[T]__11aeb89cb4.jpg,dalong,00 Qan[T],https://www.dalong.net/reviews/mg/m139/m139_p_e.htm,https://www.dalong.net/reviews/mg/m139/p/m139.jpg,exact,57e40bfb5c1982443c2062262b96aa377f8b5e2ecb7fee7b1d286c54b08912ea,183,289,
HG 1/144 GHOST JEGAN M,not_found,,,,,,,,,,bandai_manual: GHOST JEGAN M | dalong: Ghost Jegan M | gunpla_hobby: GHOST JEGAN M
MG 1/100 OO QAN[T] (TRANS-AM MODE) [SPECIAL COATING],downloaded,MG 1_100 OO QAN[T] (TRANS-AM MODE) [SPECIAL COATING]__2449a630a3.jpg,gunpla_hobby,OO QAN[T] (TRANS-AM MODE) [SPECIAL COATING],https://gunpla-hobby.com/gunpla/mg-1-100-mg-1-100-929fe1,https://thumbnail.image.rakuten.co.jp/@0_mall/cocohouse/cabinet/2005m10-4/b07b6ng1k7.jpg,official_title_release_month,e419fb4776609c0d06146902297211a17e711eea2a453bf1ce720ab6c5240800,228,350,
HG 1/144 GIANT GATLING,downloaded,HG 1_144 GIANT GATLING__0e211db14c.jpg,dalong,Giant Gatling,https://www.dalong.net/reviews/bf/bc23/bc23_p_e.htm,https://www.dalong.net/reviews/bf/bc23/p/bc23.jpg,exact,a6527c67d5914f8873b052fde7fb3bd57df6f55b1dcbf77cc041e922ab3cba77,238,300,
MG 1/100 OO RAISER,downloaded,MG 1_100 OO RAISER__bc1ae56af5.jpg,dalong,00 Raiser,https://www.dalong.net/reviews/mg/m144/m144_p_e.htm,https://www.dalong.net/reviews/mg/m144/p/m144.jpg,exact,5a5ff301acb8adf5589d0ee7f3d3f0e152a7207b83281d47d04533800b7b4a7e,300,234,
HG 1/144 GILLA-SHIKI,not_found,,,,,,,,,,bandai_manual: GILLA-SHIKI | gunpla_hobby: GILLA-SHIKI | bandai_manual: MEGA-SHIKI
MG 1/100 OO XN RAISER,duplicate_image,,gunpla_wiki,MG GN-0000+GNR-010/XN 00 XN Raiser,https://gunpla.fandom.com/wiki/MG_GN-0000%2BGNR-010/XN_00_XN_Raiser,https://static.wikia.nocookie.net/gunplabuilders/images/5/52/MG-00-XN-Raiser-box.jpg/revision/latest?cb=20250301045047,source_model_code_cross_source,c7f49b14bf7494b1a3c665b9019b1e29ad12a3a91833c6a3e66df954c364f450,600,481,duplicate bytes of MG 1/100 00 XN RAISER
HG 1/144 GINN TYPE HIGH-MANEUVER,downloaded,HG 1_144 GINN TYPE HIGH-MANEUVER__a42be544e0.jpg,dalong,Ginn Type High-Maneuver,https://www.dalong.net/reviews/seed/shv3/shv3_p_e.htm,https://www.dalong.net/reviews/seed/shv3/p/shv3.jpg,exact,b84324b7185a8d69c03e11af83defa0953ad59bd597bb9c1690b9ea8fd997345,290,182,
MG 1/100 PERFECT STRIKE GUNDAM SPECIAL COATING Ver.,not_found,,,,,,,,,,bandai_manual: PERFECT STRIKE GUNDAM SPECIAL COATING Ver. | dalong: Perfect Strike Gundam Special Coating Ver. | bandai_manual: PROVIDENCE GUNDAM [SPECIAL COATING]
HG 1/144 GINN TYPE HIGH-MANEUVER 2,downloaded,HG 1_144 GINN TYPE HIGH-MANEUVER 2__1ef29b9978.jpg,dalong,Ginn Type High-Maneuver 2,https://www.dalong.net/reviews/seed/sh29/sh29_p_e.htm,https://www.dalong.net/reviews/seed/sh29/p/sh29.jpg,exact,98aa5bc6d40cfa6f0e83e5fc48498cde73be46ff159bcbfba016df1d2e2b8928,288,176,
MG 1/100 PERFECT ZEONG,downloaded,MG 1_100 PERFECT ZEONG__49a30f7232.jpg,dalong,Perfect Zeong,https://www.dalong.net/reviews/mg/m71/m71_p_e.htm,https://www.dalong.net/reviews/mg/m71/p/m71.jpg,exact,480ef74d58e5e495649fb27f8c2d9b573b3f1690271101b4a3300175ea5af353,289,194,
HG 1/144 GJALLARHORN ARIANRHOD FLEET COMPLETE SET,not_found,,,,,,,,,,bandai_manual: GJALLARHORN ARIANRHOD FLEET COMPLETE SET | dalong: Gjallarhorn Arianrhod Fleet Complete Set | gunpla_hobby: GJALLARHORN ARIANRHOD FLEET COMPLETE SET
MG 1/100 PLAN303E DEEP STRIKER,downloaded,MG 1_100 PLAN303E DEEP STRIKER__0658903c13.jpg,bandai_manual,PLAN303E DEEP STRIKER,https://manual.bandai-hobby.net/menus/detail/628,https://bandai-hobby.net/images/158_2221_o_1e8987sc4sne1muq1cpt1bml14i731.jpg,official_exact,57f529106b12931cf5b63adb6b9a37c0a46c306994d1305e534d058b39f6d8b1,1200,1200,
HG 1/144 GM & GUNCANNON MASS PRODUCTION TYPE (WHITE DINGO TEAM CUSTOM),not_found,,,,,,,,,,bandai_manual: GM & GUNCANNON MASS PRODUCTION TYPE (WHITE DINGO TEAM CUSTOM) | dalong: GM & Guncannon Mass Production (White Dingo Team Custom) | dalong: GM Sniper II White Dingo Team Custom
MG 1/100 POWERED GM,downloaded,MG 1_100 POWERED GM__f9e6840222.webp,gunpla_wiki,MG RGM-79 Powered GM,https://gunpla.fandom.com/wiki/MG_RGM-79_Powered_GM,https://static.wikia.nocookie.net/gunplabuilders/images/e/e4/MG-Powered-GM-boxart.jpg/revision/latest?cb=20170927053641,source_model_code_wiki_release,c667bf827ab039310b7403a3881dec2a010a94dd8912e728d7b122a084847ae1,325,512,
HG 1/144 GM (MOROCCAN FRONT TYPE),downloaded,HG 1_144 GM (MOROCCAN FRONT TYPE)__a8db85d08c.jpg,gunpla_hangar,RGM-79 GM (Moroccan Front Type),https://gunplahangar.com/kits/hgcdi-rgm-79-gm-moroccan-front-type,https://gunplahangar.com/img/kits/hgcdi-rgm-79-gm-moroccan-front-type/box-art-800.jpg,source_model_code_hangar_exact,8e7ec1d9d508d4d481ce9dbe9ad7b9940d7251cda161b2c7f02104a29c324b4a,800,514,
MG 1/100 PROTOTYPE GOUF,not_found,,,,,,,,,,bandai_manual: PROTOTYPE GOUF | dalong: Prototype Gouf | dalong: Prototype Gundam
HG 1/144 GM (SLEGGAR),downloaded,HG 1_144 GM (SLEGGAR)__7ee8706667.jpg,gunpla_hangar,RGM-79 GM (Sleggar),https://gunplahangar.com/kits/hgcdi-rgm-79-gm-sleggar,https://gunplahangar.com/img/kits/hgcdi-rgm-79-gm-sleggar/box-art-800.jpg,source_model_code_hangar_exact,16b793a7d36b6dbb3f5de08abf3647546e7dac74266d10dd16efb29180cc5fa5,800,515,
MG 1/100 PROVIDENCE GUNDAM [SPECIAL COATING],downloaded,MG 1_100 PROVIDENCE GUNDAM [SPECIAL COATING]__47c0f31c8e.jpg,gunpla_hobby,PROVIDENCE GUNDAM [SPECIAL COATING],https://gunpla-hobby.com/gunpla/mg-1-100-1-100-2c83a9,https://thumbnail.image.rakuten.co.jp/@0_mall/goodlifestore/cabinet/20200531-3/b077qx1d3z.jpg,official_title_release_month,0c7c5656779cba0a9bc1791c8558820a50e5be912f3c90d976938423ec7b0313,350,260,
HG 1/144 GM [GUNDAM THUNDERBOLT Ver.],downloaded,HG 1_144 GM [GUNDAM THUNDERBOLT Ver.]__07909f69ad.jpg,gunpla_gallery,RGM-79 GM (GUNDAM THUNDERBOLT Ver.),https://gunplagallery.com/kits/46874-hg-rgm-79-gm-gundam-thunderbolt-ver-,https://s3.amazonaws.com/gunplagallery/catalog/46874_original_HGGT-GM-Anime.jpg,source_model_code_release_month,84fd83dfda90c794eb29f67366a3bc99e809817963402919e72bf610c12beb38,1476,932,
MG 1/100 QUBELEY DAMNED,not_found,,,,,,,,,,bandai_manual: QUBELEY DAMNED | dalong: Qubeley Damned | gunpla_hobby: QUBELEY DAMNED
HG 1/144 GM CANNON II,downloaded,HG 1_144 GM CANNON II__47ac91e745.jpg,dalong,GM Cannon II,https://www.dalong.net/reviews/hg/h125/h125_p_e.htm,https://www.dalong.net/reviews/hg/h125/p/h125.jpg,exact,ae721fec4810fa4767cf68e52031573c2f0d6a06dcf44e979486a26184aa09d3,300,190,
MG 1/100 QUBELEY Mk-II (ELPEO PLE),downloaded,MG 1_100 QUBELEY Mk-II (ELPEO PLE)__76bd3e5139.jpg,gunpla_hobby,QUBELEY Mk-II (ELPEO PLE),https://gunpla-hobby.com/gunpla/mg-1-100-mg-1-100-mk-ii-a9fb0e,https://thumbnail.image.rakuten.co.jp/@0_mall/hauteproduit/cabinet/11587770/1f679798243666b.jpg,official_title_release_month,673218e0e96a50f588c88f08a81b5ddc48df37d795971dca1786bea934942a2f,400,400,
HG 1/144 GM COMMAND,downloaded,HG 1_144 GM COMMAND__eeea583f73.jpg,gunpla_hangar,RGM-79G GM Command,https://gunplahangar.com/kits/hguc-rgm-79g-gm-command,https://gunplahangar.com/img/kits/hguc-rgm-79g-gm-command/box-art-800.jpg,source_model_code_cross_source,5794b98a8959dd10ca3598265db037152f71047b09748d66dec4dcf33c53e1c4,800,596,
MG 1/100 QUBELEY Mk-II (PLE TWO),downloaded,MG 1_100 QUBELEY Mk-II (PLE TWO)__69b1a86f9e.jpg,bandai_manual,QUBELEY Mk-II (PLE TWO),https://manual.bandai-hobby.net/menus/detail/526,https://bandai-hobby.net/images/158_410_s_lhu55x2p0dvucttxqop6ye3nghf4.jpg,official_exact,18021caa1bccb0b14dce00886fe4507a925269029646b002ea068a3ae52243d0,1200,1200,
HG 1/144 GM COMMAND SPACE,downloaded,HG 1_144 GM COMMAND SPACE__7991f76e84.jpg,dalong,GM Command Space,https://www.dalong.net/reviews/hg/h51/h51_p_e.htm,https://www.dalong.net/reviews/hg/h51/p/h51.jpg,exact,17847fd23afd9c633ddfaa193ad8f21bbbfa84980a1d095f7b9e20b440281c51,290,212,
MG 1/100 RAIDER GUNDAM (FULL MECHANICS),downloaded,MG 1_100 RAIDER GUNDAM (FULL MECHANICS)__a82b3d05b3.jpg,bandai_manual,RAIDER GUNDAM (FULL MECHANICS),https://manual.bandai-hobby.net/menus/detail/1094,https://bandai-hobby.net/images/159_5020_s_ht5visxvk8t1gqi3tgwkftnwxc45.jpg,official_exact,1b1cc9849765b1805980dda7dae8f601c7a6f116d8acded8523ef122ad3a834c,1200,1200,
HG 1/144 GM CUSTOM,downloaded,HG 1_144 GM CUSTOM__7f7195ee12.jpg,dalong,GM Custom,https://www.dalong.net/reviews/hg/h120/h120_p_e.htm,https://www.dalong.net/reviews/hg/h120/p/h120.jpg,exact,40a5d789366b616d93e76a3a63e27c74e664fb37ce6b3b644510fd7baca18629,287,189,
MG 1/100 Re-GZ (UNICORN Ver.),downloaded,MG 1_100 Re-GZ (UNICORN Ver.)__6737fee3c8.webp,gunpla_wiki,MG RGZ-91 Re-GZ (Unicorn Ver.),https://gunpla.fandom.com/wiki/MG_RGZ-91_Re-GZ_%28Unicorn_Ver.%29,https://static.wikia.nocookie.net/gunplabuilders/images/f/f9/MG-Re-GZ-%28Unicorn-Ver%29-box.jpg/revision/latest?cb=20200120052505,source_model_code_cross_source,92ce14b675f4332f6c995860c9dc107f2ea9ca9c646e2cf3688075c698ece345,800,1004,
HG 1/144 GM GARD CUSTOM,downloaded,HG 1_144 GM GARD CUSTOM__6ce4cd3b1b.jpg,bandai_manual,GM GARD CUSTOM,https://manual.bandai-hobby.net/menus/detail/65,https://bandai-hobby.net/images/191_2320_s_s4l0zl8w5yws0v3g9t8kxe2wdmm1.jpg,official_exact,4e316134ca882781e33035c6b8a40a74802e8a7d36e3c544e2d897623bc83bbd,1200,1200,
MG 1/100 Re-GZ CUSTOM,downloaded,MG 1_100 Re-GZ CUSTOM__e4bb9614a7.webp,gunpla_wiki,MG RGZ-91B Re-GZ Custom,https://gunpla.fandom.com/wiki/MG_RGZ-91B_Re-GZ_Custom,https://static.wikia.nocookie.net/gunplabuilders/images/4/4a/MG-Re-GZ-Custom-box.jpg/revision/latest?cb=20190827150534,source_model_code_cross_source,869bf903f3bf757480a1f983b36c7a2f97ec7bc0a5b6b9717e65885765fdceee,650,816,
HG 1/144 GM GROUND TYPE,downloaded,HG 1_144 GM GROUND TYPE__85a466ac55.jpg,dalong,GM Ground Type,https://www.dalong.net/reviews/hg/h202/h202_p_e.htm,https://www.dalong.net/reviews/hg/h202/p/h202.jpg,exact,2ee0e1951a2a6be2a5b828fca5bcddfef8118399c547ed89f11f96b84150cb1d,300,187,
MG 1/100 RE-ZEL,downloaded,MG 1_100 RE-ZEL__5f8e9b9c9d.jpg,dalong,ReZEL,https://www.dalong.net/reviews/mg/m138/m138_p_e.htm,https://www.dalong.net/reviews/mg/m138/p/m138.jpg,exact,84c7539532846edb8273f75e74e599ce245b5cd5feb0f1b1472d88869aa50b86,240,300,
HG 1/144 GM II,downloaded,HG 1_144 GM II__1b8c05c963.jpg,dalong,GM II,https://www.dalong.net/reviews/hg/h131/h131_p_e.htm,https://www.dalong.net/reviews/hg/h131/p/h131.jpg,exact,8336d3046f114ebfb9ae6e0b61c91ba0c353d241fa5ca35014f47f366e32dd22,300,192,
MG 1/100 RE-ZEL COMMANDER TYPE,downloaded,MG 1_100 RE-ZEL COMMANDER TYPE__3915d756f8.jpg,dalong,ReZEL [Commander Type],https://www.dalong.net/reviews/mg/m140/m140_p_e.htm,https://www.dalong.net/reviews/mg/m140/p/m140.jpg,exact,2e53de3040401bec3d9a11578d79337ef16eb1e231c8f001066af479ad81abb5,229,289,
HG 1/144 GM II DESERT COLOR Ver.,not_found,,,,,,,,,,bandai_manual: GM II DESERT COLOR Ver. | dalong: GM II (AEUG Color Ver.) | dalong: RMS-179 GM II [Desert Clor Ver.]
MG 1/100 ReZEL TYPE-C (DEFENSER a+b UNIT/GENERAL REVIL),downloaded,MG 1_100 ReZEL TYPE-C (DEFENSER a+b UNIT_GENERAL REVIL)__0722629c84.jpg,bandai_manual,ReZEL TYPE-C (DEFENSER a+b UNIT/GENERAL REVIL),https://manual.bandai-hobby.net/menus/detail/607,https://bandai-hobby.net/images/156_852_s_k78u5rq81r0b57hd05exm9xohfml.jpg,official_exact,dd13392ef160eb8d8ff6f2e105a046da31113fd1bef49241c70aaf7784b692e4,560,560,
HG 1/144 GM III,downloaded,HG 1_144 GM III__11d1a21e93.jpg,dalong,GM III,https://www.dalong.net/reviews/hg/h126/h126_p_e.htm,https://www.dalong.net/reviews/hg/h126/p/h126.jpg,exact,03265ff2297d43e45fd27fa51b7c0fb55c162697b486d81a56378334df3bc497,300,192,
MG 1/100 RGC-80 GM CANNON,downloaded,MG 1_100 RGC-80 GM CANNON__b307dd9547.webp,gunpla_wiki,MG RGC-80 GM Cannon,https://gunpla.fandom.com/wiki/MG_RGC-80_GM_Cannon,https://static.wikia.nocookie.net/gunplabuilders/images/0/08/MG-GM-Cannon-box.jpg/revision/latest?cb=20190327034004,exact,05b83b33510b6ea1535726631a5eceba081782b5d2555cd73136533d86097097,785,994,
HG 1/144 GM INTERCEPT CUSTOM,downloaded,HG 1_144 GM INTERCEPT CUSTOM__9900890584.jpg,gunpla_gallery,RGM-79KC GM Intercept Custom,https://gunplagallery.com/kits/463-hg-rgm-79kc-gm-intercept-custom,https://s3.amazonaws.com/gunplagallery/catalog/463_original_HG_GM_Intercept_Custom.jpg,source_model_code_cross_source,31b90feb4afc6bb6f39b46bd3739facb7f8bdb07f744f1839a8feb90465591d8,1200,757,
MG 1/100 RGM-179 GM II,not_found,,,,,,,,,,bandai_manual: RGM-179 GM II | gunpla_hangar: RMS-179 GM II | gunpla_wiki: MG RMS-179 GM II
HG 1/144 GM QUEL,downloaded,HG 1_144 GM QUEL__7ec43878b8.jpg,dalong,GM Quel,https://www.dalong.net/reviews/hg/h74/h74_p_e.htm,https://www.dalong.net/reviews/hg/h74/p/h74.jpg,exact,90271448117f99553cd5d054229d53535afeb6212a5dad75c0cd7c665fc41349,288,183,
MG 1/100 RGM-79,downloaded,MG 1_100 RGM-79__b10c8e676e.jpg,bandai_manual,RGM-79,https://manual.bandai-hobby.net/menus/detail/437,https://bandai-hobby.net/images/156_2515_s_0uf10drr1fdxqzyorgn2exy8eag7.jpg,official_exact,68b7a1d1766ac8d9f320feda7c5d390c78753cd4e68e577ca32c1dc755cf0789,1200,1200,
HG 1/144 GM SLOEP,not_found,,,,,,,,,,bandai_manual: GM SLOEP | dalong: GM Sloep | bandai_manual: GM/GM
MG 1/100 RGM-79 GM Ver.2.0,downloaded,MG 1_100 RGM-79 GM Ver.2.0__6997f4b948.jpg,gunpla_gallery,RGM-79 GM Ver.2.0,https://gunplagallery.com/kits/1277-mg-rgm-79-gm-ver-2-0,https://s3.amazonaws.com/gunplagallery/catalog/1277_original_Mg-rgm-79-ver2.jpg,exact,a5e9a3f1d17a7900e5b0c2d09423838b32d754d944fc85e51c994337b8eeb794,1024,1585,
HG 1/144 GM SNIPER,downloaded,HG 1_144 GM SNIPER__905001b52c.jpg,gunpla_hangar,RGM-79［G］ GM Sniper,https://gunplahangar.com/kits/hguc-rgm-79g-gm-sniper,https://gunplahangar.com/img/kits/hguc-rgm-79g-gm-sniper/box-art-800.jpg,source_model_code_hangar_exact,82eda5114e3844c6f806ff6bf5bb7e2a78b3919012527b938127f2cbab50b351,800,510,
MG 1/100 RGM-79(G) GM,downloaded,MG 1_100 RGM-79(G) GM__5e36dbcdf4.jpg,gunpla_gallery,RGM-79[G] GM,https://gunplagallery.com/kits/1199-mg-rgm-79-g-gm,https://s3.amazonaws.com/gunplagallery/catalog/1199_original_Mg-rgm-79g.jpg,exact,50eb8c4bd92e88b7f32f0275c2d33264a5a80fd9b422bb7aad11f06f9f250c89,1024,1605,
HG 1/144 GM SNIPER II,downloaded,HG 1_144 GM SNIPER II__4740220f14.jpg,dalong,GM Sniper II,https://www.dalong.net/reviews/hg/h146/h146_p_e.htm,https://www.dalong.net/reviews/hg/h146/p/h146.jpg,exact,8ce17ad6eeca70d54e9b27458e2d26d1c275769e1ec8363a7f644f5400bdbf66,300,191,
MG 1/100 RGM-79C GM TYPE C,downloaded,MG 1_100 RGM-79C GM TYPE C__5f8430662b.jpg,gunpla_hangar,RGM-79C GM Type C,https://gunplahangar.com/kits/mg-rgm-79c-gm-type-c,https://gunplahangar.com/img/kits/mg-rgm-79c-gm-type-c/box-art-800.jpg,exact,db279e97a044fa123efcc918f55907c0f730fa8efafb6940e7cfbaf9af5f418b,800,1246,
HG 1/144 GM SNIPER K9,downloaded,HG 1_144 GM SNIPER K9__35e0b396e7.jpg,dalong,GM Sniper K9,https://www.dalong.net/reviews/bf/bf10/bf10_p_e.htm,https://www.dalong.net/reviews/bf/bf10/p/bf10.jpg,exact,44d4f208ddf503192d6dd8d359e492654f355bfc4f46aa3c83d6ce825077deaf,300,189,
MG 1/100 RGM-79N,downloaded,MG 1_100 RGM-79N__dfdf98792d.jpg,bandai_manual,RGM-79N,https://manual.bandai-hobby.net/menus/detail/432,https://bandai-hobby.net/images/156_4272_s_jcafzyrp645o04puz2hh6ayoak0l.jpg,official_exact,4ad45f8645f33558893f78869dba1f6b3468aeb929b65de3246985ac7c0d4d86,1200,1200,
HG 1/144 GM SPARTAN,downloaded,HG 1_144 GM SPARTAN__4ff18d3f73.jpg,gunpla_hobby,GM SPARTAN,https://gunpla-hobby.com/gunpla/hg-1-144-1-144-a4a2b8,https://thumbnail.image.rakuten.co.jp/@0_mall/cocohouse/cabinet/20250706-2/b0cj76jhbv.jpg,official_title_release_month,15d451d7335ac7e9b9d1998095783f72d1924f620b9d51e8dbd8de4fb301c6f8,350,224,
MG 1/100 RGM-79Q,downloaded,MG 1_100 RGM-79Q__d3493d0d03.jpg,bandai_manual,RGM-79Q,https://manual.bandai-hobby.net/menus/detail/433,https://bandai-hobby.net/images/157_2537_s_hwu7prkhs91dl5wkqk8q27m25c0k.jpg,official_exact,e473ef0a86f5e824300743a3a7275d41528283fa0d411043adf73a3a338ee4c6,1200,1200,
HG 1/144 GM STRIKER,downloaded,HG 1_144 GM STRIKER__4e83b7eccf.jpg,dalong,GM Striker,https://www.dalong.net/reviews/hg/h72/h72_p_e.htm,https://www.dalong.net/reviews/hg/h72/p/h72.jpg,exact,042a45246e432494ccfb5fc43d11d32f9464a95b2d7fb8bedd13921fcad1034d,290,184,
MG 1/100 RGZ-91 Re-GZ,downloaded,MG 1_100 RGZ-91 Re-GZ__0f241e1076.jpg,gunpla_gallery,RGZ-91 Re-GZ,https://gunplagallery.com/kits/1198-mg-rgz-91-re-gz,https://s3.amazonaws.com/gunplagallery/catalog/1198_original_Mg-rgz-91.jpg,exact,57f64bdf6923f290b2de0d5d1ffc043b583509d37fd6b704bea066cf57859541,1024,1298,
HG 1/144 GM TYPE C,downloaded,HG 1_144 GM TYPE C__3d8fb9a976.jpg,dalong,GM type C,https://www.dalong.net/reviews/hg/h113/h113_p_e.htm,https://www.dalong.net/reviews/hg/h113/p/h113.jpg,exact,cfd884d69a9f209ed24f2ea047f3a7b60ed706145ec434133c89b462023592ff,289,186,
MG 1/100 RICK DIAS,downloaded,MG 1_100 RICK DIAS__d5df1cbe51.jpg,dalong,Rick Dias,https://www.dalong.net/reviews/mg/m70/m70_p_e.htm,https://www.dalong.net/reviews/mg/m70/p/m70.jpg,exact,08416fc0c2007987ffc5bef4cdf8818132770dae55f10679bacca53e7bd2a92a,228,290,
HG 1/144 GM TYPE C & BALL TYPE C,not_found,,,,,,,,,,bandai_manual: GM TYPE C & BALL TYPE C | bandai_manual: GM TYPE C | dalong: GM type C
MG 1/100 RICK DIAS QUATTORO COLOR,downloaded,MG 1_100 RICK DIAS QUATTORO COLOR__885ce7166e.jpg,gunpla_hobby,RICK DIAS QUATTORO COLOR,https://gunpla-hobby.com/gunpla/mg-1-100-mg-1-100-a1111e,https://thumbnail.image.rakuten.co.jp/@0_mall/goodwoods/cabinet/m6juwlane2urm/6uxrilg20ld901.jpg,official_title_release_month,1124b6f59e1cd2c41da4d9ee594da19ef7a6356f7cd8a6ea669d835ba4981397,500,500,
HG 1/144 GM/GM,downloaded,HG 1_144 GM_GM__467a19967e.jpg,dalong,GM/GM,https://www.dalong.net/reviews/bf/bf59/bf59_p_e.htm,https://www.dalong.net/reviews/bf/bf59/p/bf59.jpg,exact,3f11b5f56ee7aed4e34074e7f6d21c192818ada7547f0cd56b75fc10d40ccee1,300,188,
MG 1/100 RMS-108 MARASAI,downloaded,MG 1_100 RMS-108 MARASAI__0e5254d092.jpg,gunpla_gallery,RMS-108 Marasai,https://gunplagallery.com/kits/1316-mg-rms-108-marasai,https://s3.amazonaws.com/gunplagallery/catalog/1316_original_Marasai_Box_Art.jpg,exact,efa533b13024ffcbd15067833801e89c2015723231c21b30b8449b5df7a856a3,1191,1500,
HG 1/144 GMII SEMI STRIKER,not_found,,,,,,,,,,bandai_manual: GMII SEMI STRIKER | gunpla_hobby: GMII SEMI STRIKER | dalong: GM II Semi Striker
MG 1/100 RX-0 FULL ARMOR UNICORN GUNDAM VER. Ka,downloaded,MG 1_100 RX-0 FULL ARMOR UNICORN GUNDAM VER. Ka__a31dcfe2ba.jpg,gunpla_gallery,RX-0 Full Armor Unicorn Gundam Ver.Ka,https://gunplagallery.com/kits/1309-mg-rx-0-full-armor-unicorn-gundam-ver-ka,https://s3.amazonaws.com/gunplagallery/catalog/1309_original_Mg-full-armor-rx0-verka.jpg,exact,3ba59635aa521bc5ea04b191a05c4e2bf40730bc376d700a81ecad180ed6feb0,765,960,
HG 1/144 GMIII BEAM MASTER,downloaded,HG 1_144 GMIII BEAM MASTER__0a1a6e5325.jpg,dalong,GM III Beam Master,https://www.dalong.net/reviews/bf/bd02a/bd02a_p_e.htm,https://www.dalong.net/reviews/bf/bd02a/p/bd02a.jpg,exact,190922872511acc9c7e0f343fc2268f42f50acb935e423c41c552d2acc1bd973,1200,759,
MG 1/100 RX-0 UNICORN GUNDAM 2 BANSHEE,downloaded,MG 1_100 RX-0 UNICORN GUNDAM 2 BANSHEE__465f4d0db7.jpg,bandai_manual,RX-0 UNICORN GUNDAM 2 BANSHEE,https://manual.bandai-hobby.net/menus/detail/595,https://bandai-hobby.net/images/157_810_s_7um8t9rcxo9rxsa4tvwmkbs16q00.jpg,official_exact,fb67e28b57e3eed131fbb2f476ce3baf86833bb78d89343b0ca5b60980fbbef6,1200,1200,
HG 1/144 GMIII(UNICORN DESERT COLOR VER.),not_found,,,,,,,,,,bandai_manual: GMIII(UNICORN DESERT COLOR VER.) | dalong: Nemo [Unicorn Desert Color Ver.] | bandai_manual: MSA-003 NEMO (UNICORN DESERT COLOR Ver. )
MG 1/100 RX-77-2 GUNCANNON,downloaded,MG 1_100 RX-77-2 GUNCANNON__cd829b017b.jpg,gunpla_gallery,RX-77-2 Guncannon,https://gunplagallery.com/kits/1204-mg-rx-77-2-guncannon,https://s3.amazonaws.com/gunplagallery/catalog/1204_original_Mg-rx77.jpg,exact,729b8b514890066f421d2a5300d9100802ceb46726bbbd4c6cc8f7b4435e883e,1024,1617,
HG 1/144 GN ARCHER,downloaded,HG 1_144 GN ARCHER__13c0427ce7.jpg,dalong,GN Archer,https://www.dalong.net/reviews/00/0h29/0h29_p_e.htm,https://www.dalong.net/reviews/00/0h29/p/0h29.jpg,exact,ce437a49833939c05616a2586525d55ead71e14c37ebc05384164d0e76cee5b2,288,184,
MG 1/100 RX-78 GUNDAM (Ver.1.5),downloaded,MG 1_100 RX-78 GUNDAM (Ver.1.5)__07205df064.jpg,bandai_manual,RX-78 GUNDAM (Ver.1.5),https://manual.bandai-hobby.net/menus/detail/445,https://bandai-hobby.net/images/157_148_s_3x86rootvtoodk6g89h76ayx2j36.jpg,official_exact,b3384a1173500d563b6a5c4ebd45f8fe27aeb00875777237af38b707228ba943,1200,1200,
HG 1/144 GN ARMS TYPE-D + GUNDAM DYNAMES,downloaded,HG 1_144 GN ARMS TYPE-D + GUNDAM DYNAMES__4c101536a7.jpg,gunpla_gallery,GN Arms Type-D + Gundam Dynames,https://gunplagallery.com/kits/217-hg-gn-arms-type-d-gundam-dynames,https://s3.amazonaws.com/gunplagallery/catalog/217_original_Hg00-gn-d.jpg,exact,affa8c17eecbe81d61b5d35008833bcb5a132e88f1f23ed82e41d52825390377,1024,778,
MG 1/100 RX-78-1 PROTOTYPE GUNDAM,not_found,,,,,,,,,,bandai_manual: RX-78-1 PROTOTYPE GUNDAM | gunpla_gallery: Gundam RX-78 NT-1 | bandai_manual: RX-78 GUNDAM (Ver.1.5)
HG 1/144 GN ARMS TYPE-E (Real Color Ver.),not_found,,,,,,,,,,bandai_manual: GN ARMS TYPE-E (Real Color Ver.) | dalong: GN Arms TYPE-E (Real Color Ver.) | gunpla_hobby: GN ARMS TYPE-E (Real Color Ver.)
MG 1/100 RX-78-2 GUNDAM (CHAR'S COLOR),downloaded,MG 1_100 RX-78-2 GUNDAM (CHAR'S COLOR)__0d0e22e820.jpg,bandai_manual,RX-78-2 GUNDAM (CHAR'S COLOR),https://manual.bandai-hobby.net/menus/detail/871,https://bandai-hobby.net/images/158_289_s_7pqk9lnjr39vq2nr812sgu7744nq.jpg,official_exact,3df887b40f20e9dc46e673978e261edaa2fac298d5404670cf45b7ef8a5dfa40,1200,1200,
HG 1/144 GN ARMS TYPE-E + GUNDAM EXIA (TRANS MODE),downloaded,HG 1_144 GN ARMS TYPE-E + GUNDAM EXIA (TRANS MODE)__d5fd45003f.jpg,bandai_manual,GN ARMS TYPE-E + GUNDAM EXIA (TRANS MODE),https://manual.bandai-hobby.net/menus/detail/197,https://bandai-hobby.net/images/156_1837_o_1bblsbli668i14k01ioe1qj41j42i.jpg,official_exact,641bdb28be8fabfc6287fe428ac96f343e3a605ca509bcc4a1c01b79a5b7fb22,1200,1200,
MG 1/100 RX-78-2 GUNDAM Ver. Ka,downloaded,MG 1_100 RX-78-2 GUNDAM Ver. Ka__a0ad5f9aa3.jpg,gunpla_gallery,RX-78-2 Gundam Ver.Ka,https://gunplagallery.com/kits/1216-mg-rx-78-2-gundam-ver-ka,https://s3.amazonaws.com/gunplagallery/catalog/1216_original_Mg-rx78-ka.jpg,exact,0d01876cddcc15a8960250d71bbed13f688cd0f9940396695d9ecdfa6e92c34e,1024,1604,
HG 1/144 GN-X,downloaded,HG 1_144 GN-X__76e7756e07.jpg,dalong,GN-X,https://www.dalong.net/reviews/00/0h18/0h18_p_e.htm,https://www.dalong.net/reviews/00/0h18/p/0h18.jpg,exact,cbe11d951f06604cb3a6de11ade4c5f625cec490dc6359c5b6e7e8438eb9491b,288,181,
MG 1/100 RX-78-2 GUNDAM Ver.3.0,downloaded,MG 1_100 RX-78-2 GUNDAM Ver.3.0__cf8832d5c1.jpg,gunpla_gallery,RX-78-2 Gundam Ver.3.0,https://gunplagallery.com/kits/1331-mg-rx-78-2-gundam-ver-3-0,https://s3.amazonaws.com/gunplagallery/catalog/1331_original_MG_Rx-78-2_ver_3.0_Boxart.jpg,exact,1ae4067f27d0461aa7dda129ec164ff3e0613db4068eb31f14cf79f681fd1592,1510,1200,
HG 1/144 GN-X III,downloaded,HG 1_144 GN-X III__da366a1eae.jpg,bandai_manual,GN-X III,https://manual.bandai-hobby.net/menus/detail/271,https://bandai-hobby.net/images/156_1847_o_1bblt9ec98k9kkj1ta113te1t3d2i.jpg,official_exact,2e83c1810820c48dc9f42b23b204832c3a29c8e8eef339c7ee1d392ab318ba3d,1200,1200,
MG 1/100 RX-78-2 GUNDAM Ver.ONE YEAR WAR 0079,downloaded,MG 1_100 RX-78-2 GUNDAM Ver.ONE YEAR WAR 0079__f06c7ccdfe.jpg,gunpla_gallery,RX-78-2 Gundam Ver.One Year War 0079,https://gunplagallery.com/kits/1237-mg-rx-78-2-gundam-ver-one-year-war-0079,https://s3.amazonaws.com/gunplagallery/catalog/1237_original_Mg-rx-78-0079.jpg,exact,9599b0a65885212c1a1edcbf102ae50dcaf0118ceb5b77603a80bcf10113a767,1024,1588,
HG 1/144 GN-X III ESF TYPE,downloaded,HG 1_144 GN-X III ESF TYPE__5aba25cd2d.jpg,dalong,GN-X III : ESF type,https://www.dalong.net/reviews/00/0h36/0h36_p_e.htm,https://www.dalong.net/reviews/00/0h36/p/0h36.jpg,exact,bd14b5e579e5788594b14bbbc6b3ca23d98c80145bf73b4de4969c4b41c90aa5,290,182,
MG 1/100 RX-78-2 GUNDAM Ver2.0 REAL TYPE COLOR,not_found,,,,,,,,,,bandai_manual: RX-78-2 GUNDAM Ver2.0 REAL TYPE COLOR | gunpla_gallery: RX-78-2 Gundam Ver.2.0 | gunpla_hangar: RX-78-2 Gundam (Ver. 2.0)
HG 1/144 GN-X IV (Commander Type),not_found,,,,,,,,,,bandai_manual: GN-X IV (Commander Type) | dalong: GN-X IV (Commander Type) | gunpla_hobby: GN-X IV (Commander Type)
MG 1/100 RX-78-3 G3 GUNDAM Ver.2.0,downloaded,MG 1_100 RX-78-3 G3 GUNDAM Ver.2.0__2e50f1ce79.webp,gunpla_wiki,MG RX-78-3 G-3 Gundam (Ver. 2.0),https://gunpla.fandom.com/wiki/MG_RX-78-3_G-3_Gundam_%28Ver._2.0%29,https://static.wikia.nocookie.net/gunplabuilders/images/3/38/MG-G-3-Gundam-%28Ver-2.0%29-box.jpg/revision/latest?cb=20240220084928,exact,2c3e5c3bbe4a7388a93a9aae4fdfcc4eb99d86358cca6281fd73bdf1454eb5ce,776,1200,
HG 1/144 GN-X IV (Mass Production Type),not_found,,,,,,,,,,bandai_manual: GN-X IV (Mass Production Type) | dalong: GN-X IV (Mass Production Type) | gunpla_hobby: GN-X IV (Mass Production Type)
MG 1/100 RX-78-4 GUNDAM G04,downloaded,MG 1_100 RX-78-4 GUNDAM G04__41d0d55883.jpg,gunpla_gallery,RX-78-4 Gundam G04,https://gunplagallery.com/kits/1222-mg-rx-78-4-gundam-g04,https://s3.amazonaws.com/gunplagallery/catalog/1222_original_Mg-rx-78-4.jpg,exact,a3cb5678041a9ce0dc28bd0930da39d9924b1a57c27e05874e9b551653ccfbca,1024,1598,
HG 1/144 GN-XIV TYPE.GBF,downloaded,HG 1_144 GN-XIV TYPE.GBF__1a772f0740.jpg,gunpla_hangar,GNX-803T GN-XIV (Type GBF),https://gunplahangar.com/kits/hgbf-gnx-803t-gn-xiv-type-gbf,https://gunplahangar.com/img/kits/hgbf-gnx-803t-gn-xiv-type-gbf/box-art-800.jpg,source_model_code_hangar_exact,c4b17569bdec0ee5576a9e322c877ce47591d4f081cb6b6ca0c1925875356d61,800,500,
MG 1/100 RX-78-5 GUNDAM G05,downloaded,MG 1_100 RX-78-5 GUNDAM G05__abc0ea2c0c.jpg,gunpla_gallery,RX-78-5 Gundam G05,https://gunplagallery.com/kits/1223-mg-rx-78-5-gundam-g05,https://s3.amazonaws.com/gunplagallery/catalog/1223_original_Mg-rx78g05.jpg,exact,8c6a60031f3e02e64afcad8bd23eb3082aaa3053acd26899b3a10a606ece5aa0,1024,1597,
HG 1/144 GOD GUNDAM,downloaded,HG 1_144 GOD GUNDAM__5985cc3edc.jpg,gunpla_hangar,GF13-017NJII God Gundam,https://gunplahangar.com/kits/hgfc-gf13-017njii-god-gundam,https://gunplahangar.com/img/kits/hgfc-gf13-017njii-god-gundam/box-art-800.jpg,source_model_code_hangar_exact,dbcaad219728618cb9e963392989b99f24a9027cbfc4731a449fdfdeb393b9c4,800,490,
MG 1/100 RX-78GP03S GUNDAM STAMEN,downloaded,MG 1_100 RX-78GP03S GUNDAM STAMEN__3d85f1fe51.jpg,bandai_manual,RX-78GP03S GUNDAM STAMEN,https://manual.bandai-hobby.net/menus/detail/811,https://bandai-hobby.net/images/157_195_s_hzruql11l4wubgkxe3e64qp3nexc.jpg,official_exact,50f95a294713a22d4e9812e51e807c5dd25fe6d40845179afb904eb75a7a40f4,1200,1200,
HG 1/144 GOGG,downloaded,HG 1_144 GOGG__c4fcb8cb02.jpg,dalong,Gogg,https://www.dalong.net/reviews/hg/h08/h08_p_e.htm,https://www.dalong.net/reviews/hg/h08/p/h08.jpg,exact,f41c3317d10f338287abd3976fc2e1c11766ec0262f391409035e506bc5f9d55,290,215,
MG 1/100 RX-79G GUNDAM Ez8,downloaded,MG 1_100 RX-79G GUNDAM Ez8__ab0ef5e553.jpg,bandai_manual,RX-79G GUNDAM Ez8,https://manual.bandai-hobby.net/menus/detail/448,https://bandai-hobby.net/images/157_169_s_9evinwylplna5nmb1naom427isyb.jpg,official_exact,7e96442c8f9cca7907e01aedca1b6821674e1ab095542d97be2266db1b1734b8,1200,1200,
HG 1/144 GOUF,not_found,,,,,,,,,,bandai_manual: GOUF | bandai_manual: GOUF | dalong: Gouf
MG 1/100 RX-93 νGUNDAM,downloaded,MG 1_100 RX-93 νGUNDAM__402579dec6.jpg,gunpla_gallery,RX-93 ν Gundam,https://gunplagallery.com/kits/1193-mg-rx-93-%CE%BD-gundam,https://s3.amazonaws.com/gunplagallery/catalog/1193_original_Rx-93-mg.jpg,exact,0b6cb3310c6a28b6a4a912de86c889db3f67770c12df23edb788078a0ec7444a,1024,1292,
HG 1/144 GOUF CRIMSON CUSTOM,downloaded,HG 1_144 GOUF CRIMSON CUSTOM__40a285c3e7.jpg,dalong,Gouf Crimson Custom,https://www.dalong.net/reviews/bf/bbh08/bbh08_p_e.htm,https://www.dalong.net/reviews/bf/bbh08/p/bbh08.jpg,exact,d2b86e9e2ef2c9c59799e77dc80c412aada61fdabd42fe4ccf9942041a86200a,1195,732,
MG 1/100 S GUNDAM,downloaded,MG 1_100 S GUNDAM__bbb8ca6a12.jpg,gunpla_hangar,MSA-0011 S Gundam,https://gunplahangar.com/kits/mg-msa-0011-s-gundam,https://gunplahangar.com/img/kits/mg-msa-0011-s-gundam/box-art-800.jpg,source_model_code_hangar_exact,6068858500feb322dd24a8cc18e5f33d30f439a4e9ede614c8bbedf018cdb3b2,800,1010,
HG 1/144 GOUF CUSTOM,downloaded,HG 1_144 GOUF CUSTOM__52e48f75e8.jpg,dalong,Gouf Custom,https://www.dalong.net/reviews/hg/h117/h117_p_e.htm,https://www.dalong.net/reviews/hg/h117/p/h117.jpg,exact,17fead6b8f0f14a84c5f96c51ce75f340b6259dcb0acd4f61009ee73c5ba2d79,289,178,
MG 1/100 S-GUNDAM BOOSTER UNIT TYPE,not_found,,,,,,,,,,bandai_manual: S-GUNDAM BOOSTER UNIT TYPE | dalong: S-Gundam Booster Unit Type | gunpla_hobby: S-GUNDAM BOOSTER UNIT TYPE
HG 1/144 GOUF R35,downloaded,HG 1_144 GOUF R35__94b8ab7942.jpg,dalong,Gouf R35,https://www.dalong.net/reviews/bf/bf15/bf15_p_e.htm,https://www.dalong.net/reviews/bf/bf15/p/bf15.jpg,exact,ab8b353ba6d3746796c86e47b2d47273e6301def459114888bb417f0ca22e014,300,191,
MG 1/100 SENGOKU ASTRAY GUNDAM,downloaded,MG 1_100 SENGOKU ASTRAY GUNDAM__106bb1aecc.jpg,gunpla_gallery,侍ノ弐 Sengoku Astray Gundam,https://gunplagallery.com/kits/1337-mg-%E4%BE%8D%E3%83%8E%E5%BC%90-sengoku-astray-gundam,https://s3.amazonaws.com/gunplagallery/catalog/1337_original_MG_Sengoku_Astray_Boxart.jpg,exact,74c6465f0d09c51c2a5e52a2ac101e8fea2de0441b78585dde87ac8fe63be702,1023,813,
HG 1/144 GOUF(21stCENTURY REAL TYPE Ver.),not_found,,,,,,,,,,bandai_manual: GOUF(21stCENTURY REAL TYPE Ver.) | gunpla_hobby: GOUF(21stCENTURY REAL TYPE Ver.) | bandai_manual: GUNCANNON (21stCENTURY REAL TYPE Ver.)
MG 1/100 SHENLONG GUNDAM EW(LIAO YA UNIT),not_found,,,,,,,,,,bandai_manual: SHENLONG GUNDAM EW(LIAO YA UNIT) | dalong: Shenlong Gundam EW (Liao Ya Unit) | gunpla_hobby: SHENLONG GUNDAM EW(LIAO YA UNIT)
HG 1/144 GP02A MLRS CUSTOM,downloaded,HG 1_144 GP02A MLRS CUSTOM__6bc8f783b8.jpg,bandai_manual,GP02A MLRS CUSTOM,https://manual.bandai-hobby.net/menus/detail/260,https://bandai-hobby.net/images/157_2552_s_fkkn89kraqtb0djcw8f07ml8i3r9.jpg,official_exact,6d1780472c2a1beae4a9730e92af59c844b99dfffc16c7273670134c5e41e2f5,1200,1200,
MG 1/100 SHIN MATSUNAGA ZAKU Ver. 2.0,downloaded,MG 1_100 SHIN MATSUNAGA ZAKU Ver. 2.0__a705b50253.jpg,gunpla_hobby,SHIN MATSUNAGA ZAKU Ver. 2.0,https://gunpla-hobby.com/gunpla/mg-1-100-mg-1-100-ms-06r-1a-v-5a38b4,https://thumbnail.image.rakuten.co.jp/@0_mall/mediaworldkaitoriworld/cabinet/6317/5/cg63175258.jpg,official_title_release_month,09ca8254a0b3c17789a2904677c75981d615264dac659a2bc1f6689ac21349e5,1600,1600,
HG 1/144 GQuuuuuuX,downloaded,HG 1_144 GQuuuuuuX__921f42a6e9.jpg,dalong,GQuuuuuuX,https://www.dalong.net/reviews/hg/hgq01/hgq01_p_e.htm,https://www.dalong.net/reviews/hg/hgq01/p/hgq01.jpg,exact,8ab30bbba22eee050cf37723b7c812585f75afe60085c346a0ff15eb1878ddf5,1200,756,
MG 1/100 SHIN MUSHA GUNDAM,downloaded,MG 1_100 SHIN MUSHA GUNDAM__1e7cf38fa9.jpg,gunpla_gallery,Shin Musha Gundam,https://gunplagallery.com/kits/1269-mg-shin-musha-gundam,https://s3.amazonaws.com/gunplagallery/catalog/1269_original_Shin_Musha_GundamX.jpg,exact,f194a7cabe383915f43d4721a690807483b6b4f265d88b7a533d31d9605b9296,1024,1293,
HG 1/144 GRAZE ARES COLOR STANDARD TYPE / COMMANDER TYPE,downloaded,HG 1_144 GRAZE ARES COLOR STANDARD TYPE _ COMMANDER TYPE__cc0cb59593.jpg,gunpla_hobby,GRAZE ARES COLOR STANDARD TYPE / COMMANDER TYPE,https://gunpla-hobby.com/gunpla/hg-1-144-1-144-4efe80,https://tshop.r10s.jp/omatsuri-life2/cabinet/g01/b01bzpc89y.jpg,official_title_release_month,1f02aaff5ceca564f2f08a3b37f35fa674d29aa4e617461ff316702c851ef14e,350,223,
MG 1/100 SHINING GUNDAM,downloaded,MG 1_100 SHINING GUNDAM__ce4cefbc7b.jpg,dalong,Shining Gundam,https://www.dalong.net/reviews/mg/m49/mg49_p_e.htm,https://www.dalong.net/reviews/mg/m49/p/m49.jpg,exact,96102c11bd56a769f96d32ef0ce14830a98929d790d91c4ebadd6f43cfa66012,185,289,
HG 1/144 GRAZE CUSTOM,downloaded,HG 1_144 GRAZE CUSTOM__bbe3a268b3.jpg,gunpla_gallery,EB-06/tc Graze Custom,https://gunplagallery.com/kits/520-hg-eb-06-tc-graze-custom,https://s3.amazonaws.com/gunplagallery/catalog/520_original_HG_Graze_Custom.jpg,source_model_code_cross_source,dcd65be123592425adcb36a589a252ee0335788bf91c9d1c280583d576cb0057,1500,946,
MG 1/100 SHINMUSHA GUNDAM SENGOKU NO JIN,downloaded,MG 1_100 SHINMUSHA GUNDAM SENGOKU NO JIN__e6a4e714aa.jpg,dalong,Shin Musha Gundam ~ Sengoku no Jin,https://www.dalong.net/reviews/mg/m110g/m110g_p_e.htm,https://www.dalong.net/reviews/mg/m110g/p/m110g.jpg,exact,ebb3e2eaa96bc037fa292dd8795344b1a5948c2ccc8f93d01e0ea4703f49b214,228,291,
HG 1/144 GRAZE EIN,downloaded,HG 1_144 GRAZE EIN__f3151312e7.jpg,dalong,Graze Ein,https://www.dalong.net/reviews/ib/ibh18/ibh18_p_e.htm,https://www.dalong.net/reviews/ib/ibh18/p/ibh18.jpg,exact,4940dbc13044655cec6493722390d096ac4fe5ad22d638e67f2608d64e75e8e9,300,189,
MG 1/100 SINANJU,downloaded,MG 1_100 SINANJU__7f0431702a.jpg,bandai_manual,SINANJU,https://manual.bandai-hobby.net/menus/detail/564,https://bandai-hobby.net/images/156_2599_s_yqjhgwwkhsjufidlh1g1mjmzz5lp.jpg,official_exact,26a63083fdfc2090e83cf5612487553f04e3feb7b849fac80c0ac02d57c10cf0,560,560,
HG 1/144 GRAZE GROUND TYPE TWIN SET,not_found,,,,,,,,,,bandai_manual: GRAZE GROUND TYPE TWIN SET | dalong: Graze (Ground Type) Twin Set | gunpla_hobby: GRAZE GROUND TYPE TWIN SET
MG 1/100 SINANJU (ANIME COLOR Ver.),downloaded,MG 1_100 SINANJU (ANIME COLOR Ver.)__bd0aa61ab7.jpg,bandai_manual,SINANJU (ANIME COLOR Ver.),https://manual.bandai-hobby.net/menus/detail/610,https://bandai-hobby.net/images/156_854_s_irmwrhj10la1kwyd6rxsvv76sfm7.jpg,official_exact,698364ae8a77d6cdce5c8b7d140b067e198a0b81192f2412af857c6457f08a73,560,560,
HG 1/144 GRAZE RITTER (CARTA CORPS),not_found,,,,,,,,,,bandai_manual: GRAZE RITTER (CARTA CORPS) | dalong: Graze Ritter (Carta Corps) | gunpla_hobby: GRAZE RITTER (CARTA CORPS)
MG 1/100 SINANJU STEIN (NARRATIVE Ver.),downloaded,MG 1_100 SINANJU STEIN (NARRATIVE Ver.)__e18be58531.jpg,dalong,Sinanju Stein [Narrative Ver.],https://www.dalong.net/reviews/mg/m206/m206_p_e.htm,https://www.dalong.net/reviews/mg/m206/p/m206.jpg,exact,f18eb3c21ad8a126c51983621620c4bdcba115c5f71bf018d38555f402d9d696,951,1200,
HG 1/144 GRAZE SCHILD & GRAZE (ARIANRHOD FLEET) SET,not_found,,,,,,,,,,bandai_manual: GRAZE SCHILD & GRAZE (ARIANRHOD FLEET) SET | dalong: Graze Schild & Graze (Arianrhod Fleet) Set | gunpla_hobby: GRAZE SCHILD & GRAZE (ARIANRHOD FLEET) SET
MG 1/100 SINANJU STEIN (NARRATIVE Ver.) Ver.Ka,downloaded,MG 1_100 SINANJU STEIN (NARRATIVE Ver.) Ver.Ka__5d044f0c06.jpg,dalong,Sinanju Stein [Narrative Ver.] Ver.Ka,https://www.dalong.net/reviews/mg/m223/m223_p_e.htm,https://www.dalong.net/reviews/mg/m223/p/m223.jpg,exact,959e787e33a61363dd32c7cc4863611a3528699f3bab39614b9cfdf2647bc5ad,945,1200,
HG 1/144 GRAZE STANDARD TYPE / COMMANDER TYPE,downloaded,HG 1_144 GRAZE STANDARD TYPE _ COMMANDER TYPE__7818548dcc.jpg,dalong,Graze (Standard Type / Commander Type),https://www.dalong.net/reviews/ib/ibh02/ibh02_p_e.htm,https://www.dalong.net/reviews/ib/ibh02/p/ibh02.jpg,exact,562ee9ec86cd944e534d7a0d0c5acccf46a2935d662fa3eae0368b5d6acb78d6,300,189,
MG 1/100 SLASH ZAKU PHANTOM (YZAK JULE CUSTOM),downloaded,MG 1_100 SLASH ZAKU PHANTOM (YZAK JULE CUSTOM)__ffb3a5f880.jpg,gunpla_hobby,SLASH ZAKU PHANTOM (YZAK JULE CUSTOM),https://gunpla-hobby.com/gunpla/mg-1-100-1-100-a78106,https://thumbnail.image.rakuten.co.jp/@0_mall/otakara-100/cabinet/racoon_102/2606241122shsth.jpg,official_title_release_month,7b2f90fe698d87ba6364d8a3e1e41ff8daf111dbd6f55c9cbdfdfd26052569a5,1200,1200,
HG 1/144 GRIMGERDE,downloaded,HG 1_144 GRIMGERDE__2f55809f6c.jpg,gunpla_gallery,V08-1228 Grimgerde,https://gunplagallery.com/kits/530-hg-v08-1228-grimgerde,https://s3.amazonaws.com/gunplagallery/catalog/530_original_HG_Grimgerde.jpg,source_model_code_cross_source,88ef03b80559d86015f5ad906f55fc5df011f7f60032e3f497b9a68d56bfd04e,640,405,
MG 1/100 STAR BUILD STRIKE GUNDAM (RG SYSTEM Ver.),not_found,,,,,,,,,,bandai_manual: STAR BUILD STRIKE GUNDAM (RG SYSTEM Ver.) | gunpla_hobby: STAR BUILD STRIKE GUNDAM (RG SYSTEM Ver.) | dalong: Star Build Strike Gundam Ver. RG System
HG 1/144 GRIMOIRE,downloaded,HG 1_144 GRIMOIRE__4fb7744d72.jpg,dalong,Grimoire,https://www.dalong.net/reviews/hg/gs02/gs02_p_e.htm,https://www.dalong.net/reviews/hg/gs02/p/gs02.jpg,exact,824cd3027afa40573716993c70e11ab5940e51d858c0bf7f45bb300919bae1af,300,190,
MG 1/100 STARK JEGAN,downloaded,MG 1_100 STARK JEGAN__666f7a2b2b.jpg,gunpla_hobby,STARK JEGAN,https://gunpla-hobby.com/gunpla/mg-1-100-1-100-c85b19,https://thumbnail.image.rakuten.co.jp/@0_mall/hsalpha/cabinet/t3/4573102652829.jpg,official_title_release_month,7a409101fb5d91a7e16cb71ffe3af87929b83101f68de54be9d0cf16f0bc2586,1437,1800,
HG 1/144 GRIMOIRE RED BERET,downloaded,HG 1_144 GRIMOIRE RED BERET__eb14062d6c.jpg,dalong,Grimoire Red Beret,https://www.dalong.net/reviews/bf/bd03/bd03_p_e.htm,https://www.dalong.net/reviews/bf/bd03/p/bd03.jpg,exact,172fe5af108f580ae607d5d8a91aa5ba976c436cc73c844ec9d5fe4784df2b57,1200,756,
MG 1/100 STRIKE E+IWSP (ASTRAYS LUKAS O'DONNELL CUSTOM),downloaded,MG 1_100 STRIKE E+IWSP (ASTRAYS LUKAS O'DONNELL CUSTOM)__135091b17f.jpg,bandai_manual,STRIKE E+IWSP (ASTRAYS LUKAS O'DONNELL CUSTOM),https://manual.bandai-hobby.net/menus/detail/562,https://bandai-hobby.net/images/156_2375_s_bsrhh70cn90kn3v6xo4ke62v0z98.jpg,official_exact,873d032c8fcfafd47f06b4126ce486644e574690bd983d72d97526e1738e7cb1,1200,1200,
HG 1/144 GRYPHIOS WAR SET,downloaded,HG 1_144 GRYPHIOS WAR SET__7fe5226359.jpg,bandai_manual,GRYPHIOS WAR SET,https://manual.bandai-hobby.net/menus/detail/249,https://bandai-hobby.net/images/155_625_o_1h0q0b82gunjl4ocv1eh038923.jpg,official_exact,e8713b22de8f2881ec6726c0f76671d7c381305a0191cb14bc846fd3dee95f65,1200,1200,
MG 1/100 STRIKE FREEDOM GUNDAM,downloaded,MG 1_100 STRIKE FREEDOM GUNDAM__642af4de01.jpg,gunpla_gallery,ZGMF-X20A Strike Freedom Gundam,https://gunplagallery.com/kits/1252-mg-zgmf-x20a-strike-freedom-gundam,https://s3.amazonaws.com/gunplagallery/catalog/1252_original_Mg-sf.jpg,source_model_code_cross_source,125ee0c2af6235df5fbde63344f642fbf31fec9a04179863206e8077b2e4984d,1024,1288,
HG 1/144 GUEL’S DILANZA,downloaded,HG 1_144 GUEL’S DILANZA__6f07c44e1a.jpg,dalong,Guel's Dilanza,https://www.dalong.net/reviews/hg/wmh04/wmh04_p_e.htm,https://www.dalong.net/reviews/hg/wmh04/p/wmh04.jpg,exact,b54ca147bea843efa4129901954f62038fa5a6480fb00fd259eded767a8619ef,1200,754,
MG 1/100 STRIKE FREEDOM GUNDAM FULL BURST MODE,downloaded,MG 1_100 STRIKE FREEDOM GUNDAM FULL BURST MODE__3d6d51224b.webp,gunpla_wiki,MG ZGMF-X20A Strike Freedom Gundam/Full Burst Mode,https://gunpla.fandom.com/wiki/MG_ZGMF-X20A_Strike_Freedom_Gundam/Full_Burst_Mode,https://static.wikia.nocookie.net/gunplabuilders/images/e/e8/MG_Strike_Freedom_FBM_boxart.jpg/revision/latest?cb=20191010005210,source_model_code_cross_source,5bbfeb81008e28806fc1b2f95459dc586addc124ce0408aa3215290a73ebba15,1500,825,
HG 1/144 GUNCANNON,downloaded,HG 1_144 GUNCANNON__7c08b81823.jpg,bandai_manual,GUNCANNON,https://manual.bandai-hobby.net/menus/detail/204,https://bandai-hobby.net/images/157_4742_s_hqtwgahtpw23b3b1i0q74fpvkaw0.jpg,official_exact,aebbdd64a7519f38fa8af2c1e087f8d65284bb312352064e90ef148c63405aa6,1200,1200,
MG 1/100 STRIKE GUNDAM + IWSP,downloaded,MG 1_100 STRIKE GUNDAM + IWSP__751a652236.jpg,dalong,Strike Gundam + I.W.S.P.,https://www.dalong.net/reviews/mg/m94/m94_p_e.htm,https://www.dalong.net/reviews/mg/m94/p/m94.jpg,exact,f96c412330352bc5994cce80e7f59a6185f65f64e6841160ca5510dfa4f209c0,237,300,
HG 1/144 GUNCANNON (21stCENTURY REAL TYPE Ver.),not_found,,,,,,,,,,bandai_manual: GUNCANNON (21stCENTURY REAL TYPE Ver.) | gunpla_hobby: GUNCANNON (21stCENTURY REAL TYPE Ver.) | bandai_manual: GOUF(21stCENTURY REAL TYPE Ver.)
MG 1/100 STRIKE GUNDAM LAUNCHER / SWORD,downloaded,MG 1_100 STRIKE GUNDAM LAUNCHER _ SWORD__146171f51b.jpg,bandai_manual,STRIKE GUNDAM LAUNCHER / SWORD,https://manual.bandai-hobby.net/menus/detail/555,https://bandai-hobby.net/images/155_2585_s_4riof7t2optm8yhzr6v8v8eomzda.jpg,official_exact,5a8c4537eba5d73bbeeb91981622b7dae4f8306d371a2b101e52ead8e681835d,1200,1200,
HG 1/144 GUNCANNON FIRST TYPE (IRON CAVALRY SQUADRON),downloaded,HG 1_144 GUNCANNON FIRST TYPE (IRON CAVALRY SQUADRON)__79bd8a8a08.jpg,gunpla_gallery,RCX-76-02 Guncannon First Type (Iron Cavalry Squadron),https://gunplagallery.com/kits/446-hg-rcx-76-02-guncannon-first-type-iron-cavalry-squadron-,https://s3.amazonaws.com/gunplagallery/catalog/446_original_HG_Guncannon_First_Type_Iron_Cavalry_Squadron.jpg,source_model_code_cross_source,0e41477490a4abaf09e2f40d10a5e47c035c136a6a3f46f7a0bc565c7fb98934,640,404,
MG 1/100 STRIKE NOIR GUNDAM,downloaded,MG 1_100 STRIKE NOIR GUNDAM__a97c380292.jpg,gunpla_gallery,GAT-X105E Strike Noir Gundam,https://gunplagallery.com/kits/1255-mg-gat-x105e-strike-noir-gundam,https://s3.amazonaws.com/gunplagallery/catalog/1255_original_Mg-strike-noir.jpg,source_model_code_cross_source,78a77de05f2ff0f92e59465a0b34a238bec705cd248d0c48eca823f7ce8bee71,1024,1281,
HG 1/144 GUNCANNON FIRST TYPE (ROLLOUT UNIT 1),downloaded,HG 1_144 GUNCANNON FIRST TYPE (ROLLOUT UNIT 1)__f510a4d507.jpg,gunpla_hobby,GUNCANNON FIRST TYPE (ROLLOUT UNIT 1),https://gunpla-hobby.com/gunpla/hg-1-144-1-144-b2982b,https://tshop.r10s.jp/mediaworldkaitoriworld/cabinet/6313/7/cg63137325.jpg,official_title_release_month,1d063a63d2edac87a30f8c89809396db295a03f3298580d1fc0a8932f3b97dc3,1000,1000,
MG 1/100 STRIKE ROUGE,downloaded,MG 1_100 STRIKE ROUGE__6c6d16eefd.jpg,dalong,Strike Rouge,https://www.dalong.net/reviews/mg/m74/m74_p_e.htm,https://www.dalong.net/reviews/mg/m74/p/m74.jpg,exact,f2a4a9885e152b7683c4b2f0993f8e0835838ec8a962f3c57e126970884fb64c,231,289,
HG 1/144 GUNCANNON MASS PRODUCTION TYPE,downloaded,HG 1_144 GUNCANNON MASS PRODUCTION TYPE__7985c87b23.jpg,gunpla_hangar,RX-77D Guncannon Mass Production Type,https://gunplahangar.com/kits/hguc-rx-77d-guncannon-mass-production-type,https://gunplahangar.com/img/kits/hguc-rx-77d-guncannon-mass-production-type/box-art-800.jpg,source_model_code_cross_source,19a7e50c976e25c41ea955b00eb87e493ba1a234cb8520229982433049e3a9da,800,525,
MG 1/100 STRIKE ROUGE (OOTORI UNIT) Ver.RM,downloaded,MG 1_100 STRIKE ROUGE (OOTORI UNIT) Ver.RM__d286fa24b8.jpg,bandai_manual,STRIKE ROUGE (OOTORI UNIT) Ver.RM,https://manual.bandai-hobby.net/menus/detail/617,https://bandai-hobby.net/images/158_948_s_3q4iiouixzadwjkljytsdgvek170.jpg,official_exact,0868f8e8abbfb76c94bd20870b913c5c198ac42f8c564f248beaa635a0d2e368,1200,1200,
HG 1/144 GUNCANNON MOBILITY TEST TYPE / FIREPOWER TEST TYPE,downloaded,HG 1_144 GUNCANNON MOBILITY TEST TYPE _ FIREPOWER TEST TYPE__43bd8cdb68.jpg,gunpla_gallery,RCX-76-01 Guncannon Mobility Test Type/Firepower Test Type,https://gunplagallery.com/kits/457-hg-rcx-76-01-guncannon-mobility-test-type-firepower-test-type,https://s3.amazonaws.com/gunplagallery/catalog/457_original_HGGOGuncannonTestType-Firepower.jpg,source_model_code_cross_source,93c247aa79d61ff4979624e46398cfe0b4b2f0a15215c6b287c2b32e086cc0b1,1200,757,
MG 1/100 SUPER GUNDAM,downloaded,MG 1_100 SUPER GUNDAM__6aa9daa14a.webp,gunpla_wiki,MG RX-178+FXA-05D Super Gundam,https://gunpla.fandom.com/wiki/MG_RX-178%2BFXA-05D_Super_Gundam,https://static.wikia.nocookie.net/gunplabuilders/images/9/92/MG_RX-178%2BFXA-05D_Super_Gundam_BOX.jpg/revision/latest?cb=20230808164942,source_model_code_cross_source,4122aa2c4852fd40ef82293ee0071057ab8abad435caf2e7d6cdab63d9c9eeb5,947,1200,
HG 1/144 GUNDAM 00 COMMAND QAN[T],downloaded,HG 1_144 GUNDAM 00 COMMAND QAN[T]__0e73579339.jpg,dalong,Gundam OO Command QAN[T],https://www.dalong.net/reviews/bf/bbh05/bbh05_p_e.htm,https://www.dalong.net/reviews/bf/bbh05/p/bbh05.jpg,exact,2b4863183ac22d3787fcdab9e60f173aea74e89f6ef8aee3d2d622d61ae43b95,1200,732,
MG 1/100 SWORD CALAMITY GUNDAM (FULL MECHANICS),not_found,,,,,,,,,,bandai_manual: SWORD CALAMITY GUNDAM (FULL MECHANICS) | bandai_manual: CALAMITY GUNDAM (FULL MECHANICS) | dalong: Sword Calamity Gundam
HG 1/144 GUNDAM 00 DIVER,downloaded,HG 1_144 GUNDAM 00 DIVER__9ce9006cd0.jpg,dalong,Gundam OO Diver,https://www.dalong.net/reviews/bf/bd02/bd02_p_e.htm,https://www.dalong.net/reviews/bf/bd02/p/bd02.jpg,exact,0d1468a0ad744f4cb6b2c4dd1e54ed680f435d4e50f48cc19612f8211b2dd1df,1200,759,
MG 1/100 SWORD IMPULSE GUNDAM,downloaded,MG 1_100 SWORD IMPULSE GUNDAM__fcc877bee5.jpg,dalong,Sword Impulse Gundam,https://www.dalong.net/reviews/mg/m119/m119_p_e.htm,https://www.dalong.net/reviews/mg/m119/p/m119.jpg,exact,7f4b8967307cf3654d49d9623aaf36546455f76fea898a5f60557f8fade752d4,230,289,
HG 1/144 GUNDAM 00 DIVER ACE,downloaded,HG 1_144 GUNDAM 00 DIVER ACE__dd6e238891.jpg,dalong,Gundam OO Diver Ace,https://www.dalong.net/reviews/bf/bd09/bd09_p_e.htm,https://www.dalong.net/reviews/bf/bd09/p/bd09.jpg,exact,9a9807a7b29691b93fb4d6e8ad052d724a52f5fd854610dd6e7c23eb8897e92c,1200,753,
MG 1/100 TALLGEESE I EW VER.,downloaded,MG 1_100 TALLGEESE I EW VER__d397bd06db.jpg,bandai_manual,TALLGEESE I EW VER.,https://manual.bandai-hobby.net/menus/detail/848,https://bandai-hobby.net/images/158_836_s_dv1c1jjp1t8618jb6apfqfnn9jzo.jpg,official_exact,8142ee6b62bbe0303a8e1e980e775b8e6f2497f5e97eb71c63b4e52f8372d14b,1200,1200,
HG 1/144 GUNDAM 00 SKY,downloaded,HG 1_144 GUNDAM 00 SKY__b2540065ed.jpg,dalong,Gundam OO Sky,https://www.dalong.net/reviews/bf/bd14/bd14_p_e.htm,https://www.dalong.net/reviews/bf/bd14/p/bd14.jpg,exact,7a6518e9394b70b8c9ef1dd70c3e97de00da2fda8602f0ec560a8e873cb411c3,1200,753,
MG 1/100 TALLGEESE II,not_found,,,,,,,,,,bandai_manual: TALLGEESE II | dalong: Tallgeese II | dalong: Tallgeese
HG 1/144 GUNDAM 00 SKY HWS (TRANS-AM INFINITY MODE),downloaded,HG 1_144 GUNDAM 00 SKY HWS (TRANS-AM INFINITY MODE)__b31d41beeb.jpg,dalong,Gundam OO Sky HWS (Trans-Am Infinity Mode),https://www.dalong.net/reviews/bf/bd21/bd21_p_e.htm,https://www.dalong.net/reviews/bf/bd21/p/bd21.jpg,exact,7574a59b502b34e138ef64d25439a9d5d01fbba4c98c69231920c478e2bd7d70,1200,759,
MG 1/100 TALLGEESE III,not_found,,,,,,,,,,bandai_manual: TALLGEESE III | dalong: Tallgeese III | gunpla_hobby: TALLGEESE III
HG 1/144 GUNDAM 00 SKY MOEBIUS,downloaded,HG 1_144 GUNDAM 00 SKY MOEBIUS__5514df6722.jpg,dalong,Gundam OO Sky Moebius,https://www.dalong.net/reviews/bf/bdr39/bdr39_p_e.htm,https://www.dalong.net/reviews/bf/bdr39/p/bdr39.jpg,exact,067721d908919b5bf2dcd1ce75c948c1e51f8627dec1a9e358673d7e61c0d360,1200,750,
MG 1/100 TENNETH A. JUNG’S GM SNIPER CUSTOM,not_found,,,,,,,,,,bandai_manual: TENNETH A. JUNG’S GM SNIPER CUSTOM | dalong: GM Sniper Custom (Tenneth A. Jung Use) | gunpla_hangar: RGM-79SC GM Sniper Custom (Tenneth A. Jung Custom)
HG 1/144 GUNDAM 00 SKY 〔HIGHER THAN SKY PHASE〕,downloaded,HG 1_144 GUNDAM 00 SKY 〔HIGHER THAN SKY PHASE〕__1669b59e56.jpg,dalong,Gundam OO Sky (Higher Than Sky Phase),https://www.dalong.net/reviews/bf/bd14sp/bd14sp_p_e.htm,https://www.dalong.net/reviews/bf/bd14sp/p/bd14sp.jpg,exact,7ebe7624bcd373c1f0f935ae99f52650b33984bdb1ee07523b6cd151ced5f2c4,1200,759,
MG 1/100 TESTAMENT GUNDAM,downloaded,MG 1_100 TESTAMENT GUNDAM__82d4f45393.webp,gunpla_wiki,MG ZGMF-X12A Testament Gundam,https://gunpla.fandom.com/wiki/MG_ZGMF-X12A_Testament_Gundam,https://static.wikia.nocookie.net/gunplabuilders/images/8/82/MG-Testament-Gundam-box.jpg/revision/latest?cb=20221203154422,source_model_code_wiki_release,5e4d49826868ce9ffa884a0fd637e1e8ac32c2f7ac8655a5916262e84a98fc56,512,375,
HG 1/144 GUNDAM AERIAL (PERMET SCORE SIX),downloaded,HG 1_144 GUNDAM AERIAL (PERMET SCORE SIX)__53288c7abb.jpg,gunpla_hangar,XVX-016 Gundam Aerial (Permet Score Six),https://gunplahangar.com/kits/hgtwfm-xvx-016-gundam-aerial-permet-score-six,https://gunplahangar.com/img/kits/hgtwfm-xvx-016-gundam-aerial-permet-score-six/box-art-800.jpg,source_model_code_hangar_exact,b6b3a22be86ae7bb06b5757b2775b476f88fbf11aa7165217d0687d8f5102330,800,506,
MG 1/100 THE GUNDAM BASE LIMITED AILE STRIKE GUNDAM Ver.RM [CLEAR COLOR],not_found,,,,,,,,,,bandai_manual: THE GUNDAM BASE LIMITED AILE STRIKE GUNDAM Ver.RM [CLEAR COLOR] | gunpla_hobby: THE GUNDAM BASE LIMITED AILE STRIKE GUNDAM Ver.RM [CLEAR COLOR] | bandai_manual: THE GUNDAM BASE LIMITED GUNDAM EXIA [CLEAR COLOR]
HG 1/144 GUNDAM AERIAL REBUILD,downloaded,HG 1_144 GUNDAM AERIAL REBUILD__1e86021555.jpg,dalong,Gundam Aerial Rebuild,https://www.dalong.net/reviews/hg/wmh19/wmh19_p_e.htm,https://www.dalong.net/reviews/hg/wmh19/p/wmh19.jpg,exact,966f9ab9c2533752bb0c7aafcfcdc9e59f733f853f07d694098d104aa6cf3f3a,1200,765,
MG 1/100 THE GUNDAM BASE LIMITED BALL Ver.Ka [MECHANICAL CLEAR],not_found,,,,,,,,,,bandai_manual: THE GUNDAM BASE LIMITED BALL Ver.Ka [MECHANICAL CLEAR] | bandai_manual: THE GUNDAM BASE LIMITED FREEDOM GUNDAM Ver.2.0 [CLEAR COLOR] | bandai_manual: THE GUNDAM BASE LIMITED AILE STRIKE GUNDAM Ver.RM [CLEAR COLOR]
HG 1/144 GUNDAM AESCULAPIUS,downloaded,HG 1_144 GUNDAM AESCULAPIUS__bc85230948.jpg,gunpla_hobby,GUNDAM AESCULAPIUS,https://gunpla-hobby.com/gunpla/hg-1-144-1-144-8b15ce,https://tshop.r10s.jp/omatsuri-life2/cabinet/hobby_20250116_03/b09l7ft2fl.jpg,official_title_release_month,b94b879ec4cca28026c681a80ef4018ab479486ebf3a79cc850fce5e98ad25ce,600,393,
MG 1/100 THE GUNDAM BASE LIMITED GUNDAM AERIAL [CLEAR COLOR] (FULL MECHANICS),not_found,,,,,,,,,,bandai_manual: THE GUNDAM BASE LIMITED GUNDAM AERIAL [CLEAR COLOR] (FULL MECHANICS) | bandai_manual: THE GUNDAM BASE LIMITED GUNDAM EXIA [CLEAR COLOR] | bandai_manual: THE GUNDAM BASE LIMITED GUNDAM KYRIOS [CLEAR COLOR]
HG 1/144 GUNDAM AGE-1 FULL GRANSA,downloaded,HG 1_144 GUNDAM AGE-1 FULL GRANSA__8f0d9c3a61.jpg,bandai_manual,GUNDAM AGE-1 FULL GRANSA,https://manual.bandai-hobby.net/menus/detail/3,https://bandai-hobby.net/images/156_855_s_38vf8wtp6ipvre0hxu1s45jcr0jf.jpg,official_exact,e2b9d6e82cd5d5d4852da558f8fb8ff7356428d23b386f2f49b87817d400f637,560,560,
MG 1/100 THE GUNDAM BASE LIMITED TRANS-AM RAISER [CLEAR COLOR],not_found,,,,,,,,,,bandai_manual: THE GUNDAM BASE LIMITED TRANS-AM RAISER [CLEAR COLOR] | bandai_manual: THE GUNDAM BASE LIMITED GUNDAM EXIA [CLEAR COLOR] | bandai_manual: THE GUNDAM BASE LIMITED GUNDAM KYRIOS [CLEAR COLOR]
HG 1/144 GUNDAM AGE-1 NORMAL,downloaded,HG 1_144 GUNDAM AGE-1 NORMAL__b3b88b0183.jpg,gunpla_gallery,AGE-1 Gundam AGE-1 Normal,https://gunplagallery.com/kits/305-hg-age-1-gundam-age-1-normal,https://s3.amazonaws.com/gunplagallery/catalog/305_original_Hg-age1n.jpg,source_model_code_cross_source,676e77e1e88d9682d1cb57e54ae69a74aabeb724545912df55d9af7fc170e5fa,1500,944,
MG 1/100 THE・O,downloaded,MG 1_100 THE・O__6f2ba59a19.jpg,dalong,The-O,https://www.dalong.net/reviews/mg/m136/m136_p_e.htm,https://www.dalong.net/reviews/mg/m136/p/m136.jpg,exact,ff640409328fbb3eb183cc936ad94d78a4711490ac6f7a336fd659fc3209dbf0,287,171,
HG 1/144 GUNDAM AGE-1 RAZOR & GUNDAM AGE-2 ARTIMES Set,not_found,,,,,,,,,,bandai_manual: GUNDAM AGE-1 RAZOR & GUNDAM AGE-2 ARTIMES Set | dalong: Gundam AGE-1 Razor & Gundam AGE-2 Artimes Set | gunpla_hobby: GUNDAM AGE-1 RAZOR & GUNDAM AGE-2 ARTIMES Set
MG 1/100 TRANS-AM RISER,not_found,,,,,,,,,,bandai_manual: TRANS-AM RISER | gunpla_hobby: TRANS-AM RISER | dalong: Trans-Am Raiser
HG 1/144 GUNDAM AGE-1 SPALLOW,downloaded,HG 1_144 GUNDAM AGE-1 SPALLOW__de91ea0637.jpg,gunpla_gallery,AGE-1S Gundam AGE-1 Spallow,https://gunplagallery.com/kits/311-hg-age-1s-gundam-age-1-spallow,https://s3.amazonaws.com/gunplagallery/catalog/311_original_HG_Spallow.jpg,source_model_code_cross_source,0e8ecac1ef753955b80f6467f165f54e0050fddecc0d0528834cc80c219d1034,1500,946,
MG 1/100 TURN X,downloaded,MG 1_100 TURN X__93d5682b6b.jpg,gunpla_hobby,TURN X,https://gunpla-hobby.com/gunpla/mg-1-100-mg-1-100-concept-x-6-b3ce91,https://tshop.r10s.jp/arc-market-kaden/cabinet/12626827/4573102632005.jpg,official_title_release_month,1dc69750486221e47e968144e1f0aaa1bce2a40f4e655499248ed0b06c46e23a,1200,1200,
HG 1/144 GUNDAM AGE-1 TITUS,downloaded,HG 1_144 GUNDAM AGE-1 TITUS__4938616823.jpg,gunpla_gallery,AGE-1T Gundam AGE-1 Titus,https://gunplagallery.com/kits/309-hg-age-1t-gundam-age-1-titus,https://s3.amazonaws.com/gunplagallery/catalog/309_original_Hg-titus.jpg,source_model_code_cross_source,2d331f738450f83bcb1ba9a9d14daa12c2bd7b585ed95d6392075d02842c3747,960,608,
MG 1/100 UNICORN GUNDAM 02 BANSHEE NORN,not_found,,,,,,,,,,bandai_manual: UNICORN GUNDAM 02 BANSHEE NORN | gunpla_hobby: UNICORN GUNDAM 02 BANSHEE NORN | dalong: Unicorn Gundam 02 Banshee
HG 1/144 GUNDAM AGE-2 DARK HOUND,downloaded,HG 1_144 GUNDAM AGE-2 DARK HOUND__05a42fa783.jpg,gunpla_gallery,AGE-2DH Gundam AGE-2 Dark Hound,https://gunplagallery.com/kits/328-hg-age-2dh-gundam-age-2-dark-hound,https://s3.amazonaws.com/gunplagallery/catalog/328_original_Age-2dh-dark-hound-hg-box-art.jpg,source_model_code_cross_source,22592ef6aad148261af8baa6f90dd79f0a6ccfe29659954038bac8ebcd575ab5,900,568,
MG 1/100 UNICORN GUNDAM 02 BANSHEE Ver.Ka,downloaded,MG 1_100 UNICORN GUNDAM 02 BANSHEE Ver.Ka__73b98bec0c.jpg,dalong,Unicorn Gundam 02 Banshee Ver.Ka,https://www.dalong.net/reviews/mg/m201/m201_p_e.htm,https://www.dalong.net/reviews/mg/m201/p/m201.jpg,exact,162eea77740131889f96910d97c38acbcec1c629a3bb703c597b064b346bc99a,238,300,
HG 1/144 GUNDAM AGE-2 DOUBLE BULLET,downloaded,HG 1_144 GUNDAM AGE-2 DOUBLE BULLET__5250437c85.jpg,gunpla_gallery,AGE-2DB Gundam AGE-2 Double Bullet,https://gunplagallery.com/kits/321-hg-age-2db-gundam-age-2-double-bullet,https://s3.amazonaws.com/gunplagallery/catalog/321_original_Hg_age-2_double_bullet_boxart.jpg,source_model_code_cross_source,0cf0c94c6569ab8e179f1730f13fa0343854bc8f71727c6c2658815f2b9fdc7c,900,568,
MG 1/100 UNICORN GUNDAM 03 PHENEX,downloaded,MG 1_100 UNICORN GUNDAM 03 PHENEX__2fff751479.jpg,dalong,Unicorn Gundam 03 Phenex,https://www.dalong.net/reviews/mg/m178/m178_p_e.htm,https://www.dalong.net/reviews/mg/m178/p/m178.jpg,exact,1228a9446da8e57ccdb2ca6b2be11ac5c2083e61778407dbf4fbdc2e0b2426b3,239,300,
HG 1/144 GUNDAM AGE-2 NORMAL,downloaded,HG 1_144 GUNDAM AGE-2 NORMAL__1136ca03c9.jpg,gunpla_gallery,AGE-2 Gundam AGE-2 Normal,https://gunplagallery.com/kits/314-hg-age-2-gundam-age-2-normal,https://s3.amazonaws.com/gunplagallery/catalog/314_original_Hg-age-2.jpg,gallery_title_release_month,1f3cf0f86ca64ec50be2f47936c3b557fde9d2d413253f03a95dd5715b2a8002,1500,948,
MG 1/100 UNICORN GUNDAM SCREEN IMAGE,downloaded,MG 1_100 UNICORN GUNDAM SCREEN IMAGE__a3a29caaa5.jpg,bandai_manual,UNICORN GUNDAM SCREEN IMAGE,https://manual.bandai-hobby.net/menus/detail/573,https://bandai-hobby.net/images/156_738_s_8zicxt97wqsn6wzv2dzsa2moeslc.jpg,official_exact,b69d6b5f638c57985304756e9653bb6a6516bb205e36a67931854107f8be77e9,1200,1200,
HG 1/144 GUNDAM AGE-3 FORTRESS,downloaded,HG 1_144 GUNDAM AGE-3 FORTRESS__e1f369f39e.jpg,gunpla_gallery,AGE-3F Gundam AGE-3 Fortress,https://gunplagallery.com/kits/334-hg-age-3f-gundam-age-3-fortress,https://s3.amazonaws.com/gunplagallery/catalog/334_original_Hg-ag-fortress-box-art.jpg,source_model_code_cross_source,d9347725ab7d19babc9c87f5c7c97501502a5bbe2cf26c997b4c704bdb1e1b38,1500,948,
MG 1/100 UNICORN GUNDAM SCREEN IMAGE SPECIAL,downloaded,MG 1_100 UNICORN GUNDAM SCREEN IMAGE SPECIAL__d54f6755ee.jpg,gunpla_hobby,UNICORN GUNDAM SCREEN IMAGE SPECIAL,https://gunpla-hobby.com/gunpla/mg-1-100-mg-1-100-hd-ms-cage-3801be,https://thumbnail.image.rakuten.co.jp/@0_mall/otakara-100/cabinet/racoon_55/2608101515vibuk.jpg,official_title_release_month,6456fc426e3fe8c0c28ecb6e9dfa134092796f61f017012ffa7ba1cd65e980aa,1200,1200,
HG 1/144 GUNDAM AGE-3 NORMAL,downloaded,HG 1_144 GUNDAM AGE-3 NORMAL__922b40a09a.jpg,gunpla_gallery,AGE-3 Gundam AGE-3 Normal,https://gunplagallery.com/kits/325-hg-age-3-gundam-age-3-normal,https://s3.amazonaws.com/gunplagallery/catalog/325_original_1334923062208.jpg,gallery_title_release_month,70dacdc6af6d13f929cabc1585cf1126858a35f9647857161a9d6d489718fa1c,1500,946,
MG 1/100 UNICORN GUNDAM Ver.Ka,downloaded,MG 1_100 UNICORN GUNDAM Ver.Ka__8c85821628.jpg,gunpla_gallery,RX-0 Unicorn Gundam Ver.Ka,https://gunplagallery.com/kits/17374-mg-rx-0-unicorn-gundam-ver-ka,https://s3.amazonaws.com/gunplagallery/catalog/17374_original_Mg-rx-0-ka.jpg,source_model_code_cross_source,c264c461c713a78f32cede980d2d275cfdff451307e8981eb0c3e6cb9c895ba9,1024,1259,
HG 1/144 GUNDAM AGE-3 ORBITAL,downloaded,HG 1_144 GUNDAM AGE-3 ORBITAL__f3226d680b.jpg,gunpla_gallery,AGE-3O Gundam AGE-3 Orbital,https://gunplagallery.com/kits/330-hg-age-3o-gundam-age-3-orbital,https://s3.amazonaws.com/gunplagallery/catalog/330_original_High_Grade_Gundam_AGE-3_Orbital.jpg,source_model_code_cross_source,24e6e614766321a3db0299dcc02d2c702ddd632a8e0dd65ee4421d8920a499c5,1500,953,
MG 1/100 V DASH GUNDAM Ver.ka,downloaded,MG 1_100 V DASH GUNDAM Ver.ka__09e90381b8.jpg,gunpla_gallery,LM312V04+SD-VB03A V-Dash Gundam Ver.Ka,https://gunplagallery.com/kits/1295-mg-lm312v04-sd-vb03a-v-dash-gundam-ver-ka,https://s3.amazonaws.com/gunplagallery/catalog/1295_original_LM312V04SD-VB03A-verka-mg.jpg,source_model_code_release_month,a090d4bc25182963cad04f2b1a8aae4da8bc9ce2c7870b32f0bac89e243a52c4,571,720,
HG 1/144 GUNDAM AGE-FX,downloaded,HG 1_144 GUNDAM AGE-FX__bbf241679f.jpg,gunpla_gallery,AGE-FX Gundam AGE-FX,https://gunplagallery.com/kits/331-hg-age-fx-gundam-age-fx,https://s3.amazonaws.com/gunplagallery/catalog/331_original_High_Grade_Gundam_AGE-FX.jpg,gallery_title_release_month,8ea629dd96928bc2f9fbe21e23050e23a045694f0f8a05ec3a0ad542eb15243e,1500,948,
MG 1/100 V GUNDAM Ver.Ka,downloaded,MG 1_100 V GUNDAM Ver.Ka__30f1e270b4.jpg,bandai_manual,V GUNDAM Ver.Ka,https://manual.bandai-hobby.net/menus/detail/554,https://bandai-hobby.net/images/193_2653_s_w5a76u72b51mclw3v37nhgu7iwvm.jpg,official_exact,025c6b0f48865a18c99eabdb3eb1e2b01bfd36a209c13c9f6fed3775fd9deadb,1200,1200,
HG 1/144 GUNDAM AGE-FX BURST,downloaded,HG 1_144 GUNDAM AGE-FX BURST__72271f76db.jpg,dalong,Gundam AGE-FX Burst,https://www.dalong.net/reviews/age/agh32/agh32_p_e.htm,https://www.dalong.net/reviews/age/agh32/p/agh32.jpg,exact,7571e5c585c5569634db47ef4db56a07912c727ae011527df028e1f2d8b3e74c,300,187,
MG 1/100 V2 GUNDAM Ver. Ka,downloaded,MG 1_100 V2 GUNDAM Ver. Ka__c1f4e5059a.jpg,dalong,"V2 Gundam ""Ver.Ka""",https://www.dalong.net/reviews/mg/m191/m191_p_e.htm,https://www.dalong.net/reviews/mg/m191/p/m191.jpg,exact,24f3c56be8ec464962a54fd1750af6df7e53336c05de5ff721ca2718c9a8106a,193,300,
HG 1/144 GUNDAM AGEII MAGNUM,downloaded,HG 1_144 GUNDAM AGEII MAGNUM__2547734b13.jpg,dalong,Gundam AGE II Magnum,https://www.dalong.net/reviews/bf/bd01/bd01_p_e.htm,https://www.dalong.net/reviews/bf/bd01/p/bd01.jpg,exact,d705cef6a8621e0c731c7fd52aa01f6a577ee2128d30101a37f82fb5d835c445,300,188,
MG 1/100 VICTORY TWO ASSAULT BUSTER GUNDAM Ver.Ka,not_found,,,,,,,,,,bandai_manual: VICTORY TWO ASSAULT BUSTER GUNDAM Ver.Ka | dalong: Victory Two Assault Buster Gundam Ver.Ka | bandai_manual: ASSAULT BUSTER EXPANSION PARTS for VICTORY TWO GUNDAM Ver.Ka
HG 1/144 GUNDAM AGEII MAGNUM SV ver.,downloaded,HG 1_144 GUNDAM AGEII MAGNUM SV ver__8a012dd35e.jpg,dalong,Gundam Age II Magnum SV Ver.,https://www.dalong.net/reviews/bf/bd24/bd24_p_e.htm,https://www.dalong.net/reviews/bf/bd24/p/bd24.jpg,exact,61d22bcc707216414b14454344aff2926e8d3d93c540598dd5ada4ca9fa9194d,1200,756,
MG 1/100 W GUNDAM ZERO CUSTOM,downloaded,MG 1_100 W GUNDAM ZERO CUSTOM__e15b8597f4.jpg,gunpla_hobby,W GUNDAM ZERO CUSTOM,https://gunpla-hobby.com/gunpla/mg-1-100-1-100-ef4068,https://tshop.r10s.jp/hsalpha/cabinet/j63/qjt0001012-a.jpg,official_title_release_month,8258d901a9b686aed515829ff250dd5534214d0564941e7b9b929c04c3fc6b00,1315,1800,
HG 1/144 GUNDAM AGEII MAGNUM SVver.(FX PLOSION),not_found,,,,,,,,,,bandai_manual: GUNDAM AGEII MAGNUM SVver.(FX PLOSION) | gunpla_hobby: GUNDAM AGEII MAGNUM SVver.(FX PLOSION) | dalong: Gundam AGE II Magnum SV Ver. (FX Plosion)
MG 1/100 WING GUNDAM,downloaded,MG 1_100 WING GUNDAM__5ad8ee0654.jpg,dalong,Wing Gundam,https://www.dalong.net/reviews/mg/m131/m131_p_e.htm,https://www.dalong.net/reviews/mg/m131/p/m131.jpg,exact,08915c11e3330e89c12a6fa8bbd9da21af5899baf0532270fff8e716c8ef65dd,187,289,
HG 1/144 GUNDAM AIRMASTER,downloaded,HG 1_144 GUNDAM AIRMASTER__0d1b766ed1.jpg,gunpla_gallery,GW-9800 Gundam Airmaster,https://gunplagallery.com/kits/794-hg-gw-9800-gundam-airmaster,https://s3.amazonaws.com/gunplagallery/catalog/794_original_Hguc184.jpg,source_model_code_release_month,5454811db4bf795949623d6aadc6f7dc6f0649a4ad11a6697b39dfeb48fb6deb,640,404,
MG 1/100 WING GUNDAM (Ver. Ka),downloaded,MG 1_100 WING GUNDAM (Ver. Ka)__0ba8aa58e0.jpg,gunpla_gallery,XXXG-01W Wing Gundam Ver.Ka,https://gunplagallery.com/kits/1228-mg-xxxg-01w-wing-gundam-ver-ka,https://s3.amazonaws.com/gunplagallery/catalog/1228_original_Mg-wing-verka.jpg,source_model_code_release_month,4b4e9a0565a38ddc676b112dee5acd8b747f3d9aa3cceb9b66f31bcad7c94179,1024,1321,
HG 1/144 GUNDAM AIRMASTER BURST,not_found,,,,,,,,,,bandai_manual: GUNDAM AIRMASTER BURST | gunpla_hobby: GUNDAM AIRMASTER BURST | bandai_manual: GUNDAM AIRMASTER
MG 1/100 WING GUNDAM ZERO EW & DREI ZWERG [SPECIAL COATING],not_found,,,,,,,,,,bandai_manual: WING GUNDAM ZERO EW & DREI ZWERG [SPECIAL COATING] | dalong: Wing Gundam Zero EW & Drei Zwerg [Special Coating] | gunpla_hobby: WING GUNDAM ZERO EW & DREI ZWERG [SPECIAL COATING]
HG 1/144 GUNDAM AMAZING EXIA,downloaded,HG 1_144 GUNDAM AMAZING EXIA__e3b6dd9c90.jpg,dalong,Gundam Amazing Exia,https://www.dalong.net/reviews/bf/bf16/bf16_p_e.htm,https://www.dalong.net/reviews/bf/bf16/p/bf16.jpg,exact,3189671c22673e97161b1c75fa76f19716bb5abfdd9c808f6869a399130194ea,300,189,
MG 1/100 XXXG-01S SHENLONG GUNDAM EW VER.,downloaded,MG 1_100 XXXG-01S SHENLONG GUNDAM EW VER__1f6aa8bcf4.jpg,gunpla_gallery,XXXG-01S Shenlong Gundam EW,https://gunplagallery.com/kits/1302-mg-xxxg-01s-shenlong-gundam-ew,https://s3.amazonaws.com/gunplagallery/catalog/1302_original_1-100_MG_Shenlong_Gundam_EW_Boxart.jpg,gallery_title_release_month,d0dee698a23d387de5a749e071b063ad7beb33bbf8a8ecd607bac52382a6254a,968,1500,
HG 1/144 GUNDAM AMAZING RED WARRIOR,downloaded,HG 1_144 GUNDAM AMAZING RED WARRIOR__3c76ae851d.jpg,dalong,Gundam Amazing Red Warrior,https://www.dalong.net/reviews/bf/bf26/bf26_p_e.htm,https://www.dalong.net/reviews/bf/bf26/p/bf26.jpg,exact,efbbf1f24aa9c52ec5747fd0c4223f043698c2572ebf9b9bb24376f2c3d517d8,300,189,
MG 1/100 XXXG-01W WING GUNDAM EW VER.,downloaded,MG 1_100 XXXG-01W WING GUNDAM EW VER__ab0beec0e5.jpg,gunpla_gallery,XXXG-01W Wing Gundam EW,https://gunplagallery.com/kits/1303-mg-xxxg-01w-wing-gundam-ew,https://s3.amazonaws.com/gunplagallery/catalog/1303_original_Mg_wing_ew.jpg,gallery_title_release_month,a02b02456c8c302d264913fdadeaa9d231b4ba9c22dc7bc7a5e765e29df9fff5,465,720,
HG 1/144 GUNDAM AN-01 TRISTAN,downloaded,HG 1_144 GUNDAM AN-01 TRISTAN__4622967614.jpg,dalong,Gundam AN-01 Tristan,https://www.dalong.net/reviews/hg/h205/h205_p_e.htm,https://www.dalong.net/reviews/hg/h205/p/h205.jpg,exact,10a8c01516c1a1ef15eed6878ddf6ffa89dbd9b5850042227df3674bfd354a95,300,190,
MG 1/100 Z GUNDAM Ver.2.0,downloaded,MG 1_100 Z GUNDAM Ver.2.0__0dd7caf97c.jpg,bandai_manual,Z GUNDAM Ver.2.0,https://manual.bandai-hobby.net/menus/detail/538,https://bandai-hobby.net/images/158_610_s_5ll18ycl26ej2alkxt4w4havvbg8.jpg,official_exact,1ae5b2a70b964ebab63b7295181dece92b305dae6e5259aae79b587a99d2007e,1200,1200,
HG 1/144 GUNDAM ASHTARON,not_found,,,,,,,,,,dalong: Gundam | dalong: Gundam | dalong: Gundam
MG 1/100 Z'GOK MASS PRODUCTION TYPE,downloaded,MG 1_100 Z'GOK MASS PRODUCTION TYPE__aa7a60ef7e.jpg,gunpla_hobby,Z'GOK MASS PRODUCTION TYPE,https://gunpla-hobby.com/gunpla/mg-1-100-mg-1-100-6fdd7c,https://thumbnail.image.rakuten.co.jp/@0_mall/hauteproduit/cabinet/10958926/7166f501a0b7580.jpg,official_title_release_month,4eda5c074dd502abc60c3aaab583167514ced4fc2ae1bc0f289e6de25f8a8af8,369,500,
HG 1/144 GUNDAM ASMODAY,downloaded,HG 1_144 GUNDAM ASMODAY__55d1e9f17f.jpg,dalong,Gundam Asmoday,https://www.dalong.net/reviews/ib/ibh43/ibh43_p_e.htm,https://www.dalong.net/reviews/ib/ibh43/p/ibh43.jpg,exact,0601b89a3e99e9137cc471ab38d4e338b02e2a745589fcf9a2d869510d91fb89,1200,750,
MG 1/100 Z-GUNDAM,downloaded,MG 1_100 Z-GUNDAM__2105ea230c.jpg,bandai_manual,Z-GUNDAM,https://manual.bandai-hobby.net/menus/detail/413,https://bandai-hobby.net/images/157_2468_s_6gb6as2txscl6raq62ql6fsov54e.jpg,official_exact,dc9a80cc367b0c902a2360638564bf16ffeb34364c52b4e37f19cd77a1106832,1200,1200,
HG 1/144 GUNDAM ASTAROTH,downloaded,HG 1_144 GUNDAM ASTAROTH__dfb02799e3.jpg,dalong,Gundam Astaroth,https://www.dalong.net/reviews/ib/ibh19/ibh19_p_e.htm,https://www.dalong.net/reviews/ib/ibh19/p/ibh19.jpg,exact,9ebb1a13e0ed217f1f00d567d2dcfb750900d3120e757d6945779181a264d20f,300,189,
MG 1/100 ZAKU CANNON,downloaded,MG 1_100 ZAKU CANNON__08986db075.jpg,dalong,Zaku Cannon,https://www.dalong.net/reviews/mg/m112/m112_p_e.htm,https://www.dalong.net/reviews/mg/m112/p/m112.jpg,exact,4e02dcb718f0dcb2473bb3e4f49652e45c20c3d1d52b9e2e6088aedc51517399,234,291,
HG 1/144 GUNDAM ASTAROTH ORIGIN,downloaded,HG 1_144 GUNDAM ASTAROTH ORIGIN__ba31fd6165.jpg,dalong,Gundam Astaroth Origin,https://www.dalong.net/reviews/ib/ibh20/ibh20_p_e.htm,https://www.dalong.net/reviews/ib/ibh20/p/ibh20.jpg,exact,4f8f7b0d2a5ab716d536654493a31312d3507d381f6d50cd1be49a3266a17d69,300,190,
MG 1/100 ZAKU CANNON (GUNDAM UNICORN Ver.),not_found,,,,,,,,,,bandai_manual: ZAKU CANNON (GUNDAM UNICORN Ver.) | gunpla_hobby: ZAKU CANNON (GUNDAM UNICORN Ver.) | dalong: Zaku Cannon [Unicorn Color Ver.]
HG 1/144 GUNDAM ASTAROTH RINASCIMENTO,downloaded,HG 1_144 GUNDAM ASTAROTH RINASCIMENTO__32633f875f.jpg,dalong,Gundam Astaroth Rinascimento,https://www.dalong.net/reviews/ib/ibh39/ibh39_p_e.htm,https://www.dalong.net/reviews/ib/ibh39/p/ibh39.jpg,exact,50ea15808261e33668c76a7b97651ab35b288479f011705a704b042e2706fc06,300,187,
"MG 1/100 ZAKU HIGH MOBILITY TYPE ""PSYCHO ZAKU"" Ver.Ka [GUNDAM THUNDERBOLT]",downloaded,MG 1_100 ZAKU HIGH MOBILITY TYPE _PSYCHO ZAKU_ Ver.Ka [GUNDAM THUNDERBOLT]__956117332e.jpg,bandai_manual,"ZAKU HIGH MOBILITY TYPE ""PSYCHO ZAKU"" Ver.Ka [GUNDAM THUNDERBOLT]",https://manual.bandai-hobby.net/menus/detail/856,https://bandai-hobby.net/images/159_1714_s_3kyrmzz4px43wvu7iaumbmft1yu9.jpg,official_exact,bebc3e12eb1214f29acb5d586c53fcba7777b60fa1f13aa8709f56930a1e20e8,1200,1200,
HG 1/144 GUNDAM ASTRAEA,downloaded,HG 1_144 GUNDAM ASTRAEA__4aae4618d4.jpg,gunpla_gallery,GNY-001 Gundam Astraea,https://gunplagallery.com/kits/261-hg-gny-001-gundam-astraea,https://s3.amazonaws.com/gunplagallery/catalog/261_original_4752101260_5de1ce5387_b.jpg,source_model_code_cross_source,7196b3994d0eddbbdd1995d6c1a5521b4fa0397649c526959ddb7b8c760689b5,1200,757,
MG 1/100 ZAKU II ERIC MANTHFIELD’S CUSTOM,not_found,,,,,,,,,,bandai_manual: ZAKU II ERIC MANTHFIELD’S CUSTOM | dalong: Eric Manthfield's Custom Zaku II | dalong: Zaku II Uma Lightning's Custom
HG 1/144 GUNDAM ASTRAEA TYPE-F,downloaded,HG 1_144 GUNDAM ASTRAEA TYPE-F__a9e2a687fe.jpg,gunpla_gallery,GNY-001F Gundam Astraea Type F,https://gunplagallery.com/kits/258-hg-gny-001f-gundam-astraea-type-f,https://s3.amazonaws.com/gunplagallery/catalog/258_original_Hg00-astraea-f.jpg,source_model_code_cross_source,5d0186eba2a04d583a55bb746289c654fdf5c8597aa2d7a9618d4b97052a6bf2,1200,737,
MG 1/100 ZAKU II Ver. 2.0,downloaded,MG 1_100 ZAKU II Ver. 2.0__60352ca8dc.jpg,gunpla_hangar,MS-06J Zaku II (Ver. 2.0),https://gunplahangar.com/kits/mg-ms-06j-zaku-ii-ver-20,https://gunplahangar.com/img/kits/mg-ms-06j-zaku-ii-ver-20/box-art-800.jpg,source_model_code_hangar_exact,3f9c84246a421c200bbb54f2de2ca3e3dd2cbbd21386edaeb0561a749d2afaba,800,1239,
HG 1/144 GUNDAM ASTRAY BLUE FRAME SECOND L,downloaded,HG 1_144 GUNDAM ASTRAY BLUE FRAME SECOND L__f772cee1b7.jpg,gunpla_gallery,MBF-P03 Gundam Astray Blue Frame Second L,https://gunplagallery.com/kits/401-hg-mbf-p03-gundam-astray-blue-frame-second-l,https://s3.amazonaws.com/gunplagallery/catalog/401_original_HG_Gundam_Astray_Blue_Frame_Second_L.jpg,source_model_code_release_month,25fd03c3656acd8074226ff3e61cea22e6e22d95211b65601e195118c8781b3e,800,505,
MG 1/100 ZAKU JONNY RIDEN,downloaded,MG 1_100 ZAKU JONNY RIDEN__4f0d9a84e2.jpg,bandai_manual,ZAKU JONNY RIDEN,https://manual.bandai-hobby.net/menus/detail/808,https://bandai-hobby.net/images/156_2473_s_boe6w0hdjrosc7m4hwzzb9djxals.jpg,official_exact,9bc4adf1347a331f51f5cac7d3a5fbef797bcd86cb4074bfea2153e85d2a81c2,1200,1200,
HG 1/144 GUNDAM ASTRAY GOLD FRAME,downloaded,HG 1_144 GUNDAM ASTRAY GOLD FRAME__14c77bb33e.jpg,gunpla_hangar,MBF-P01 Gundam Astray Gold Frame,https://gunplahangar.com/kits/hggs-mbf-p01-gundam-astray-gold-frame,https://gunplahangar.com/img/kits/hggs-mbf-p01-gundam-astray-gold-frame/box-art-800.jpg,source_model_code_hangar_exact,6171a87dde44f7cded66c4dc81be1a18bbcfe643c2b9f422499d5da4f773c693,384,239,
MG 1/100 ZAKU MINELAYER,downloaded,MG 1_100 ZAKU MINELAYER__937e64fb75.jpg,dalong,Zaku Minelayer,https://www.dalong.net/reviews/mg/m105/m105_p_e.htm,https://www.dalong.net/reviews/mg/m105/p/m105.jpg,exact,68da1b27961ee913b25ebaddd444eb214b1b6317373abdd854cf121ffaa4a323,230,289,
HG 1/144 GUNDAM ASTRAY GOLD FRAME AMATSU,not_found,,,,,,,,,,bandai_manual: GUNDAM ASTRAY GOLD FRAME AMATSU | dalong: Gundam Astray Gold Frame Amatsu | dalong: Gundam Astray Gold Frame Amatsu
MG 1/100 ZAKU SHIN-MATSUNAGA,downloaded,MG 1_100 ZAKU SHIN-MATSUNAGA__a11f7d7ae3.jpg,gunpla_hobby,ZAKU SHIN-MATSUNAGA,https://gunpla-hobby.com/gunpla/mg-1-100-mg-1-100-ii-30eec8,https://tshop.r10s.jp/treasurehunter/cabinet/items1768726181/17283239561338315083.jpg,official_title_release_month,79d80bc868ee1ed4b57c924c118a02a86973ae190959cd9976e33835a5ec6723,1000,1000,
HG 1/144 GUNDAM ASTRAY GOLD FRAME AMATSU MINA,downloaded,HG 1_144 GUNDAM ASTRAY GOLD FRAME AMATSU MINA__18759b478b.jpg,dalong,Gundam Astray Gold Frame Amatsu Mina,https://www.dalong.net/reviews/seed/sh59/sh59_p_e.htm,https://www.dalong.net/reviews/seed/sh59/p/sh59.jpg,exact,ae70cf14a65b3ccb2914805100ebea1d21a39dbbd095c2751f3c9744f42e4c7f,300,187,
MG 1/100 ZAKUI(RAMBA RAL'S CUSTOM),downloaded,MG 1_100 ZAKUI(RAMBA RAL'S CUSTOM)__63726e3a91.jpg,gunpla_hobby,ZAKUI(RAMBA RAL'S CUSTOM),https://gunpla-hobby.com/gunpla/mg-1-100-mg-ms-05b-f840a5,https://tshop.r10s.jp/ajimura4861/cabinet/20220447-2/b00030evh0.jpg,official_title_release_month,68cf8f30475db1404b8765d658b4729c211b5627461f9a5de9d8332091e0d70b,233,350,
HG 1/144 GUNDAM ASTRAY NO-NAME,downloaded,HG 1_144 GUNDAM ASTRAY NO-NAME__3344bb461b.jpg,dalong,Gundam Astray No-Name,https://www.dalong.net/reviews/bf/bd12/bd12_p_e.htm,https://www.dalong.net/reviews/bf/bd12/p/bd12.jpg,exact,e4c7aa15beca66c5e638d8fa385a5c3872883eea56d43e5e3cc3b33550cf9f32,800,504,
MG 1/100 ZAKUII BLACK TRI-STARS Ver. 2.0,downloaded,MG 1_100 ZAKUII BLACK TRI-STARS Ver. 2.0__24a3786f36.jpg,gunpla_gallery,MS-06R-1A Zaku II (Black Tri-Stars) Ver.2.0,https://gunplagallery.com/kits/1262-mg-ms-06r-1a-zaku-ii-black-tri-stars-ver-2-0,https://s3.amazonaws.com/gunplagallery/catalog/1262_original_MG_-_MS-06R-1A_-_Zaku_II_-_Boxart.jpg,source_model_code_release_month,2c0108ba07109166d1bab0f1630200a2ea18a019e4fc22bedfa7af0e451b0f59,3600,4545,
HG 1/144 GUNDAM ASTRAY RED FRAME (FLIGHT UNIT),downloaded,HG 1_144 GUNDAM ASTRAY RED FRAME (FLIGHT UNIT)__c0233d472c.jpg,dalong,Gundam Astray Red Frame (Flight Unit),https://www.dalong.net/reviews/seed/sh58/sh58_p_e.htm,https://www.dalong.net/reviews/seed/sh58/p/sh58.jpg,exact,34f1711dc8bce55aea64ee47a1793a8e871a931bea791d58c6a1c7bca64481f0,300,188,
"MG 1/100 ZAKUII HIGH MOBILITY TYPE ""PSYCHO ZAKU"" [GUNDAM THUNDERBOLT] LAST SESSION Ver.",not_found,,,,,,,,,,"bandai_manual: ZAKUII HIGH MOBILITY TYPE ""PSYCHO ZAKU"" [GUNDAM THUNDERBOLT] LAST SESSION Ver. | dalong: High Mobility Type Zaku 'Psycho Zaku' (Gundam Thunderbolt) Last Session Ver. | bandai_manual: ZAKU HIGH MOBILITY TYPE ""PSYCHO ZAKU"" Ver.Ka [GUNDAM THUNDERBOLT]"
HG 1/144 GUNDAM ASTRAY RED FRAME INVERSION,downloaded,HG 1_144 GUNDAM ASTRAY RED FRAME INVERSION__2814caab65.jpg,dalong,Gundam Astray Red Frame Inversion,https://www.dalong.net/reviews/bf/bbh10/bbh10_p_e.htm,https://www.dalong.net/reviews/bf/bbh10/p/bbh10.jpg,exact,2b1039d148b4d3b1c70c4a8ed7e16926f1b454fd2224fc7913cd7508f7ef0732,1197,731,
MG 1/100 ZAKUIIF2(KIMBERLITE BASE TYPE),not_found,,,,,,,,,,bandai_manual: ZAKUIIF2(KIMBERLITE BASE TYPE) | gunpla_hangar: MS-06F2 Zaku II F2 Type (Kimberlite Base Type) | gunpla_wiki: MG MS-06F2 Zaku II F2 Type (Kimberlite Base Type)
HG 1/144 GUNDAM AVALANCHE EXIA',downloaded,HG 1_144 GUNDAM AVALANCHE EXIA'__e9f96aa9c9.jpg,dalong,Gundam Avalanche Exia,https://www.dalong.net/reviews/00/0109/0109_p_e.htm,https://www.dalong.net/reviews/00/0109/p/0109.jpg,exact,96da5274663ae0e2a3fa8561433d33b9269f550eb494780ec1fc0d2ec90aa341,184,288,
MG 1/100 ZETAplus(UNICORN Ver.),not_found,,,,,,,,,,bandai_manual: ZETAplus(UNICORN Ver.) | gunpla_hobby: ZETAplus(UNICORN Ver.) | dalong: Zeta Plus (Unicorn Ver.)
HG 1/144 GUNDAM BAEL,downloaded,HG 1_144 GUNDAM BAEL__4ac0e8fd77.jpg,gunpla_gallery,ASW-G-01 Gundam Bael,https://gunplagallery.com/kits/550-hg-asw-g-01-gundam-bael,https://s3.amazonaws.com/gunplagallery/catalog/550_original_HGIBO_Gundam_Bael.jpg,source_model_code_cross_source,483c87589ae226cc6c1a0ccc13af47b3d6e9c83033c481dcdbd0d938adcb6c19,1200,757,
MG 1/100 ZZ GUNDAM,downloaded,MG 1_100 ZZ GUNDAM__4ff19d6067.jpg,bandai_manual,ZZ GUNDAM,https://manual.bandai-hobby.net/menus/detail/431,https://bandai-hobby.net/images/158_2536_s_ewa5fsrznxilvz5k671tix331sj7.jpg,official_exact,2a297d4567480d405d5ca9a7fdc870b6bf47f44d381e55afd41c5953a57d2996,1200,1200,
HG 1/144 GUNDAM BAEL [CLEAR COLOR],not_found,,,,,,,,,,dalong: Gundam ~ Clear Color version | bandai_manual: GUNDAM BAEL | dalong: Gundam Bael
MG 1/100 ZZ GUNDAM Ver.Ka,downloaded,MG 1_100 ZZ GUNDAM Ver.Ka__94448f7e2e.jpg,dalong,ZZ Gundam Ver. Ka,https://www.dalong.net/reviews/mg/m198/m198_p_e.htm,https://www.dalong.net/reviews/mg/m198/p/m198.jpg,exact,b07747b9b69c88409f892d975fdfb24fcb06ed7fa087832f22c38ec04c4577b6,238,300,
HG 1/144 GUNDAM BARBATAURUS,downloaded,HG 1_144 GUNDAM BARBATAURUS__7cc4d74382.jpg,dalong,Gundam Barbataurus,https://www.dalong.net/reviews/bf/bbh06/bbh06_p_e.htm,https://www.dalong.net/reviews/bf/bbh06/p/bbh06.jpg,exact,b84b3d673c16486adb0037ab2e4bc9966473492eca988ac8855f2a54ae70c020,1200,726,
MG 1/100 Z’GOK (GUNDAM UNICORN Ver.),downloaded,MG 1_100 Z’GOK (GUNDAM UNICORN Ver.)__c69bb084e3.jpg,gunpla_hobby,Z’GOK (GUNDAM UNICORN Ver.),https://gunpla-hobby.com/gunpla/mg-1-100-mg-1-100-ver-07f2c7,https://tshop.r10s.jp/hsalpha/cabinet/t10/ch169ae593743c73.jpg,official_title_release_month,e666572b702e6e80b596d247cce00c5efbb8fbe4ce8d86b8d586689f3323e677,1052,1374,
HG 1/144 GUNDAM BARBATOS,downloaded,HG 1_144 GUNDAM BARBATOS__84a16c2c8b.jpg,gunpla_gallery,ASW-G-08 Gundam Barbatos,https://gunplagallery.com/kits/517-hg-asw-g-08-gundam-barbatos,https://s3.amazonaws.com/gunplagallery/catalog/517_original_HG_Gundam_Barbatos.jpg,source_model_code_cross_source,4ed202683a2e41292e320d358b696e3d7a6cb9283d1e87352d819735b8d95435,800,505,
MG 1/100 ν GUNDAM HWS Ver.Ka,not_found,,,,,,,,,,bandai_manual: ν GUNDAM HWS Ver.Ka | dalong: Nu Gundam HWS Ver.Ka | dalong: Nu Gundam Ver. Ka
HG 1/144 GUNDAM BARBATOS & LONG DISTANCE TRANSPORT BOOSTER,downloaded,HG 1_144 GUNDAM BARBATOS & LONG DISTANCE TRANSPORT BOOSTER__e02ab44fde.jpg,gunpla_hobby,GUNDAM BARBATOS & LONG DISTANCE TRANSPORT BOOSTER,https://gunpla-hobby.com/gunpla/hg-1-144-hg-1-144-6078cf,https://thumbnail.image.rakuten.co.jp/@0_mall/hugallhobby/cabinet/13556465/imgrc0121059354.jpg,official_title_release_month,08c4c945e52a4fe5a9ec6c440aba144841d9897c5244c62beffcb2c53a173b9c,1000,1160,
MG 1/100 νGUNDAM Ver. Ka,downloaded,MG 1_100 νGUNDAM Ver. Ka__b9ef5672a4.jpg,dalong,Nu Gundam Ver. Ka,https://www.dalong.net/reviews/mg/m162/m162_p_e.htm,https://www.dalong.net/reviews/mg/m162/p/m162.jpg,exact,36f2b1446755c3fa3592d4c70569a4078c3e512e8bd455a37facddcf1b715ca7,234,300,
HG 1/144 GUNDAM BARBATOS 6TH FORM,downloaded,HG 1_144 GUNDAM BARBATOS 6TH FORM__535d5464d4.jpg,gunpla_gallery,ASW-G-08 Gundam Barbatos 6th Form,https://gunplagallery.com/kits/531-hg-asw-g-08-gundam-barbatos-6th-form,https://s3.amazonaws.com/gunplagallery/catalog/531_original_HGIBO-GundamBarbatos6thForm.jpg,source_model_code_cross_source,85adb72fdc076135fd7cb728ea0b11cffd4edf1a4b0f6eae3e95b0d43e552823,640,404,
MG 1/100 ∀ GUNDAM,downloaded,MG 1_100 ∀ GUNDAM__120db764bc.jpg,dalong,∀ Gundam,https://www.dalong.net/reviews/mg/mg100/mg100_p_e.htm,https://www.dalong.net/reviews/mg/mg100/p/mg100.jpg,exact,b3196e8849d44a7ce79b0c430b0fe1f1b9e58e7e682eae05546513716a3831e0,185,292,
HG 1/144 GUNDAM BARBATOS ADAPT,downloaded,HG 1_144 GUNDAM BARBATOS ADAPT__a4bbed4273.jpg,gunpla_hangar,ASW-G-08 Gundam Barbatos Adapt,https://gunplahangar.com/kits/hgi-bo-asw-g-08-gundam-barbatos-adapt,https://gunplahangar.com/img/kits/hgi-bo-asw-g-08-gundam-barbatos-adapt/box-art-800.jpg,source_model_code_hangar_exact,0b4e39ed94e35f65c450755e94ece5f3190abad2ac5de79589eb41a0671e23fb,800,800,
MG 1/100 ∀ GUNDAM (MOONLIGHT BUTTERFLY Ver.),not_found,,,,,,,,,,bandai_manual: ∀ GUNDAM (MOONLIGHT BUTTERFLY Ver.) | dalong: Turn A Gundam (Moonlight Butterfly Ver.) | gunpla_hobby: ∀ GUNDAM (MOONLIGHT BUTTERFLY Ver.)
HG 1/144 GUNDAM BARBATOS COMPLETE SET,not_found,,,,,,,,,,bandai_manual: GUNDAM BARBATOS COMPLETE SET | dalong: Gundam Barbatos Complete Set | gunpla_hobby: GUNDAM BARBATOS COMPLETE SET
MG 1/100 ∀GUNDAM/TURN X[nano skin image],not_found,,,,,,,,,,bandai_manual: ∀GUNDAM/TURN X[nano skin image] | gunpla_hobby: ∀GUNDAM/TURN X[nano skin image] | dalong: Turn A Gundam/Turn X [Nano Skin Image]
HG 1/144 GUNDAM BARBATOS LUPUS,downloaded,HG 1_144 GUNDAM BARBATOS LUPUS__f296a09989.jpg,gunpla_gallery,ASW-G-08 Gundam Barbatos Lupus,https://gunplagallery.com/kits/536-hg-asw-g-08-gundam-barbatos-lupus,https://s3.amazonaws.com/gunplagallery/catalog/536_original_HGIBO-GundamBarbatosLupus.jpg,source_model_code_cross_source,c5c699140fce939bc348112e469de246e6bbed9bc8a811490e5770b2dd0bfe18,640,403,
MG 1/100 ガンダムエクシアダークマター MG 1/100 GUNDAM EXIA DARK MATTER,downloaded,MG 1_100 ガンダムエクシアダークマター MG 1_100 GUNDAM EXIA DARK MATTER__c36b7c613f.jpg,bandai_manual,ガンダムエクシアダークマター MG 1/100 GUNDAM EXIA DARK MATTER,https://manual.bandai-hobby.net/menus/detail/1063,https://bandai-hobby.net/images/156_1260_s_gzpgywxyevb9hwmzbxrgalxtc5pc.jpg,official_exact,b11648bf389a43ca3933d032ccb4da66298563a8b59a4cfa499d2b5086379935,1200,1200,
HG 1/144 GUNDAM BARBATOS LUPUS REX,downloaded,HG 1_144 GUNDAM BARBATOS LUPUS REX__dd81eda049.jpg,gunpla_gallery,ASW-G-08 Gundam Barbatos Lupus Rex,https://gunplagallery.com/kits/547-hg-asw-g-08-gundam-barbatos-lupus-rex,https://s3.amazonaws.com/gunplagallery/catalog/547_original_HGIBO-GundamBarbatosLupusRex.jpg,source_model_code_cross_source,a2a02f51828f72e260c7ae08da972e289a0cf650b20be17a8a2df25371a5af41,1200,757,
HG 1/144 GUNDAM BARBATOS LUPUS REX[IRON-BLOODED COATING],not_found,,,,,,,,,,bandai_manual: GUNDAM BARBATOS LUPUS REX | dalong: Gundam Barbatos Lupus Rex | dalong: Gundam Barbatos Lupus Rex
HG 1/144 GUNDAM BASE LIMITED GUNDAM TR-6 [WOUNDWORT] [CLEAR COLOR],downloaded,HG 1_144 GUNDAM BASE LIMITED GUNDAM TR-6 [WOUNDWORT] [CLEAR COLOR]__6655e69f07.jpg,gunpla_hobby,GUNDAM BASE LIMITED GUNDAM TR-6 [WOUNDWORT] [CLEAR COLOR],https://gunpla-hobby.com/gunpla/hg-1-144-hg-1-144-tr-6-57ae89,https://tshop.r10s.jp/zootrope/cabinet/07756998/imgrc0152380804.jpg,official_title_release_month,1b430ecaa80c3a69a0eb3e50fc68780906601001c36c14693b70a700f7a36843,3476,2204,
HG 1/144 GUNDAM BASE LIMITED RX-78-2 GUNDAM [BEYOND GLOBAL] [GUNDAM BASE COLOR],downloaded,HG 1_144 GUNDAM BASE LIMITED RX-78-2 GUNDAM [BEYOND GLOBAL] [GUNDAM BASE COLOR]__3ba09027ba.jpg,gunpla_hobby,GUNDAM BASE LIMITED RX-78-2 GUNDAM [BEYOND GLOBAL] [GUNDAM BASE COLOR],https://gunpla-hobby.com/gunpla/hg-1-144-hg-1-144-rx-78-2-bey-c30ac0,https://tshop.r10s.jp/zootrope/cabinet/08019852/imgrc0160367006.jpg,official_title_release_month,6d2aecb33b00080165d01227f8d2766ba875a051c165642cbf34fefc9b28bd67,1200,1200,
HG 1/144 GUNDAM BURN LAPIUS,not_found,,,,,,,,,,bandai_manual: GUNDAM BURN LAPIUS | dalong: Gundam Burn Lapius | gunpla_hobby: GUNDAM BURN LAPIUS
HG 1/144 GUNDAM CALIBARN (PERMET SCORE FIVE),downloaded,HG 1_144 GUNDAM CALIBARN (PERMET SCORE FIVE)__c1313330a5.jpg,gunpla_hobby,GUNDAM CALIBARN (PERMET SCORE FIVE),https://gunpla-hobby.com/gunpla/hg-1-144-1-144-deaa93,https://tshop.r10s.jp/hsalpha/cabinet/t13/4573102663948-bn.jpg,official_title_release_month,a598cdfe122a20ec240315d3a895250a9bc4b5b7b0bbf3626cb6fe97823f611c,1800,1139,
HG 1/144 GUNDAM DANTALION,downloaded,HG 1_144 GUNDAM DANTALION__422d4f8cfe.jpg,dalong,Gundam Dantalion,https://www.dalong.net/reviews/ib/ibh38/ibh38_p_e.htm,https://www.dalong.net/reviews/ib/ibh38/p/ibh38.jpg,exact,220b7ef11fb9bb6bc1367d0bae4796b461910a6fb8248be2c7a5c60523bcc6b0,300,188,
HG 1/144 GUNDAM DEATHSCYTHE,downloaded,HG 1_144 GUNDAM DEATHSCYTHE__8bce0cddea.jpg,dalong,Gundam Deathscythe,https://www.dalong.net/reviews/hg/h239/h239_p_e.htm,https://www.dalong.net/reviews/hg/h239/p/h239.jpg,exact,f9b54bd5ad066c48a9742ba3dbfd9824ac963ec318d94d5a4e7f06b07e5e8234,1200,750,
HG 1/144 GUNDAM DEATHSCYTHE HELL,downloaded,HG 1_144 GUNDAM DEATHSCYTHE HELL__1709de4ff8.jpg,gunpla_hangar,XXXG-01D2 Gundam Deathscythe Hell,https://gunplahangar.com/kits/hgac-xxxg-01d2-gundam-deathscythe-hell,https://gunplahangar.com/img/kits/hgac-xxxg-01d2-gundam-deathscythe-hell/box-art-800.jpg,source_model_code_hangar_exact,fcf4040a5c6882ca4580918f40843271b568f3d6fd9c24646f6d781e929c3820,800,510,
HG 1/144 GUNDAM DELTA KAI,downloaded,HG 1_144 GUNDAM DELTA KAI__b22c6d3756.jpg,dalong,Gundam Delta Kai,https://www.dalong.net/reviews/hg/h148/h148_p_e.htm,https://www.dalong.net/reviews/hg/h148/p/h148.jpg,exact,7748e80e4fa87b63c3c5cbe7311c27d949e9a503954705c888f425c1d7865411,300,193,
HG 1/144 GUNDAM DOUBLE X,downloaded,HG 1_144 GUNDAM DOUBLE X__7dbf84d0a2.jpg,dalong,Gundam Double X,https://www.dalong.net/reviews/hg/h163/h163_p_e.htm,https://www.dalong.net/reviews/hg/h163/p/h163.jpg,exact,e07c04e08a232bcb4047408417d0f1b5de3b860fd110ad5cf71e62d7628cfdf4,300,187,
HG 1/144 GUNDAM DYNAMES,downloaded,HG 1_144 GUNDAM DYNAMES__939299b8d3.jpg,gunpla_gallery,GN-002 Gundam Dynames,https://gunplagallery.com/kits/199-hg-gn-002-gundam-dynames,https://s3.amazonaws.com/gunplagallery/catalog/199_original_Hg00-dynames.jpg,source_model_code_cross_source,d6b86c8897486d39ee86b62d791e073255412321fa2fb02305c9abb92d4f6a17,1500,952,
HG 1/144 GUNDAM EXIA,downloaded,HG 1_144 GUNDAM EXIA__3c73e95ac3.jpg,gunpla_gallery,GN-001 Gundam Exia,https://gunplagallery.com/kits/197-hg-gn-001-gundam-exia,https://s3.amazonaws.com/gunplagallery/catalog/197_original_Hg00-exia.jpg,source_model_code_cross_source,76e63a1c72b23bc4743167489b24d7fcc5e44fc9ed935487819c1f5ccc858bce,1024,646,
HG 1/144 GUNDAM EXIA DARK MATTER,downloaded,HG 1_144 GUNDAM EXIA DARK MATTER__d751eb835f.jpg,dalong,Gundam Exia Dark Matter,https://www.dalong.net/reviews/bf/bf13/bf13_p_e.htm,https://www.dalong.net/reviews/bf/bf13/p/bf13.jpg,exact,a5c9d3a49c3837ab0f49874519979b57b1d78a426b68af6fc6040e3cff4a0e5c,300,190,
HG 1/144 GUNDAM EXIA REPAIR II,downloaded,HG 1_144 GUNDAM EXIA REPAIR II__92e8e6781c.jpg,dalong,Gundam Exia Repair II,https://www.dalong.net/reviews/00/0h44/0h44_p_e.htm,https://www.dalong.net/reviews/00/0h44/p/0h44.jpg,exact,bb29f7cf3cc2c0a8f3524afc271e54e8f58783488d13ffaa4f26e7429d8bda43,290,184,
HG 1/144 GUNDAM Ez-SR,downloaded,HG 1_144 GUNDAM Ez-SR__1ca06bac26.jpg,gunpla_gallery,Gundam Ez-SR,https://gunplagallery.com/kits/17347-hg-gundam-ez-sr,https://s3.amazonaws.com/gunplagallery/catalog/17347_original_Gundam_Ez-SR_Boxart.jpg,exact,27f919f69b20c4b991a9b325d87bda15563108e0b3d924664128bdab745a9657,960,606,
HG 1/144 GUNDAM Ez8,downloaded,HG 1_144 GUNDAM Ez8__a7e6a175c1.jpg,dalong,Gundam Ez8,https://www.dalong.net/reviews/hg/h155/h155_p_e.htm,https://www.dalong.net/reviews/hg/h155/p/h155.jpg,exact,f682e32b806c4d78afd6a2c04f1902b444d2e9ca66b3a046f7a7c788643a32bf,300,189,
HG 1/144 GUNDAM F91,downloaded,HG 1_144 GUNDAM F91__bbf2a0f126.jpg,dalong,Gundam F91,https://www.dalong.net/reviews/hg/h167/h167_p_e.htm,https://www.dalong.net/reviews/hg/h167/p/h167.jpg,exact,f7b32fece163033da003d267048a3ae3275041b97e821408234ded360acde072,300,189,
HG 1/144 GUNDAM F91 HARRISON CUSTOM,downloaded,HG 1_144 GUNDAM F91 HARRISON CUSTOM__3be383a9c8.jpg,bandai_manual,GUNDAM F91 HARRISON CUSTOM,https://manual.bandai-hobby.net/menus/detail/398,https://bandai-hobby.net/images/157_1026_s_umx4m3u5s272o9btxpitfogb3mg1.jpg,official_exact,37e107c606abc415a06c169842608ea6746b1d85c09c04355f5f6b5d6f8a767e,1200,1200,
HG 1/144 GUNDAM F91 VITAL UNIT 01 & UNIT 02 SET,not_found,,,,,,,,,,bandai_manual: GUNDAM F91 VITAL UNIT 01 & UNIT 02 SET | dalong: Gundam F91 Vital Unit 01 & Unit 02 Set | gunpla_hobby: GUNDAM F91 VITAL UNIT 01 & UNIT 02 SET
HG 1/144 GUNDAM FENICE LIBERTA,not_found,,,,,,,,,,bandai_manual: GUNDAM FENICE LIBERTA | dalong: Gundam Fenice Liberta | gunpla_hobby: GUNDAM FENICE LIBERTA
HG 1/144 GUNDAM FENICE RINASCITA,downloaded,HG 1_144 GUNDAM FENICE RINASCITA__d758f3c4d2.jpg,dalong,Gundam Fenice Rinascita,https://www.dalong.net/reviews/bf/bf17/bf17_p_e.htm,https://www.dalong.net/reviews/bf/bf17/p/bf17.jpg,exact,02050bf40efee6d2fe249ee4e3b24b55259a1f2cdfd4cb7715100e52d6351dcb,300,190,
HG 1/144 GUNDAM FLAUROS (CALAMITY WAR TYPE),not_found,,,,,,,,,,bandai_manual: GUNDAM FLAUROS (CALAMITY WAR TYPE) | dalong: Gundam Flauros (Calamity War Type) | gunpla_hobby: GUNDAM FLAUROS (CALAMITY WAR TYPE)
HG 1/144 GUNDAM FLAUROS (RYUSEI-GO),downloaded,HG 1_144 GUNDAM FLAUROS (RYUSEI-GO)__bd952b2dfc.jpg,dalong,Gundam Flauros (Ryusei-go),https://www.dalong.net/reviews/ib/ibh28/ibh28_p_e.htm,https://www.dalong.net/reviews/ib/ibh28/p/ibh28.jpg,exact,e108dfac7c8193bc15afc708cf39600d2146f76b51ce233b691949645a934f7f,300,188,
HG 1/144 GUNDAM FSD,downloaded,HG 1_144 GUNDAM FSD__47c2d02121.jpg,gunpla_gallery,RX-78-01[FSD] Gundam FSD,https://gunplagallery.com/kits/461-hg-rx-78-01-fsd-gundam-fsd,https://s3.amazonaws.com/gunplagallery/catalog/461_original_HG_Gundam_FSD.jpg,source_model_code_cross_source,e65da1da15c6414bcdd016a75d4aabd276f326703d19284b43089825af9ee9b0,1200,757,
HG 1/144 GUNDAM G-ARCANE,downloaded,HG 1_144 GUNDAM G-ARCANE__0a7e9bac33.jpg,dalong,Gundam G-Arcane,https://www.dalong.net/reviews/hg/gs04/gs04_p_e.htm,https://www.dalong.net/reviews/hg/gs04/p/gs04.jpg,exact,be9aece2da132f3be8ee23114a41897151abaf7110e7bc5d92767ac47c223e85,300,189,
HG 1/144 GUNDAM G-ELSE(BEFORE),downloaded,HG 1_144 GUNDAM G-ELSE(BEFORE)__c1df27ab8c.jpg,gunpla_hobby,GUNDAM G-ELSE(BEFORE),https://gunpla-hobby.com/gunpla/hg-1-144-1-144-7c2fd2,https://thumbnail.image.rakuten.co.jp/@0_mall/hugallhobby/cabinet/13566549/imgrc0121075775.jpg,official_title_release_month,6493ea16f22b3227abcb2568b45310edf410fabad59a99721a4709b62d464073,1000,1160,
HG 1/144 GUNDAM G-LUCIFER,downloaded,HG 1_144 GUNDAM G-LUCIFER__86adfeb5b2.jpg,dalong,Gundam G-Lucifer,https://www.dalong.net/reviews/hg/gs11/gs11_p_e.htm,https://www.dalong.net/reviews/hg/gs11/p/gs11.jpg,exact,bb4e7f278023bb857241b8644230e89154870e714b49392486339f57e9ee1ca6,300,189,
HG 1/144 GUNDAM G-SELF (REFLECTOR PACK EQUIPPED),not_found,,,,,,,,,,bandai_manual: GUNDAM G-SELF (REFLECTOR PACK EQUIPPED) | gunpla_hobby: GUNDAM G-SELF (REFLECTOR PACK EQUIPPED) | dalong: Gundam G Self (Reflector Pack Equipment Type)
HG 1/144 GUNDAM G-SELF ASSAULT PACK,downloaded,HG 1_144 GUNDAM G-SELF ASSAULT PACK__8b0b2baaf8.jpg,dalong,Gundam G-Self Assault Pack,https://www.dalong.net/reviews/hg/gs12/gs12_p_e.htm,https://www.dalong.net/reviews/hg/gs12/p/gs12.jpg,exact,fc5795aa28d39c4272e0c3c34c83323f940ae93cfc25fc472620c4262e320784,300,237,
HG 1/144 GUNDAM G-SELF ATMOSPHERIC PACK,downloaded,HG 1_144 GUNDAM G-SELF ATMOSPHERIC PACK__85c7a6d138.jpg,gunpla_gallery,YG-111 Gundam G-Self Atmospheric Pack,https://gunplagallery.com/kits/590-hg-yg-111-gundam-g-self-atmospheric-pack,https://s3.amazonaws.com/gunplagallery/catalog/590_original_HG_Gundam_G-Self_Atmospheric_Pack_Boxart.jpg,source_model_code_release_month,935f843019112c7d963a714667563cfe57b02ef770acbb23d2e540c69608188e,1000,630,
HG 1/144 GUNDAM G-SELF PERFECT PACK,downloaded,HG 1_144 GUNDAM G-SELF PERFECT PACK__ed2de7bea3.jpg,dalong,Gundam G-Self Perfect Pack,https://www.dalong.net/reviews/hg/gs17/gs17_p_e.htm,https://www.dalong.net/reviews/hg/gs17/p/gs17.jpg,exact,5927a622e30cda8578b434579ad2d07fc1846713049fd906d7e21355e6f607f2,300,189,
HG 1/144 GUNDAM G07,not_found,,,,,,,,,,bandai_manual: GUNDAM G07 | dalong: Gundam G07 | gunpla_hobby: GUNDAM G07
HG 1/144 GUNDAM G40 (Industrial Design Ver.),downloaded,HG 1_144 GUNDAM G40 (Industrial Design Ver.)__a1f8421335.webp,gunpla_wiki,HG Gundam G40 (Industrial Design Ver.),https://gunpla.fandom.com/wiki/HG_Gundam_G40_%28Industrial_Design_Ver.%29,https://static.wikia.nocookie.net/gunplabuilders/images/2/28/HG-Gundam-Industrial-Design-box.jpg/revision/latest?cb=20191218154359,exact,8d2cb81f45d122f2d2a342374d5bcff7dd12821406245425627a86032f49fda6,1200,757,
HG 1/144 GUNDAM GEMINASS 01,downloaded,HG 1_144 GUNDAM GEMINASS 01__ed78ba2d98.jpg,gunpla_hangar,OZX-GU01A Gundam Geminass 01,https://gunplahangar.com/kits/hgac-ozx-gu01a-gundam-geminass-01,https://gunplahangar.com/img/kits/hgac-ozx-gu01a-gundam-geminass-01/box-art-800.jpg,source_model_code_hangar_exact,b833c76d86efe268caff78d07a2b6a4927bdd6a7492176bee0e40515a15769e4,800,506,
HG 1/144 GUNDAM GEMINASS 02,downloaded,HG 1_144 GUNDAM GEMINASS 02__40ba99b5f9.jpg,gunpla_hobby,GUNDAM GEMINASS 02,https://gunpla-hobby.com/gunpla/hg-1-144-1-144-e5f926,https://thumbnail.image.rakuten.co.jp/@0_mall/omatsuri-life2/cabinet/20220519-4/b08tsvctlq.jpg,official_title_release_month,c5f0d53a144ea0e750b308bb6760e4bc13c0eebc4aff55427ae1aea088e34714,350,219,
HG 1/144 GUNDAM GP-02A,downloaded,HG 1_144 GUNDAM GP-02A__ff3c5a3b40.jpg,gunpla_gallery,RX-78GP02A Gundam GP02A,https://gunplagallery.com/kits/676-hg-rx-78gp02a-gundam-gp02a,https://s3.amazonaws.com/gunplagallery/catalog/676_original_HGUC_RX-78-2GP02A_Gundam_Physalis_Boxart.jpg,source_model_code_release_month,d7a8c15fcb28a7a5154208f5a93e7fa66e34c686fdf7d9f32ac2624c31a805a9,3200,2129,
HG 1/144 GUNDAM GREMORY,downloaded,HG 1_144 GUNDAM GREMORY__12c5e78ee4.jpg,dalong,Gundam Gremory,https://www.dalong.net/reviews/ib/ibh42/ibh42_p_e.htm,https://www.dalong.net/reviews/ib/ibh42/p/ibh42.jpg,exact,07a95e4fb90e87c3acc55e920b61a77f03e56d1641ce7d032f31f5a0f51f0c81,1200,750,
HG 1/144 GUNDAM GRIEPE,not_found,,,,,,,,,,bandai_manual: GUNDAM GRIEPE | dalong: Gundam Griepe | gunpla_hobby: GUNDAM GRIEPE
HG 1/144 GUNDAM GROUND TYPE (PARACHUTE PACK),not_found,,,,,,,,,,bandai_manual: GUNDAM GROUND TYPE (PARACHUTE PACK) | dalong: Gundam Ground Type [Parachute Pack] | gunpla_hobby: GUNDAM GROUND TYPE (PARACHUTE PACK)
HG 1/144 GUNDAM GROUND TYPE THE08 MS TEAM,downloaded,HG 1_144 GUNDAM GROUND TYPE THE08 MS TEAM__4ec93610ce.jpg,bandai_manual,GUNDAM GROUND TYPE THE08 MS TEAM,https://manual.bandai-hobby.net/menus/detail/480,https://bandai-hobby.net/images/191_2228_s_lrxv3wae1sl3fpyezdb6e2lcoiap.jpg,official_exact,397f75e7f77fa1a5b749e475e230665c158567fcc9dd06cb1dd78eb3ef4c9347,1200,1200,
HG 1/144 Gundam Ground Type-S(GUNDAM THUNDERBOLT Ver.),downloaded,HG 1_144 Gundam Ground Type-S(GUNDAM THUNDERBOLT Ver.)__81b238d55c.jpg,gunpla_gallery,RX-79[GS] Gundam Ground Type-S (GUNDAM THUNDERBOLT Ver.),https://gunplagallery.com/kits/46877-hg-rx-79-gs-gundam-ground-type-s-gundam-thunderbolt-ver-,https://s3.amazonaws.com/gunplagallery/catalog/46877_original_HG_Gundam_Ground_Type_S.jpg,source_model_code_release_month,3b827b77bfdad1f222d331c340933b88a66f5fb8c2f961085562a3be67b3c247,1202,760,
HG 1/144 GUNDAM GROUND URBAN COMBAT TYPE,downloaded,HG 1_144 GUNDAM GROUND URBAN COMBAT TYPE__fb96b20618.jpg,dalong,Gundam Ground Urban Combat Type,https://www.dalong.net/reviews/bf/bbh07/bbh07_p_e.htm,https://www.dalong.net/reviews/bf/bbh07/p/bbh07.jpg,exact,e38f2af10714ab26c82d00a8b0f295fa0ed0c731404003b197e5eb90bdd06c90,1199,734,
HG 1/144 GUNDAM GUSION,downloaded,HG 1_144 GUNDAM GUSION__007afbd463.jpg,dalong,Gundam Gusion,https://www.dalong.net/reviews/ib/ibh08/ibh08_p_e.htm,https://www.dalong.net/reviews/ib/ibh08/p/ibh08.jpg,exact,b0b95a7e912ded1e615c07e92c1c7c0deaf976ae65524a730aaff0152c548eef,300,191,
HG 1/144 GUNDAM GUSION REBAKE,downloaded,HG 1_144 GUNDAM GUSION REBAKE__170bcd3a98.jpg,dalong,Gundam Gusion Rebake,https://www.dalong.net/reviews/ib/ibh13/ibh13_p_e.htm,https://www.dalong.net/reviews/ib/ibh13/p/ibh13.jpg,exact,0266e65cf5a5bb5280a7eb29500e4b7dfbd1640b6e26dadfa46864e855ef19fc,300,192,
HG 1/144 GUNDAM GUSION REBAKE FULL CITY,downloaded,HG 1_144 GUNDAM GUSION REBAKE FULL CITY__9fc9fa8063.jpg,dalong,Gundam Gusion Rebake Full City,https://www.dalong.net/reviews/ib/ibh23/ibh23_p_e.htm,https://www.dalong.net/reviews/ib/ibh23/p/ibh23.jpg,exact,b8d20a26183ce7b31fa51320eca48741115b43abcdc3ef802e3085b47c6f3768,300,187,
HG 1/144 GUNDAM HAJIROBOSHI,downloaded,HG 1_144 GUNDAM HAJIROBOSHI__e5cc4a4921.jpg,gunpla_gallery,Gundam Hajiroboshi,https://gunplagallery.com/kits/46385-hg-gundam-hajiroboshi,https://s3.amazonaws.com/gunplagallery/catalog/46385_original_HG_Gundam_Hajiroboshi.jpg,exact,98ad5c2ecc1dda66b0d293f3b8b740174746f465cc91c8b2a18ce72c560c8c74,1500,946,
HG 1/144 GUNDAM HAJIROBOSHI 2ND FORM,not_found,,,,,,,,,,bandai_manual: GUNDAM HAJIROBOSHI 2ND FORM | dalong: Gundam Hajiroboshi 2nd Form | gunpla_hobby: GUNDAM HAJIROBOSHI 2ND FORM
HG 1/144 GUNDAM HARUTE,downloaded,HG 1_144 GUNDAM HARUTE__830d8b5c2f.jpg,dalong,Gundam Harute,https://www.dalong.net/reviews/00/0h68/0h68_p_e.htm,https://www.dalong.net/reviews/00/0h68/p/0h68.jpg,exact,1a2df1da674caa433640c2ef0fe2a3ed73faa0bb389274bef82a94747e32255a,291,175,
HG 1/144 GUNDAM HARUTE (FINAL BATTLE Ver.),not_found,,,,,,,,,,bandai_manual: GUNDAM HARUTE (FINAL BATTLE Ver.) | dalong: Gundam Harute (Final Battle Ver.) | gunpla_hobby: GUNDAM HARUTE (FINAL BATTLE Ver.)
HG 1/144 GUNDAM HAZEL TR-1 [HAZEL No.2],downloaded,HG 1_144 GUNDAM HAZEL TR-1 [HAZEL No.2]__789d294198.jpg,gunpla_hobby,GUNDAM HAZEL TR-1 [HAZEL No.2],https://gunpla-hobby.com/gunpla/hg-1-144-rx-121-2-2b9175,https://tshop.r10s.jp/ajimura4861/cabinet/20220447-1/b000hc2ld0.jpg,official_title_release_month,15c61b7525e7a0b4a4676e6a4d22b0aae63ca485b9696628389eb67348b57e3a,350,350,
HG 1/144 GUNDAM HEAVYARMS,downloaded,HG 1_144 GUNDAM HEAVYARMS__ebd947d852.jpg,dalong,Gundam Heavyarms,https://www.dalong.net/reviews/hg/h236/h236_p_e.htm,https://www.dalong.net/reviews/hg/h236/p/h236.jpg,exact,b284058607691eb5ddf2dc3384ea8b199a2db4a0c646c29d1159d79f097a2893,1200,759,
HG 1/144 GUNDAM HEAVYARMS CUSTOM,downloaded,HG 1_144 GUNDAM HEAVYARMS CUSTOM__6dddc157ab.jpg,gunpla_hangar,XXXG-01H2 Gundam Heavyarms Custom,https://gunplahangar.com/kits/hgac-xxxg-01h2-gundam-heavyarms-custom,https://gunplahangar.com/img/kits/hgac-xxxg-01h2-gundam-heavyarms-custom/box-art-800.jpg,source_model_code_hangar_exact,fe02325e4b91fdc5e20072d26b342c94f7c3b1482b6fd8d7040c5e69d2878e45,800,510,
HG 1/144 GUNDAM HEAVYARMS[CLEAR COLOR],not_found,,,,,,,,,,dalong: Gundam ~ Clear Color version | bandai_manual: GUNDAM HEAVYARMS | dalong: Gundam Heavyarms
HG 1/144 GUNDAM HELIOS,downloaded,HG 1_144 GUNDAM HELIOS__d232519a3f.jpg,dalong,Gundam Helios,https://www.dalong.net/reviews/bf/bbh01/bbh01_p_e.htm,https://www.dalong.net/reviews/bf/bbh01/p/bbh01.jpg,exact,976d631516ab746577376c5530e16824804b1e66da82bfff3b20594624d3f5fc,1200,732,
HG 1/144 GUNDAM JIYAN ALTRON,downloaded,HG 1_144 GUNDAM JIYAN ALTRON__f561c103d2.jpg,dalong,Gundam Jiyan Altron,https://www.dalong.net/reviews/bf/bd11/bd11_p_e.htm,https://www.dalong.net/reviews/bf/bd11/p/bd11.jpg,exact,48434161b23fea743516a80e80b2040ed81796d0e76e7d15b4dc2d3e7d0d8718,1200,759,
HG 1/144 GUNDAM JUSTICE KNIGHT,downloaded,HG 1_144 GUNDAM JUSTICE KNIGHT__21f0ba3406.jpg,dalong,Gundam Justice Knight,https://www.dalong.net/reviews/bf/bdr04/bdr04_p_e.htm,https://www.dalong.net/reviews/bf/bdr04/p/bdr04.jpg,exact,6083c41d13bd1d83176792c61ac2e480680c15d8957fc9bced414f148ffdfbdc,1200,762,
HG 1/144 GUNDAM KIMARIS,downloaded,HG 1_144 GUNDAM KIMARIS__d534ee23fb.jpg,dalong,Gundam Kimaris,https://www.dalong.net/reviews/ib/ibh11/ibh11_p_e.htm,https://www.dalong.net/reviews/ib/ibh11/p/ibh11.jpg,exact,793bdfd92a486378109c0a54ea6213bfbe5a096b389c053bc47547599c530042,300,189,
HG 1/144 GUNDAM KIMARIS TROOPER,downloaded,HG 1_144 GUNDAM KIMARIS TROOPER__932a1791f1.jpg,gunpla_gallery,ASW-G-66 Gundam Kimaris Trooper,https://gunplagallery.com/kits/532-hg-asw-g-66-gundam-kimaris-trooper,https://s3.amazonaws.com/gunplagallery/catalog/532_original_HG_1_1-144_Gundam_Kimaris_Trooper.jpg,source_model_code_cross_source,7f5f0c2318613507188be262e875622c9cd33829e3b84f263c8e6481a141b911,640,402,
HG 1/144 GUNDAM KIMARIS VIDAR,downloaded,HG 1_144 GUNDAM KIMARIS VIDAR__69629388ef.jpg,dalong,Gundam Kimaris Vidar,https://www.dalong.net/reviews/ib/ibh35/ibh35_p_e.htm,https://www.dalong.net/reviews/ib/ibh35/p/ibh35.jpg,exact,927f4faf28db79182bf24395ff0e68f9eb81e31c084ec4544b00ab2681f8ab06,300,189,
HG 1/144 GUNDAM KYRIOS,downloaded,HG 1_144 GUNDAM KYRIOS__d56846f345.jpg,gunpla_gallery,GN-003 Gundam Kyrios,https://gunplagallery.com/kits/200-hg-gn-003-gundam-kyrios,https://s3.amazonaws.com/gunplagallery/catalog/200_original_Gundam_Kyrios_Model.jpg,source_model_code_cross_source,11bac8f128483969d6fcb3c366cca84e8e6e7b329ff38c919fa986092b21d691,1024,627,
HG 1/144 GUNDAM L.O.BOOSTER,downloaded,HG 1_144 GUNDAM L.O.BOOSTER__7394140b6d.jpg,gunpla_hobby,GUNDAM L.O.BOOSTER,https://gunpla-hobby.com/gunpla/hg-1-144-1-144-72010c,https://thumbnail.image.rakuten.co.jp/@0_mall/mediaworldkaitoriworld/cabinet/6312/4/cg63124458.jpg,official_title_release_month,e2bb48bc60d117dcf46777c162dccb0d5adca93da7978448a588e2cba38a997d,1000,1000,
HG 1/144 GUNDAM LEGILIS,downloaded,HG 1_144 GUNDAM LEGILIS__751f58e78f.jpg,bandai_manual,GUNDAM LEGILIS,https://manual.bandai-hobby.net/menus/detail/353,https://bandai-hobby.net/images/157_4560_s_4xne15au0qfk3kvvy1z2e83bx0gm.jpg,official_exact,ee261bd673b4dbeb72a1015d711bf24040651026640f30b640207f67b58a50a3,1200,1200,
HG 1/144 GUNDAM LEGILIS〔MEMORY OF EDEN〕,not_found,,,,,,,,,,bandai_manual: GUNDAM LEGILIS〔MEMORY OF EDEN〕 | dalong: Gundam Legilis (Memory of Eden) | gunpla_hobby: GUNDAM LEGILIS〔MEMORY OF EDEN〕
HG 1/144 GUNDAM LEOPARD,downloaded,HG 1_144 GUNDAM LEOPARD__6a808f1dab.jpg,bandai_manual,GUNDAM LEOPARD,https://manual.bandai-hobby.net/menus/detail/5281,https://bandai-hobby.net/images/2805110.jpg,official_exact,84d025f9655488c98cb231486eb9f832549f0cca12655c9d7e7e87e3919182ba,1500,1500,
HG 1/144 GUNDAM LEOPARDO DA VINCI,downloaded,HG 1_144 GUNDAM LEOPARDO DA VINCI__af17b8b4fb.jpg,bandai_manual,GUNDAM LEOPARDO DA VINCI,https://manual.bandai-hobby.net/menus/detail/736,https://bandai-hobby.net/images/156_1357_s_05uucbufbkwj7arbb3kdhye9x9yt.jpg,official_exact,6d128ac8b1a5416de1f1bf796767f1a87dc2763b7d21b88bb3f8e1340ead6088,560,560,
HG 1/144 GUNDAM LFRITH,downloaded,HG 1_144 GUNDAM LFRITH__ce4c6fa525.jpg,dalong,Gundam Lfrith,https://www.dalong.net/reviews/hg/wmh01/wmh01_p_e.htm,https://www.dalong.net/reviews/hg/wmh01/p/wmh01.jpg,exact,ee2c355204dd70cd0272ac6331bdc4e2807c12b5e5dd1b7e8dd18162ac0d6751,1200,778,
HG 1/144 GUNDAM LFRITH PRE-PRODUCTION MODEL,not_found,,,,,,,,,,bandai_manual: GUNDAM LFRITH PRE-PRODUCTION MODEL | gunpla_hobby: GUNDAM LFRITH PRE-PRODUCTION MODEL | dalong: Gundam Lfrith Mass Production Prototype
HG 1/144 GUNDAM LFRITH THORN,downloaded,HG 1_144 GUNDAM LFRITH THORN__5d7f4d9364.jpg,dalong,Gundam Lfrith Thorn,https://www.dalong.net/reviews/hg/wmh18/wmh18_p_e.htm,https://www.dalong.net/reviews/hg/wmh18/p/wmh18.jpg,exact,0f5ed91860ed2c3778146713288b72f9693c2bc7cda58391f275ca8cbf9f543e,1200,759,
HG 1/144 GUNDAM LIGHTNING BLACK WARRIOR,downloaded,HG 1_144 GUNDAM LIGHTNING BLACK WARRIOR__68a6f6c222.jpg,dalong,Gundam Lightning Black Warrior,https://www.dalong.net/reviews/bf/bf61/bf61_p_e.htm,https://www.dalong.net/reviews/bf/bf61/p/bf61.jpg,exact,2787872440c7ba990fd45f30f256a365014cdca464ce6d4e91881c9ff9de9b37,300,190,
HG 1/144 GUNDAM LIVELANCE HEAVEN,downloaded,HG 1_144 GUNDAM LIVELANCE HEAVEN__4db5454db8.jpg,dalong,Gundam Livelance Heaven,https://www.dalong.net/reviews/bf/bbh02/bbh02_p_e.htm,https://www.dalong.net/reviews/bf/bbh02/p/bbh02.jpg,exact,56391509302ff333089232c3be1c1da220449a09e45e671d37bfaa43218c4fda,1200,730,
HG 1/144 GUNDAM LOCAL TYPE,downloaded,HG 1_144 GUNDAM LOCAL TYPE__a92d095b10.png,gunpla_gallery,RX-78-01[N] Gundam Local Type,https://gunplagallery.com/kits/456-hg-rx-78-01-n-gundam-local-type,https://s3.amazonaws.com/gunplagallery/catalog/456_original_HGGOGundamLocalType.png,source_model_code_cross_source,b9af25a32d77c51fc11714d7551a072bc2e102c9dfb8f4be0a59b2d50bf3c679,1492,940,
HG 1/144 GUNDAM LOCAL TYPE (NORTH AMERICAN FRONT),downloaded,HG 1_144 GUNDAM LOCAL TYPE (NORTH AMERICAN FRONT)__89fdaa3c5f.jpg,gunpla_hobby,GUNDAM LOCAL TYPE (NORTH AMERICAN FRONT),https://gunpla-hobby.com/gunpla/hg-1-144-hg-1-144-8e4e5a,https://thumbnail.image.rakuten.co.jp/@0_mall/hsalpha/cabinet/t5/mt6684f9d0d9d61.jpg,official_title_release_month,f734805d07c09df71a5f6b2dd65a8d55387a672fab54a92b499773c9ba487b0d,917,585,
HG 1/144 GUNDAM LOVE PHANTOM,downloaded,HG 1_144 GUNDAM LOVE PHANTOM__a024122fae.jpg,dalong,Gundam Love Phantom,https://www.dalong.net/reviews/bf/bd19/bd19_p_e.htm,https://www.dalong.net/reviews/bf/bd19/p/bd19.jpg,exact,8a66ba7bad7f834ffe79db4433ad8297f9280a8770a5d706db3393b677fead84,1200,732,
HG 1/144 GUNDAM M91,downloaded,HG 1_144 GUNDAM M91__7ec0a8a9db.jpg,gunpla_hobby,GUNDAM M91,https://gunpla-hobby.com/gunpla/hg-1-144-hgbf-1-144-307be4,https://tshop.r10s.jp/crahoby/cabinet/s202306/bd-g-hguc167.jpg,official_title_release_month,50829b2232fffd83929b8c2196ae2f4e5970f142dc2a4011ad78f3ecc5f23d61,800,540,
HG 1/144 GUNDAM MARCHOSIAS,downloaded,HG 1_144 GUNDAM MARCHOSIAS__cfa7c1327f.jpg,dalong,Gundam Marchosias,https://www.dalong.net/reviews/ib/ibh40/ibh40_p_e.htm,https://www.dalong.net/reviews/ib/ibh40/p/ibh40.jpg,exact,d28ab25f65f7edc2dff3a35e8dc501ad779f2ad780f8cf159908a52037dcfe31,1200,756,
HG 1/144 GUNDAM MK-II + FLYING ARMOR,downloaded,HG 1_144 GUNDAM MK-II + FLYING ARMOR__a348797dd5.jpg,dalong,Gundam Mk-II + Flying Armor,https://www.dalong.net/reviews/hg/h53/h53_p_e.htm,https://www.dalong.net/reviews/hg/h53/p/h53.jpg,exact,8965c431d3d3caa577fbf8150ab848e130681230c4fa50f06d503cb053367835,290,179,
HG 1/144 GUNDAM Mk-III,not_found,,,,,,,,,,bandai_manual: GUNDAM Mk-III | dalong: Gundam Mk-III | gunpla_hobby: GUNDAM Mk-III
HG 1/144 GUNDAM NADLEEH,downloaded,HG 1_144 GUNDAM NADLEEH__69e1fe61d3.jpg,gunpla_gallery,GN-004 Gundam Nadleeh,https://gunplagallery.com/kits/211-hg-gn-004-gundam-nadleeh,https://s3.amazonaws.com/gunplagallery/catalog/211_original_Hg00-nadleeh.jpg,source_model_code_cross_source,c41dbf1963baadffaf746008aecac8fe53355464a747e2f0096f552fb7afecd4,1500,946,
HG 1/144 GUNDAM NAION,not_found,,,,,,,,,,bandai_manual: GUNDAM NAION | dalong: Gundam Naion | gunpla_hobby: GUNDAM NAION
HG 1/144 GUNDAM NT-1,downloaded,HG 1_144 GUNDAM NT-1__94920c53b0.jpg,dalong,Gundam NT-1,https://www.dalong.net/reviews/hg/h47/h47_p_e.htm,https://www.dalong.net/reviews/hg/h47/p/h47.jpg,exact,160758c6e98638cc6718c42f2cc0a214d381ffc66cff878a5d597afb0e23a12e,290,176,
HG 1/144 GUNDAM OO SHIA QAN[T],downloaded,HG 1_144 GUNDAM OO SHIA QAN[T]__66ccaae94e.jpg,dalong,Gundam OO Shia QAN[T],https://www.dalong.net/reviews/bf/bf49/bf49_p_e.htm,https://www.dalong.net/reviews/bf/bf49/p/bf49.jpg,exact,66a13317acceacd9766213663aceb2959b4d1d3fd07d81c69ddfed63d27547d6,300,189,
HG 1/144 GUNDAM OPERATION V,downloaded,HG 1_144 GUNDAM OPERATION V__46e5aee0b6.jpg,bandai_manual,GUNDAM OPERATION V,https://manual.bandai-hobby.net/menus/detail/991,https://bandai-hobby.net/images/155_214_s_aqen5sc0pzp6tx3huhd2p8qmqihk.jpg,official_exact,95d3aedc402b3d2a8a721bf00a85c5ce541570c3d8b67e856a2a54c4df9f820a,1200,1200,
HG 1/144 GUNDAM PERFECT STRIKE FREEDOM,downloaded,HG 1_144 GUNDAM PERFECT STRIKE FREEDOM__ef3c017ef9.jpg,dalong,Gundam Perfect Strike Freedom,https://www.dalong.net/reviews/bf/bbh03/bbh03_p_e.htm,https://www.dalong.net/reviews/bf/bbh03/p/bbh03.jpg,exact,7339125fff8558b97ba233541211373df50544a7873d431440ea1743f4535b91,1200,726,
HG 1/144 GUNDAM PLUTONE,not_found,,,,,,,,,,bandai_manual: GUNDAM PLUTONE | dalong: Gundam Plutone | gunpla_hobby: GUNDAM PLUTONE
HG 1/144 GUNDAM PORTENT,downloaded,HG 1_144 GUNDAM PORTENT__f9dd213e55.jpg,dalong,Gundam Portent,https://www.dalong.net/reviews/bf/bf31/bf31_p_e.htm,https://www.dalong.net/reviews/bf/bf31/p/bf31.jpg,exact,865d67fcc64e4460f22eed5ba6ea3fcb6fd399a45a08dd72de2915f3ba6e0a32,300,189,
HG 1/144 GUNDAM SANDROCK,downloaded,HG 1_144 GUNDAM SANDROCK__2c537f4859.jpg,dalong,Gundam Sandrock,https://www.dalong.net/reviews/hg/h228/h228_p_e.htm,https://www.dalong.net/reviews/hg/h228/p/h228.jpg,exact,a40a9e49550764d4d89ba33769dfc743c04a8def7e514b1e22ba8be42f5eabe9,1200,753,
HG 1/144 GUNDAM SANDROCK CUSTOM,downloaded,HG 1_144 GUNDAM SANDROCK CUSTOM__f06c0b894d.jpg,gunpla_hangar,XXXG-01SR2 Gundam Sandrock Custom,https://gunplahangar.com/kits/hgac-xxxg-01sr2-gundam-sandrock-custom,https://gunplahangar.com/img/kits/hgac-xxxg-01sr2-gundam-sandrock-custom/box-art-800.jpg,source_model_code_hangar_exact,39d270f89aee0036cdd45418dad5b82fa7618f7968ea6557dd373cc3a6552c88,800,503,
HG 1/144 GUNDAM SANDROCK[CLEAR COLOR],not_found,,,,,,,,,,dalong: Gundam ~ Clear Color version | bandai_manual: GUNDAM SANDROCK | dalong: Gundam Sandrock
HG 1/144 GUNDAM SCHWARZRITTER,downloaded,HG 1_144 GUNDAM SCHWARZRITTER__19df55cfc3.jpg,dalong,Gundam Schwarzritter,https://www.dalong.net/reviews/bf/bf55/bf55_p_e.htm,https://www.dalong.net/reviews/bf/bf55/p/bf55.jpg,exact,f47e90ba5d11e621d6776d96f03a4fc66b88e04e1f848a331c21f7d1621b42f8,300,187,
HG 1/144 GUNDAM SELTSAM,downloaded,HG 1_144 GUNDAM SELTSAM__14411f1d1f.jpg,dalong,Gundam Seltsam,https://www.dalong.net/reviews/bf/bdr09/bdr09_p_e.htm,https://www.dalong.net/reviews/bf/bdr09/p/bdr09.jpg,exact,bf6b61f3ccfccfa3d6ceb7f8abe1b05fba695776e9401584336cf7a6fc68ba6d,1200,754,
HG 1/144 GUNDAM SHINING BREAK,downloaded,HG 1_144 GUNDAM SHINING BREAK__73aab1d90b.jpg,dalong,Gundam Shining Break,https://www.dalong.net/reviews/bf/bd22/bd22_p_e.htm,https://www.dalong.net/reviews/bf/bd22/p/bd22.jpg,exact,035e7f498893cf65655bdd6dd2491e63dd4ead18c914b64890c9b8012641c30f,1200,756,
HG 1/144 GUNDAM SHINING BREAK(BEFORE),not_found,,,,,,,,,,bandai_manual: GUNDAM SHINING BREAK(BEFORE) | dalong: Gundam Shining Break (Before) | bandai_manual: GUNDAM SHINING BREAK
HG 1/144 GUNDAM THE END,downloaded,HG 1_144 GUNDAM THE END__43f5616811.jpg,dalong,Gundam The End,https://www.dalong.net/reviews/bf/bf36/bf36_p_e.htm,https://www.dalong.net/reviews/bf/bf36/p/bf36.jpg,exact,d073bd198d609818c0246b42015345ac2fd97e8bed730b0c72ed235dc54af137,300,189,
HG 1/144 GUNDAM THRONE DREI,downloaded,HG 1_144 GUNDAM THRONE DREI__d823901808.jpg,dalong,Gundam Throne Drei,https://www.dalong.net/reviews/00/0h14/0h14_p_e.htm,https://www.dalong.net/reviews/00/0h14/p/0h14.jpg,exact,3c5200f2ccd293f5bba7a423f67ff9108764a0f79c44d0786f776263559b81ac,292,179,
HG 1/144 GUNDAM THRONE EINS,downloaded,HG 1_144 GUNDAM THRONE EINS__d65476c904.jpg,dalong,Gundam Throne Eins,https://www.dalong.net/reviews/00/0h09/0h09_p_e.htm,https://www.dalong.net/reviews/00/0h09/p/0h09.jpg,exact,ad0ccb655b9f8731b69488a00ae92d8af5dd5646eaa061fc9522bcc3a9980bd1,290,181,
HG 1/144 GUNDAM THRONE ZWEI,downloaded,HG 1_144 GUNDAM THRONE ZWEI__b8827d0783.jpg,dalong,Gundam Throne Zwei,https://www.dalong.net/reviews/00/0h12/0h12_p_e.htm,https://www.dalong.net/reviews/00/0h12/p/0h12.jpg,exact,e044bfe35c2ace0a6cf7ab9f6a9bc7df0105946e40ded4d5977bed46f5e692ab,292,178,
HG 1/144 GUNDAM TR-1 [ADVANCED HAZEL] & EXPANSION PARTS for GUNDAM TR-6,not_found,,,,,,,,,,bandai_manual: GUNDAM TR-1 [ADVANCED HAZEL] & EXPANSION PARTS for GUNDAM TR-6 | dalong: Gundam TR-1 [Advanced Hazel] Expansion Parts for Gundam TR-6 | bandai_manual: GUNDAM TR-1 [HAZEL CUSTOM] & EXPANSION PARTS for GUNDAM TR-6
HG 1/144 GUNDAM TR-1 [HAZEL CUSTOM] & EXPANSION PARTS for GUNDAM TR-6,not_found,,,,,,,,,,bandai_manual: GUNDAM TR-1 [HAZEL CUSTOM] & EXPANSION PARTS for GUNDAM TR-6 | dalong: Gundam TR-1 [Hazel Custom] Expansion Parts for Gundam TR-6 | bandai_manual: GUNDAM TR-1 [ADVANCED HAZEL] & EXPANSION PARTS for GUNDAM TR-6
"HG 1/144 GUNDAM TR-1 [HAZEL CUSTOM]with FLYING UNIT “ICARUS""(ADVANCE OF Z THE FLAG OF TITANS)",not_found,,,,,,,,,,"bandai_manual: GUNDAM TR-1 [HAZEL CUSTOM]with FLYING UNIT “ICARUS""(ADVANCE OF Z THE FLAG OF TITANS) | gunpla_hobby: GUNDAM TR-1 [HAZEL CUSTOM]with FLYING UNIT “ICARUS""(ADVANCE OF Z THE FLAG OF TITANS) | dalong: Gundam TR-1 [Hazel Custom] with Flying Unit ""ICARUS"""
HG 1/144 GUNDAM TR-1 [HAZEL OWSLA][GIGANTIC ARM UNIT],downloaded,HG 1_144 GUNDAM TR-1 [HAZEL OWSLA][GIGANTIC ARM UNIT]__1d68af320b.jpg,gunpla_hobby,GUNDAM TR-1 [HAZEL OWSLA][GIGANTIC ARM UNIT],https://gunpla-hobby.com/gunpla/hg-1-144-1-144-tr-1-298f50,https://tshop.r10s.jp/diomart/cabinet/diopic/systempic793/dio-09x6fq44k1.jpg,official_title_release_month,85847f4afceb1593eb14168c996dfe230a9664a4416342186af35cbe0ea96ff8,500,399,
HG 1/144 GUNDAM TR-1 [HAZE’N-THLEY RAH II] (ADVANCE OF Z THE FLAG OF TITANS),not_found,,,,,,,,,,bandai_manual: GUNDAM TR-1 [HAZE’N-THLEY RAH II] (ADVANCE OF Z THE FLAG OF TITANS) | gunpla_hobby: GUNDAM TR-1 [HAZE’N-THLEY RAH II] (ADVANCE OF Z THE FLAG OF TITANS) | bandai_manual: GUNDAM TR-6 [HAZE’N-THLEYII RAH](ADVANCE OF Z THE FLAG OF TITANS)
HG 1/144 GUNDAM TR-6 [BARZAMII] RE-ZEON CAPTURED (A.O.Z RE-BOOT Ver.),not_found,,,,,,,,,,bandai_manual: GUNDAM TR-6 [BARZAMII] RE-ZEON CAPTURED (A.O.Z RE-BOOT Ver.) | gunpla_hobby: GUNDAM TR-6 [BARZAMII] RE-ZEON CAPTURED (A.O.Z RE-BOOT Ver.) | dalong: Gundam TR-6 [Barzam II] ReZeon Captured (A.O.Z Re-boot Ver.)
HG 1/144 GUNDAM TR-6 [HAZE’N-THLEYII RAH](ADVANCE OF Z THE FLAG OF TITANS),not_found,,,,,,,,,,bandai_manual: GUNDAM TR-6 [HAZE’N-THLEYII RAH](ADVANCE OF Z THE FLAG OF TITANS) | gunpla_hobby: GUNDAM TR-6 [HAZE’N-THLEYII RAH](ADVANCE OF Z THE FLAG OF TITANS) | bandai_manual: GUNDAM TR-6 [HAZE’N-THLEYII] (ADVANCE OF Z THE FLAG OF TITANS)
HG 1/144 GUNDAM TR-6 [HAZE’N-THLEYII] (ADVANCE OF Z THE FLAG OF TITANS),downloaded,HG 1_144 GUNDAM TR-6 [HAZE’N-THLEYII] (ADVANCE OF Z THE FLAG OF TITANS)__4b609f11c9.jpg,gunpla_hobby,GUNDAM TR-6 [HAZE’N-THLEYII] (ADVANCE OF Z THE FLAG OF TITANS),https://gunpla-hobby.com/gunpla/hg-1-144-1-144-advance-of-z-e1e5e1,https://tshop.r10s.jp/iinex/cabinet/nh20260211-20/nhb07z9sgr49.jpg,official_title_release_month,277c50e15713ed6bf9a7f6c4aa949a6c05404f3d66e712ba43a5715f9d884b10,350,277,
HG 1/144 GUNDAM TR-6 [KEHAARII] (ADVANCE OF Z THE FLAG OF TITANS),downloaded,HG 1_144 GUNDAM TR-6 [KEHAARII] (ADVANCE OF Z THE FLAG OF TITANS)__8b02463a32.jpg,gunpla_hobby,GUNDAM TR-6 [KEHAARII] (ADVANCE OF Z THE FLAG OF TITANS),https://gunpla-hobby.com/gunpla/hg-1-144-1-144-ii-advance-of--c3b5e0,https://tshop.r10s.jp/pippi-store/cabinet/12168388/26831515_0.jpg,official_title_release_month,1d09f2e8acfa46f8a3e7675e25b793291acb2a6096e572e2efc6c8c82151e183,800,513,
HG 1/144 GUNDAM TR-6 [WONDWORT],not_found,,,,,,,,,,bandai_manual: GUNDAM TR-6 [WONDWART] | gunpla_hobby: GUNDAM TR-6 [WONDWART] | dalong: Gundam TR-6 [Woundwort]
HG 1/144 GUNDAM TR-6 [WOUNDWORT] PSYCHO-BLADE CUSTOM (A.O.Z RE-BOOT Ver.),downloaded,HG 1_144 GUNDAM TR-6 [WOUNDWORT] PSYCHO-BLADE CUSTOM (A.O.Z RE-BOOT Ver.)__bcd9241767.jpg,gunpla_hobby,GUNDAM TR-6 [WOUNDWORT] PSYCHO-BLADE CUSTOM (A.O.Z RE-BOOT Ver.),https://gunpla-hobby.com/gunpla/hg-1-144-1-144-tr-6-a-o-z-re--aa4901,https://thumbnail.image.rakuten.co.jp/@0_mall/bontan108/cabinet/r_2024111129/20241112153209_104_1.jpg,official_title_release_month,948ff71c7919dc0107e1d3ddada389fc2d615e2bb4477abcce2a97ed475f8e3e,1500,918,
HG 1/144 GUNDAM TR-6[HAZELII],not_found,,,,,,,,,,bandai_manual: GUNDAM TR-6[HAZELII] | gunpla_hobby: GUNDAM TR-6[HAZELII] | dalong: Gundam TR-6 [Hazel II]
HG 1/144 GUNDAM TRYON 3,downloaded,HG 1_144 GUNDAM TRYON 3__fc45cf0dd3.jpg,gunpla_gallery,最強機動 Gundam Tryon 3,https://gunplagallery.com/kits/102-hg-%E6%9C%80%E5%BC%B7%E6%A9%9F%E5%8B%95-gundam-tryon-3,https://s3.amazonaws.com/gunplagallery/catalog/102_original_Hg_Gundam_Tryon_3.jpg,exact,db3b5c02db0ccb1118dd6d5dca71c1cd9491df8fb1fb3b52e4a5f3eed8aa38aa,800,505,
HG 1/144 GUNDAM VIDAR,downloaded,HG 1_144 GUNDAM VIDAR__5448597a97.jpg,gunpla_hobby,GUNDAM VIDAR,https://gunpla-hobby.com/gunpla/hg-1-144-hg-1-144-a96abc,https://thumbnail.image.rakuten.co.jp/@0_mall/attobooks-hirakata/cabinet/compass1722938409.jpg,official_title_release_month,bfd1387bee886431c8da9896e5c3dc737165c2cd47b60aa726a3273703cccdd6,1200,1200,
HG 1/144 GUNDAM VIRSAGO,not_found,,,,,,,,,,dalong: Gundam | dalong: Gundam | dalong: Gundam
HG 1/144 GUNDAM VIRTUE,downloaded,HG 1_144 GUNDAM VIRTUE__7488e80535.jpg,gunpla_gallery,GN-005 Gundam Virtue,https://gunplagallery.com/kits/202-hg-gn-005-gundam-virtue,https://s3.amazonaws.com/gunplagallery/catalog/202_original_Hg00-virtue.jpg,source_model_code_cross_source,b80533f47ce25a2f1915b7f7e34858a56a3a4a745312e9d4dc03e55960bfdc72,1024,628,
HG 1/144 GUNDAM VUAL,downloaded,HG 1_144 GUNDAM VUAL__9da58d041f.jpg,dalong,Gundam Vual,https://www.dalong.net/reviews/ib/ibh37/ibh37_p_e.htm,https://www.dalong.net/reviews/ib/ibh37/p/ibh37.jpg,exact,5ebcd201d80660f67154da6cfbfcf571df169a7889ae12206989b460dabfa640,300,188,
HG 1/144 GUNDAM X,downloaded,HG 1_144 GUNDAM X__0788fb6cda.jpg,dalong,Gundam X,https://www.dalong.net/reviews/hg/h109/h109_p_e.htm,https://www.dalong.net/reviews/hg/h109/p/h109.jpg,exact,591299ef76681ecab1ad0c41f98d796b20b4a0bdb87c3c7c8d9d2366b4977a2e,287,177,
HG 1/144 GUNDAM X D.V.,downloaded,HG 1_144 GUNDAM X D.V__f537d2f694.jpg,bandai_manual,GUNDAM X D.V.,https://manual.bandai-hobby.net/menus/detail/844,https://bandai-hobby.net/images/156_2712_s_z8yncn95q42um93bg8i9fr9bkkje.jpg,official_exact,08b51f30c33dfec1dd0bc034d546912c83e35df5e364fd635a830fcf85069d2f,1200,1200,
HG 1/144 GUNDAM X JUMAOH,not_found,,,,,,,,,,bandai_manual: GUNDAM X JUMAOH | dalong: Gundam X Jumaoh | gunpla_hobby: GUNDAM X JUMAOH
HG 1/144 GUNDAM X MAOU,downloaded,HG 1_144 GUNDAM X MAOU__94f9f960de.jpg,gunpla_hobby,GUNDAM X MAOU,https://gunpla-hobby.com/gunpla/hg-1-144-hg-1-144-x-45d50a,https://thumbnail.image.rakuten.co.jp/@0_mall/mediaworldkaitoriworld/cabinet/6315/5/cg63155800.jpg,official_title_release_month,4adf80ec580a32754f92dfdf9f78ab27f4e57b69457ef83f421508f1510c6f0b,1600,1600,
HG 1/144 GUNDAM ZABANYA,downloaded,HG 1_144 GUNDAM ZABANYA__e9365ebea1.jpg,dalong,Gundam Zabanya,https://www.dalong.net/reviews/00/0h67/0h67_p_e.htm,https://www.dalong.net/reviews/00/0h67/p/0h67.jpg,exact,d8326cc9082db996e757266ea0f4045ef78b081c1ba808849204e25f77da9329,290,177,
HG 1/144 GUNDAM ZABANYA (FINAL BATTLE Ver.),not_found,,,,,,,,,,bandai_manual: GUNDAM ZABANYA (FINAL BATTLE Ver.) | dalong: Gundam Zabanya (Final Battle Ver.) | bandai_manual: GUNDAM HARUTE (FINAL BATTLE Ver.)
HG 1/144 GUNDAM ZERACHIEL,downloaded,HG 1_144 GUNDAM ZERACHIEL__ddfb61846f.jpg,dalong,Gundam Zerachiel,https://www.dalong.net/reviews/bf/bd27/bd27_p_e.htm,https://www.dalong.net/reviews/bf/bd27/p/bd27.jpg,exact,f8757be90d0fbdf0f3104ef979efdef4005b95913d45a7840c905ed573c45d48,1200,772,
HG 1/144 GUNDNODE,not_found,,,,,,,,,,bandai_manual: GUNDNODE | dalong: Gundnode | gunpla_hobby: GUNDNODE
HG 1/144 GUNPLA BATTLE ARM ARMS,downloaded,HG 1_144 GUNPLA BATTLE ARM ARMS__96576a119e.jpg,dalong,Gunpla Battle Arm Arms,https://www.dalong.net/reviews/bf/bc10/bc10_p_e.htm,https://www.dalong.net/reviews/bf/bc10/p/bc10.jpg,exact,f15842089ec34bbedabf1372f62ba2b6df1e9f07e5b8ad1be6f78f7a35d55c3c,238,300,
HG 1/144 GUNPLA STARTER SET,downloaded,HG 1_144 GUNPLA STARTER SET__4145af4a67.jpg,gunpla_hangar,Gunpla Starter Set,https://gunplahangar.com/kits/hguc-gunpla-starter-set,https://gunplahangar.com/img/kits/hguc-gunpla-starter-set/box-art-800.jpg,exact,f1dc61998d74b3e65b717e8c795385fdece77c082a4a66f2d86f93ad263e9691,600,368,
HG 1/144 GUNPLA STARTER SET vol.2,downloaded,HG 1_144 GUNPLA STARTER SET vol.2__2d60c9e2c4.webp,gunpla_wiki,HG Gunpla Starter Set Vol.2,https://gunpla.fandom.com/wiki/HG_Gunpla_Starter_Set_Vol.2,https://static.wikia.nocookie.net/gunplabuilders/images/0/04/Gunpla_Starter_Set_vol_2_Box_Art.jpg/revision/latest?cb=20171002155800,exact,62c87f26cda6ef7d6b6a7c718f171716bac2f3d9e20d48f4d75b6aa5b82ff56a,1500,944,
HG 1/144 GUNTANK,downloaded,HG 1_144 GUNTANK__2da8bc15e6.jpg,dalong,Guntank,https://www.dalong.net/reviews/hg/h07/h07_p_e.htm,https://www.dalong.net/reviews/hg/h07/p/h07.jpg,exact,46cd2b39705b7d8165d8238c07bd41776d79a756e3bd1f734a6f047f246029ba,290,213,
HG 1/144 GUNTANK EARLY TYPE,downloaded,HG 1_144 GUNTANK EARLY TYPE__07aa2ea297.jpg,dalong,Guntank Early Type,https://www.dalong.net/reviews/hg/ho02/ho02_p_e.htm,https://www.dalong.net/reviews/hg/ho02/p/ho02.jpg,exact,3748439970a057975f34de2a4c3daeaf18b54edb1b63f015ed6385dc1d6453f1,300,189,
HG 1/144 GUSTAV KARL (UNICORN Ver.),downloaded,HG 1_144 GUSTAV KARL (UNICORN Ver.)__b88dbdf3e1.jpg,dalong,Gustav Karl [Unicorn Ver.],https://www.dalong.net/reviews/hg/h221/h221_p_e.htm,https://www.dalong.net/reviews/hg/h221/p/h221.jpg,exact,ce4b97399785688dcdebf080c6581468a3dde56001e1953856b4585304b90cca,1200,752,
HG 1/144 GUSTAV KARL TYPE-00,downloaded,HG 1_144 GUSTAV KARL TYPE-00__846972ccaa.jpg,dalong,Gustav Karl Type-00,https://www.dalong.net/reviews/hg/h264/h264_p_e.htm,https://www.dalong.net/reviews/hg/h264/p/h264.jpg,exact,1fc1472e98d0e01ce2b16f1359f6e70cfab0333c7c6155c4b2569af0d9bf5687,1200,770,
HG 1/144 GYAN,not_found,,,,,,,,,,bandai_manual: GYAN | bandai_manual: GYAN | dalong: Gyan
HG 1/144 GYAN Strom (HILDA HAKEN CUSTOM),not_found,,,,,,,,,,bandai_manual: GYAN Strom (HILDA HAKEN CUSTOM) | dalong: Gyan Strom (Hilda Haken Custom) | gunpla_hobby: GYAN Strom (HILDA HAKEN CUSTOM)
HG 1/144 GYANCELOT,downloaded,HG 1_144 GYANCELOT__032be03437.jpg,dalong,Gyancelot,https://www.dalong.net/reviews/bf/bf46/bf46_p_e.htm,https://www.dalong.net/reviews/bf/bf46/p/bf46.jpg,exact,2bfa3aa6c4080ffca246451729191f7e8361d3b637e909e2681dd652b7c2986b,300,190,
HG 1/144 HAMBRABI,downloaded,HG 1_144 HAMBRABI__96a9d1c2bb.jpg,dalong,Hambrabi,https://www.dalong.net/reviews/hg/h145/h145_p_e.htm,https://www.dalong.net/reviews/hg/h145/p/h145.jpg,exact,5012ca9271391945211c6a12980ab434feee00529fc0a76db5c5ea2940226099,300,185,
HG 1/144 HAMBRABI SUBAN,not_found,,,,,,,,,,bandai_manual: HAMBRABI SUBAN | dalong: Hambrabi Suban | bandai_manual: HAMBRABI
HG 1/144 HAMBRABI(GQ),downloaded,HG 1_144 HAMBRABI(GQ)__3191bb4e38.jpg,dalong,Hambrabi(GQ),https://www.dalong.net/reviews/hg/hgq15/hgq15_p_e.htm,https://www.dalong.net/reviews/hg/hgq15/p/hgq15.jpg,exact,10c0d4626544af3b10aa5f62c646dad931ab460fb908317c83942d49a5fb4136,1500,936,
HG 1/144 HAZEL CUSTOM,downloaded,HG 1_144 HAZEL CUSTOM__9abba7ed57.jpg,bandai_manual,HAZEL CUSTOM,https://manual.bandai-hobby.net/menus/detail/248,https://bandai-hobby.net/images/158_584_s_myjfbrvd94bvbvfkqv1p0uee55j0.jpg,official_exact,d2a63c17b708f0e7b501480b8eb267f0ff453eab7e7e7aa9d3b66afde344b95e,1200,1200,
HG 1/144 HAZEL HIGH MANEUVER,downloaded,HG 1_144 HAZEL HIGH MANEUVER__275096b000.jpg,bandai_manual,HAZEL HIGH MANEUVER,https://manual.bandai-hobby.net/menus/detail/250,https://bandai-hobby.net/images/156_603_s_ovnimexiv7tqmakfnqgyx3kvmagw.jpg,official_exact,532faea8305a80b15474f04ffde0a99103b942eac8c8e2f86b38d79911fee482,1200,1200,
HG 1/144 HEINDREE,downloaded,HG 1_144 HEINDREE__9753012005.jpg,dalong,Heindree,https://www.dalong.net/reviews/hg/wmh16/wmh16_p_e.htm,https://www.dalong.net/reviews/hg/wmh16/p/wmh16.jpg,exact,f2da709b142ec9d090fa5720ed173b4e516eaf20bccb0850e44bc75cdb46d5ab,1200,808,
HG 1/144 HEINDREE STURM,downloaded,HG 1_144 HEINDREE STURM__b52df12a62.jpg,dalong,Heindree Sturm,https://www.dalong.net/reviews/hg/wmh22/wmh22_p_e.htm,https://www.dalong.net/reviews/hg/wmh22/p/wmh22.jpg,exact,8d81183d4e24adbd9f75e3c2299ca59866cf40ed04a19c0d6b9df6351eeb7e9d,1200,768,
HG 1/144 HEINGRA,downloaded,HG 1_144 HEINGRA__554a9f6426.jpg,gunpla_hobby,HEINGRA,https://gunpla-hobby.com/gunpla/hg-1-144-1-144-ecc9bd,https://tshop.r10s.jp/hsalpha/cabinet/t13/4573102665768-bn.jpg,official_title_release_month,1c90abb0b801cd85175bbe3fdd6b81a65c6122093f73482af62f98dbd84372a8,1800,1139,
HG 1/144 HEKIJA,downloaded,HG 1_144 HEKIJA__a68ddc7239.jpg,dalong,Hekija,https://www.dalong.net/reviews/ib/ibh30/ibh30_p_e.htm,https://www.dalong.net/reviews/ib/ibh30/p/ibh30.jpg,exact,5d2fce832ccc148f76a2dc367cf3b819de97f2082a63ed2dfc69bbccd32a63c1,300,190,
HG 1/144 HELMWIGE REINCAR,downloaded,HG 1_144 HELMWIGE REINCAR__7deca5fa0c.jpg,gunpla_gallery,V08Re-0526 Helmwige Reincar,https://gunplagallery.com/kits/546-hg-v08re-0526-helmwige-reincar,https://s3.amazonaws.com/gunplagallery/catalog/546_original_HGIBO-HelmwigeReincar.jpg,source_model_code_cross_source,0ef5056687346022a99320c2f3e85a23332bc20e7e4519a3a17a9f34a9c9d608,1200,758,
HG 1/144 HI-MOCK,downloaded,HG 1_144 HI-MOCK__fee5bc662b.jpg,gunpla_gallery,Hi-Mock,https://gunplagallery.com/kits/94-hg-hi-mock,https://s3.amazonaws.com/gunplagallery/catalog/94_original_Hi-Mock_Boxart.jpg,exact,0dcfe48212d8feb31cb7888c35112d4a7c51d5cf4f00fe64f9e13574886352fd,1500,946,
HG 1/144 Hi-NU GUNDAM VRABE,downloaded,HG 1_144 Hi-NU GUNDAM VRABE__c8bb1ff467.jpg,dalong,Hi-nu Gundam Vrabe,https://www.dalong.net/reviews/bf/bf29/bf29_p_e.htm,https://www.dalong.net/reviews/bf/bf29/p/bf29.jpg,exact,4c54c4e6a6a607654b56364a554ee6be9fb421423f3f4f0ba9bdcaa182e96381,300,184,
HG 1/144 Hi-vGUNDAM INFLUX,not_found,,,,,,,,,,bandai_manual: Hi-vGUNDAM INFLUX | gunpla_hobby: Hi-vGUNDAM INFLUX | dalong: Hi-Nu Gundam Influx
HG 1/144 HI-ZACK,downloaded,HG 1_144 HI-ZACK__e0fc5bb5eb.jpg,dalong,Hi-Zack,https://www.dalong.net/reviews/hg/h12/h12_p_e.htm,https://www.dalong.net/reviews/hg/h12/p/h12.jpg,exact,8c44432e67f16a83c66e1c7a14329760ccd67f22037195b8778056b1c9a4c408,289,187,
HG 1/144 HI-ZACK (EARTH FEDERATION),downloaded,HG 1_144 HI-ZACK (EARTH FEDERATION)__a6981827b6.jpg,gunpla_hobby,HI-ZACK (EARTH FEDERATION),https://gunpla-hobby.com/gunpla/hg-1-144-rms-106-d7218f,https://thumbnail.image.rakuten.co.jp/@0_mall/auc-esmile/cabinet/03842978/imgrc0147542839.jpg,official_title_release_month,2a0234a9d648f2831d9926db72748f403003a8e7b9f1bd69f223d028c84924e5,1320,890,
HG 1/144 HI-ZACK CUSTOM (A.O.Z RE-BOOT Ver.),not_found,,,,,,,,,,bandai_manual: HI-ZACK CUSTOM (A.O.Z RE-BOOT Ver.) | gunpla_hobby: HI-ZACK CUSTOM (A.O.Z RE-BOOT Ver.) | dalong: Hi-Zack Custom (A.O.Z. Re-Boot)
HG 1/144 Hi-νGUNDAM,downloaded,HG 1_144 Hi-νGUNDAM__b2a8404349.jpg,dalong,Hi-Nu Gundam,https://www.dalong.net/reviews/hg/h95/h95_p_e.htm,https://www.dalong.net/reviews/hg/h95/p/h95.jpg,exact,c6646b5d2e5a3b5b85d4efdbdaf2441fcd2a8eb94549ea038266e5c5dc0dab04,289,177,
HG 1/144 Hiling Care's GARAZZO,downloaded,HG 1_144 Hiling Care's GARAZZO__b61225a640.jpg,dalong,Hiling Care's Garazzo,https://www.dalong.net/reviews/00/0h47/0h47_p_e.htm,https://www.dalong.net/reviews/00/0h47/p/0h47.jpg,exact,e77688510dcd5c912ece8c9092e26cab23383231bdcee9663438b897757ef73f,291,176,
HG 1/144 HUGO,downloaded,HG 1_144 HUGO__fba53649c7.jpg,dalong,Hugo,https://www.dalong.net/reviews/ib/ibh22/ibh22_p_e.htm,https://www.dalong.net/reviews/ib/ibh22/p/ibh22.jpg,exact,899f8e34a30fca53427267839934bcb4e9ce38ac45567c4af5b1eeeee18a6099,300,191,
HG 1/144 HUGO TWIN SET,not_found,,,,,,,,,,bandai_manual: HUGO TWIN SET | dalong: Hugo (Twin Set) | gunpla_hobby: HUGO TWIN SET
HG 1/144 HY-GOGG,downloaded,HG 1_144 HY-GOGG__7fb530b476.jpg,dalong,Hy-Gogg,https://www.dalong.net/reviews/hg/h37/h37_p_e.htm,https://www.dalong.net/reviews/hg/h37/p/h37.jpg,exact,16a0f44f7890fcaf43fbbf3462b015f32286ea2e0d6d509b9d10e99d9a107246,289,176,
HG 1/144 HYAKU-SHIKI,not_found,,,,,,,,,,bandai_manual: HYAKU-SHIKI | bandai_manual: HYAKU-SHIKI | dalong: Hyaku-Shiki
HG 1/144 HYAKU-SHIKI+ MEGABAZOOKALAUNCHER,downloaded,HG 1_144 HYAKU-SHIKI+ MEGABAZOOKALAUNCHER__b6e3403c45.jpg,dalong,Hyaku-Shiki + Mega Bazooka Launcher,https://www.dalong.net/reviews/hg/h48/h48_p_e.htm,https://www.dalong.net/reviews/hg/h48/p/h48.jpg,exact,bfdb592f6fea5efd3381f7ae6a986d5f98f9028667d150e3751841c4540fbceb,289,186,
HG 1/144 HYAKUREN,downloaded,HG 1_144 HYAKUREN__b505b99749.jpg,dalong,Hyakuren,https://www.dalong.net/reviews/ib/ibh06/ibh06_p_e.htm,https://www.dalong.net/reviews/ib/ibh06/p/ibh06.jpg,exact,aec2c52fdd4d84c6b92cd6b4df3a14959aa789c2339547da3f9c933cea3d78df,300,192,
HG 1/144 HYAKURI,downloaded,HG 1_144 HYAKURI__19265e8537.jpg,dalong,Hyakuri,https://www.dalong.net/reviews/ib/ibh05/ibh05_p_e.htm,https://www.dalong.net/reviews/ib/ibh05/p/ibh05.jpg,exact,18047d7e2c0c087da058d1a6c3b2d5d4af0d8e6b252d3cfffa785833524f1d8c,300,192,
HG 1/144 HYPER GYANKO,downloaded,HG 1_144 HYPER GYANKO__d55f605370.jpg,dalong,Hyper Gyanko,https://www.dalong.net/reviews/bf/bf60/bf60_p_e.htm,https://www.dalong.net/reviews/bf/bf60/p/bf60.jpg,exact,b4af4206c862a507acb92358cd093326559d10806613b6c3f8a54eb0f57f18ac,300,183,
HG 1/144 II NEO ZEONG (NARRATIVE Ver.),not_found,,,,,,,,,,bandai_manual: II NEO ZEONG (NARRATIVE Ver.) | dalong: II Neo Zeong (Narrative Ver.) | gunpla_hobby: II NEO ZEONG (NARRATIVE Ver.)
HG 1/144 IMPLUSE GUNDAM ARC,downloaded,HG 1_144 IMPLUSE GUNDAM ARC__9e72a94a63.jpg,bandai_manual,IMPLUSE GUNDAM ARC,https://manual.bandai-hobby.net/menus/detail/1032,https://bandai-hobby.net/images/190_2824_s_tqa338yq4mk8tacdh9vsi4997f10.jpg,official_exact,2884cb0efd85db8408e4306ce2554c8a0adcc7e6af0988cd6b6a597214da1691,1200,1200,
HG 1/144 IMPLUSE GUNDAM LANCIER,downloaded,HG 1_144 IMPLUSE GUNDAM LANCIER__03dfa59c44.jpg,bandai_manual,IMPLUSE GUNDAM LANCIER,https://manual.bandai-hobby.net/menus/detail/1035,https://bandai-hobby.net/images/190_2825_s_j93k97tzp204xzb0ip8t75p87aer.jpg,official_exact,35d709a65546a68732a0ffe82deba58635c084105f81af372861fe8b490db189,1200,1200,
HG 1/144 INFINITE JUSTICE GUNDAM[CLEAR COLOR],not_found,,,,,,,,,,bandai_manual: ∞ JUSTICE GUNDAM | dalong: Infinite Justice Gundam | dalong: Infinite Justice Gundam
HG 1/144 IO FRAME SHIDEN,downloaded,HG 1_144 IO FRAME SHIDEN__306865620f.jpg,dalong,IO Frame Shiden,https://www.dalong.net/reviews/ib/ibh25/ibh25_p_e.htm,https://www.dalong.net/reviews/ib/ibh25/p/ibh25.jpg,exact,4738ea79fb1502821c69a8b71a2029c0ec0b402961e7ff7106a10b9f44c0c607,300,189,
HG 1/144 IO FRAME SHIDEN (TEIWAZ CORPS),downloaded,HG 1_144 IO FRAME SHIDEN (TEIWAZ CORPS)__b6a10f576a.jpg,gunpla_hobby,IO FRAME SHIDEN (TEIWAZ CORPS),https://gunpla-hobby.com/gunpla/hg-1-144-1-144-5bd6f8,https://tshop.r10s.jp/hugallhobby/cabinet/12909667/imgrc0117171209.jpg,official_title_release_month,6f4633044806bbf8dbe62c7b0b5443311feee4e68c5d966ca8d623efefe8822b,1000,1160,
HG 1/144 IO FRAME SHIDEN CUSTOM (RYUSEI-GO),downloaded,HG 1_144 IO FRAME SHIDEN CUSTOM (RYUSEI-GO)__0be9c077b5.jpg,gunpla_hangar,"STH-16/tc IO Frame Shiden Custom ""Ryusei-Go""",https://gunplahangar.com/kits/hgi-bo-sth-16-tc-io-frame-shiden-custom-ryusei-go,https://gunplahangar.com/img/kits/hgi-bo-sth-16-tc-io-frame-shiden-custom-ryusei-go/box-art-800.jpg,source_model_code_hangar_exact,1c09bf9e6c5ddb32827da8f15411eccc87f7153964363fd73f9aa7859ac577a7,512,323,
HG 1/144 IOK'S MOBILE REGINLAZE,not_found,,,,,,,,,,bandai_manual: IOK'S MOBILE REGINLAZE | gunpla_hobby: IOK'S MOBILE REGINLAZE | bandai_manual: JULIETA'S MOBILE REGINLAZE
HG 1/144 JAGD DOGA (GYUNEI),downloaded,HG 1_144 JAGD DOGA (GYUNEI)__e23ee31d6c.jpg,bandai_manual,JAGD DOGA (GYUNEI),https://manual.bandai-hobby.net/menus/detail/905,https://bandai-hobby.net/images/155_2744_s_g3hupok3ovrggglieedii78wprkf.jpg,official_exact,56c55d4020024dcfdbd2f08a3f5789b9c9634bb0354bfc6a5381cad36eaf5413,1200,1200,
HG 1/144 JAGD DOGA (QUESS),downloaded,HG 1_144 JAGD DOGA (QUESS)__1d30d6d71b.jpg,gunpla_hobby,JAGD DOGA (QUESS),https://gunpla-hobby.com/gunpla/hg-1-144-msn-03-64b062,https://tshop.r10s.jp/mediaworldkaitoriworld/cabinet/6313/0/cg63130000.jpg,official_title_release_month,e12a0ec1d0eb2ae81a7f9903f8c831b31737f425f4f38369a645045247b30cb9,1000,1000,
HG 1/144 JEGAN,downloaded,HG 1_144 JEGAN__05fb6fbb22.jpg,dalong,Jegan,https://www.dalong.net/reviews/hg/h97/h97_p_e.htm,https://www.dalong.net/reviews/hg/h97/p/h97.jpg,exact,34ecca33aa38dfebfdf2f48605fe3fb495363eeb1ab1dabe5842194ebe1bfc8b,290,179,
HG 1/144 JEGAN (AXIS SHOCK IMAGE COLOR),downloaded,HG 1_144 JEGAN (AXIS SHOCK IMAGE COLOR)__62bb9c0169.jpg,gunpla_hangar,RGM-89 Jegan (Axis Shock Image Color),https://gunplahangar.com/kits/hguc-rgm-89-jegan-axis-shock-image-color,https://gunplahangar.com/img/kits/hguc-rgm-89-jegan-axis-shock-image-color/box-art-800.jpg,source_model_code_hangar_exact,92dc652e3b2559bd62468fe61df1efdfbafd6a096b7052992a01b002cbcc08d2,800,490,
HG 1/144 JEGAN BLAST MASTER,downloaded,HG 1_144 JEGAN BLAST MASTER__efd1065975.jpg,dalong,Jegan Blast Master,https://www.dalong.net/reviews/bf/bd15/bd15_p_e.htm,https://www.dalong.net/reviews/bf/bd15/p/bd15.jpg,exact,9171b11838e6390cc9218fdd73a73d9d9020b1faa7bc5de33d8b6321e04fa7f6,1200,774,
HG 1/144 JEGAN ECHOES TYPE,downloaded,HG 1_144 JEGAN ECHOES TYPE__9d5b9d7f87.jpg,gunpla_hobby,JEGAN ECHOES TYPE,https://gunpla-hobby.com/gunpla/hg-1-144-rgm-89de-d4de35,https://thumbnail.image.rakuten.co.jp/@0_mall/otaichi/cabinet/item20251211-201757/2231019000158-1.jpg,official_title_release_month,c46d777e1f0ef6a4c8ca94771c01bf152dbab3f09de918e6fdf282682883faae,1600,1600,
HG 1/144 JEGAN TYPE-A2 (GENERAL REVIL DEPLOYMENT),not_found,,,,,,,,,,bandai_manual: JEGAN TYPE-A2 (GENERAL REVIL DEPLOYMENT) | dalong: Jegan Type-A2 [General Revil Deployment] | dalong: ReZEL type-C (General Revil)
HG 1/144 JEGAN TYPE-D (CAMOUFLAGE Ver.),not_found,,,,,,,,,,dalong: Jegan Type-D (Camouflage Ver.) | dalong: Jegan D type | bandai_manual: JEGAN TYPE-D (ESCORT TYPE)
HG 1/144 JEGAN TYPE-D (ESCORT TYPE),not_found,,,,,,,,,,bandai_manual: JEGAN TYPE-D (ESCORT TYPE) | dalong: Jegan Type-D (Escort Type) | gunpla_hobby: JEGAN TYPE-D (ESCORT TYPE)
HG 1/144 JESTA,downloaded,HG 1_144 JESTA__14c314c40e.jpg,dalong,Jesta,https://www.dalong.net/reviews/hg/h130/h130_p_e.htm,https://www.dalong.net/reviews/hg/h130/p/h130.jpg,exact,2ac89dd4989cadc04d4aa6217ea17ad126ee04e64aeb26d39c14a3a8a112763c,300,186,
"HG 1/144 JESTA (SHEZARR TYPE, TEAM A)",downloaded,"HG 1_144 JESTA (SHEZARR TYPE, TEAM A)__40d6dabd00.jpg",gunpla_hangar,"RGM-96Xs Jesta (Shezarr Type, Team A)",https://gunplahangar.com/kits/hguc-rgm-96xs-jesta-shezarr-type-team-a,https://gunplahangar.com/img/kits/hguc-rgm-96xs-jesta-shezarr-type-team-a/box-art-800.jpg,source_model_code_hangar_exact,8e7fa9c9a12a47bbf5017552e883b288384b901cbc2e072f44f49b5ea1f724fc,512,329,
"HG 1/144 JESTA (SHEZARR TYPE, TEAM B&C)",downloaded,"HG 1_144 JESTA (SHEZARR TYPE, TEAM B&C)__b9e2f04382.jpg",gunpla_hangar,"RGM-96Xs Jesta (Shezarr Type, Team B & C)",https://gunplahangar.com/kits/hguc-rgm-96xs-jesta-shezarr-type-team-b-c,https://gunplahangar.com/img/kits/hguc-rgm-96xs-jesta-shezarr-type-team-b-c/box-art-800.jpg,source_model_code_hangar_exact,d7279834bf6272c208017d9b233b6821834bf157ae9a4cd8e3f8d3131eaf5e53,512,311,
HG 1/144 JESTA CANNON,downloaded,HG 1_144 JESTA CANNON__b0a11982bd.jpg,dalong,Jesta Cannon,https://www.dalong.net/reviews/hg/h152/h152_p_e.htm,https://www.dalong.net/reviews/hg/h152/p/h152.jpg,exact,c1130112e096ccd4e876f8cc2cf6cc8cd3e168106a292316f679926aee798c24,300,181,
HG 1/144 JIGEN BUILD KNUCKLES 'KAKU',downloaded,HG 1_144 JIGEN BUILD KNUCKLES 'KAKU'__12c9393968.jpg,gunpla_hangar,Jigen Build Knuckles 'Kaku',https://gunplahangar.com/kits/hgbc-jigen-build-knuckles-kaku,https://gunplahangar.com/img/kits/hgbc-jigen-build-knuckles-kaku/box-art-800.jpg,exact,ccd8e2f835ca6d9961f20df3398b75fa0e9563b6a3d28930ec686c9e0ba4f9ee,800,1009,
HG 1/144 JIGEN BUILD KNUCKLES (ROUND),downloaded,HG 1_144 JIGEN BUILD KNUCKLES (ROUND)__3a9dbede8b.jpg,gunpla_hangar,Jigen Build Knuckles (Round),https://gunplahangar.com/kits/hgbc-jigen-build-knuckles-round,https://gunplahangar.com/img/kits/hgbc-jigen-build-knuckles-round/box-art-800.jpg,exact,0c30b55a2b3b066bfb52f784865c396e0f39f5bd5cf6681b40728924b79a3324,800,1010,
HG 1/144 JUAGGU (MSV Ver.),not_found,,,,,,,,,,bandai_manual: JUAGGU (MSV Ver.) | dalong: Juaggu (Ver. MSV) | bandai_manual: JUAGGU (UNICORN VER.)
HG 1/144 JUAGGU (UNICORN VER.),downloaded,HG 1_144 JUAGGU (UNICORN VER.)__cf3f6b4bd8.jpg,dalong,Juaggu [Unicorn Ver.],https://www.dalong.net/reviews/hg/h139/h139_p_e.htm,https://www.dalong.net/reviews/hg/h139/p/h139.jpg,exact,f94d940f1d3af54ac9fbb4d53255247224a0c3f1d20ac99a68f29239a85d7f70,300,185,
HG 1/144 JULIETA'S MOBILE REGINLAZE,downloaded,HG 1_144 JULIETA'S MOBILE REGINLAZE__5aedc6e59f.jpg,dalong,Julieta's Mobile Reginlaze,https://www.dalong.net/reviews/ib/ibh24/ibh24_p_e.htm,https://www.dalong.net/reviews/ib/ibh24/p/ibh24.jpg,exact,01ffde5011ffddd27c8464d341da8e6f8c696fec53da3e1a62cf870f0e8bfde5,300,189,
HG 1/144 KABAKALI,downloaded,HG 1_144 KABAKALI__dd5528643a.jpg,dalong,Kabakali,https://www.dalong.net/reviews/hg/gs16/gs16_p_e.htm,https://www.dalong.net/reviews/hg/gs16/p/gs16.jpg,exact,1ba7b65d3a11e8656f0e26c7d2bf78ee6604b661cc6ed1f2fab036d3847ffc92,300,189,
HG 1/144 KAMIKI BURNING GUNDAM,downloaded,HG 1_144 KAMIKI BURNING GUNDAM__b2c2d85584.jpg,dalong,Kamiki Burning Gundam,https://www.dalong.net/reviews/bf/bf43/bf43_p_e.htm,https://www.dalong.net/reviews/bf/bf43/p/bf43.jpg,exact,9c9aa82c6dc9e450bef08b9f620c7882cd00db8f54c346a3fd2e7e31f9db46f1,300,189,
HG 1/144 KAMPFER,downloaded,HG 1_144 KAMPFER__05a246a0ed.jpg,dalong,Kämpfer,https://www.dalong.net/reviews/hg/h89/h89_p_e.htm,https://www.dalong.net/reviews/hg/h89/p/h89.jpg,exact,5d3ee9f18d464db1e95be7d067c2ffb2fb4fdb8d03cb2887c8ec7fd8dc33d7bb,289,177,
HG 1/144 KAMPFER AMAZING,downloaded,HG 1_144 KAMPFER AMAZING__928ff49f77.jpg,dalong,Kampfer Amazing,https://www.dalong.net/reviews/bf/bf08/bf08_p_e.htm,https://www.dalong.net/reviews/bf/bf08/p/bf08.jpg,exact,b31993f999fd5750e61fcadd65c1787c327ad7a2e6c317afc990b2292330eeac,300,189,
HG 1/144 KIRARA'S GERBERA TETRA,not_found,,,,,,,,,,bandai_manual: KIRARA'S GERBERA TETRA | gunpla_hobby: KIRARA'S GERBERA TETRA | dalong: Gerbera Tetra (Kirara Use)
HG 1/144 KSHATRIYA REPAIRED,downloaded,HG 1_144 KSHATRIYA REPAIRED__a2077f2189.jpg,dalong,Kshatriya Repaired,https://www.dalong.net/reviews/hg/h179/h179_p_e.htm,https://www.dalong.net/reviews/hg/h179/p/h179.jpg,exact,e8abf4698583cd6ed227d23afd31c99ef4a723fbfaf7ccabe17e0e703c49ae72,300,238,
HG 1/144 KYRIOS TRANSAM MODE,downloaded,HG 1_144 KYRIOS TRANSAM MODE__86427d30a2.jpg,bandai_manual,KYRIOS TRANSAM MODE,https://manual.bandai-hobby.net/menus/detail/294,https://bandai-hobby.net/images/156_1857_o_1bbluhtqg5v11nipe7p1m95mtr2i.jpg,official_exact,cea11c612632f819f3ab9acc4bccb1a67a30cc92213c474c05ec63872a5edeb7,1200,1200,
HG 1/144 LEO,downloaded,HG 1_144 LEO__213aaee2ef.jpg,dalong,Leo,https://www.dalong.net/reviews/hg/h211/h211_p_e.htm,https://www.dalong.net/reviews/hg/h211/p/h211.jpg,exact,ffebcded629382a80eb04385200a52f617e92e85a2db1d73fa2ac9d3d826e638,1200,756,
HG 1/144 LEO (FLIGHT UNIT TYPE),downloaded,HG 1_144 LEO (FLIGHT UNIT TYPE)__3ca98b38fb.jpg,gunpla_hangar,OZ-06MS Leo (Flight Unit Type),https://gunplahangar.com/kits/hgac-oz-06ms-leo-flight-unit-type,https://gunplahangar.com/img/kits/hgac-oz-06ms-leo-flight-unit-type/box-art-800.jpg,source_model_code_hangar_exact,9dc28185d8807c31dd684522afb5a602cf56b42d78f9d7a6fb6a298c660b02d2,800,512,
HG 1/144 LEO (FULL WEAPON SET),downloaded,HG 1_144 LEO (FULL WEAPON SET)__98ab9457d5.jpg,gunpla_hangar,OZ-06MS Leo (Full Weapon Set),https://gunplahangar.com/kits/hgac-oz-06ms-leo-full-weapon-set,https://gunplahangar.com/img/kits/hgac-oz-06ms-leo-full-weapon-set/box-art-800.jpg,source_model_code_hangar_exact,fd44cb971f12084abaeb5c76cff8fcd415a83caff8490e6520a75b4408fec79e,800,505,
HG 1/144 LEO (SPACE TYPE),downloaded,HG 1_144 LEO (SPACE TYPE)__d12d1f9d62.jpg,gunpla_hangar,OZ-06MS Leo (Space Type),https://gunplahangar.com/kits/hgac-oz-06ms-leo-space-type,https://gunplahangar.com/img/kits/hgac-oz-06ms-leo-space-type/box-art-800.jpg,source_model_code_hangar_exact,1d42a21ccbd57e9d2ab6aa7b48907709c50189c6546b5113de20527972cfc8ad,512,311,
HG 1/144 LEO NPD,downloaded,HG 1_144 LEO NPD__b095a1c6f5.jpg,dalong,Leo NPD,https://www.dalong.net/reviews/bf/bd08/bd08_p_e.htm,https://www.dalong.net/reviews/bf/bd08/p/bd08.jpg,exact,66b796a353211ea13097cbc9c38757d461ce68e8615be28043dcbd5fe1a12b72,1200,751,
HG 1/144 LEO-R,not_found,,,,,,,,,,bandai_manual: LEO-R | dalong: Leo-R | gunpla_hobby: LEO-R
HG 1/144 LEO-S,not_found,,,,,,,,,,bandai_manual: LEO-S | dalong: Leo-S | gunpla_hobby: LEO-S
HG 1/144 LIGHT-TYPE GUNCANNON,downloaded,HG 1_144 LIGHT-TYPE GUNCANNON__afcfcf7567.jpg,dalong,Light-Type Guncannon,https://www.dalong.net/reviews/hg/hgq06/hgq06_p_e.htm,https://www.dalong.net/reviews/hg/hgq06/p/hgq06.jpg,exact,5643ba45d7b392994a6477b73aa14d269a55bba99a43cc17265eb13e43e72cde,1200,747,
HG 1/144 LIGHTNING GUNDAM,downloaded,HG 1_144 LIGHTNING GUNDAM__0cde9928a5.jpg,dalong,Lightning Gundam,https://www.dalong.net/reviews/bf/bf20/bf20_p_e.htm,https://www.dalong.net/reviews/bf/bf20/p/bf20.jpg,exact,5ee8a364d92e47b9ab48248bd11d8026929ac5a36c1cbcb15e2bde12cd9b05a0,300,189,
HG 1/144 LIGHTNING Z GUNDAM,downloaded,HG 1_144 LIGHTNING Z GUNDAM__a9ba31dbc0.jpg,dalong,Lightning Z Gundam,https://www.dalong.net/reviews/bf/bf40/bf40_p_e.htm,https://www.dalong.net/reviews/bf/bf40/p/bf40.jpg,exact,5f048403bfe47b74771dac059707182762a0ba1ea47aa63a25cfcdbd3fe3cd72,300,189,
HG 1/144 LIGHTNING Z GUNDAM ASPROS,downloaded,HG 1_144 LIGHTNING Z GUNDAM ASPROS__64ce797dd5.jpg,gunpla_hobby,LIGHTNING Z GUNDAM ASPROS,https://gunpla-hobby.com/gunpla/hg-1-144-hgbf-1-144-f79351,https://tshop.r10s.jp/mediaworldkaitoriworld/cabinet/6313/1/cg63131692.jpg,official_title_release_month,187f3e3845d146514bb81ca68f70dc23f714978d69cd4663b6d20cd1733bb57a,1600,1600,
HG 1/144 LOAD ASTRAY DOUBLE REBAKE,downloaded,HG 1_144 LOAD ASTRAY DOUBLE REBAKE__b387bdcd10.jpg,dalong,Load Astray Double Rebake,https://www.dalong.net/reviews/bf/bdr38/bdr38_p_e.htm,https://www.dalong.net/reviews/bf/bdr38/p/bdr38.jpg,exact,b450663d3fcbb683d7333ed233670c28d9e6abbb21ca94af96e086578d0d610a,1200,752,
HG 1/144 LOAD ASTRAY Ω,downloaded,HG 1_144 LOAD ASTRAY Ω__6f30dc0130.jpg,gunpla_hangar,MHF-01Ω Load Astray Ω,https://gunplahangar.com/kits/hgce-mhf-01-load-astray,https://gunplahangar.com/img/kits/hgce-mhf-01-load-astray/box-art-800.jpg,source_model_code_hangar_exact,9a64756f8aff3e7f6810771d78795d8a9018677ba0c719bbc6c73245b9fe9701,800,502,
HG 1/144 LOTO TWIN SET,downloaded,HG 1_144 LOTO TWIN SET__56c90973ff.jpg,dalong,Loto twin set,https://www.dalong.net/reviews/hg/h106/h106_p_e.htm,https://www.dalong.net/reviews/hg/h106/p/h106.jpg,exact,1a9b1aae6f6dba122ea34fa284c6054e1d42615a8334090194c6bedf94708b4c,289,175,
HG 1/144 LUNAGAZER GUNDAM,downloaded,HG 1_144 LUNAGAZER GUNDAM__a887b40c32.jpg,dalong,Lunagazer Gundam,https://www.dalong.net/reviews/bf/bf51/bf51_p_e.htm,https://www.dalong.net/reviews/bf/bf51/p/bf51.jpg,exact,02c4687d582205fbfcf8fdbcd45edd2d54893012df6791f3dc16f4b8a21f6953,300,190,
HG 1/144 LYDO WOLF'S GM SNIPER II,not_found,,,,,,,,,,bandai_manual: LYDO WOLF'S GM SNIPER II | gunpla_hobby: LYDO WOLF'S GM SNIPER II | dalong: GM Sniper II (Lydo Wolf Use)
HG 1/144 MACK KNIFE (MASK'S USE),downloaded,HG 1_144 MACK KNIFE (MASK'S USE)__b4cd2d18ca.jpg,bandai_manual,MACK KNIFE (MASK'S USE),https://manual.bandai-hobby.net/menus/detail/965,https://bandai-hobby.net/images/158_1272_s_4qdfnin05lyld0xz8d08lptz1zup.jpg,official_exact,832722a055035f9ce5f07aed6dde9ce7acb595573f4ffba9363f79d65b34bb3e,1200,1200,
HG 1/144 MACK KNIFE MASS PRODUCTION TYPE,not_found,,,,,,,,,,bandai_manual: MACK KNIFE MASS PRODUCTION TYPE | dalong: Mack Knife (Mass Production Type) | gunpla_hobby: MACK KNIFE MASS PRODUCTION TYPE
HG 1/144 MAGANAC,downloaded,HG 1_144 MAGANAC__1b26188a28.jpg,dalong,Maganac,https://www.dalong.net/reviews/hg/h223/h223_p_e.htm,https://www.dalong.net/reviews/hg/h223/p/h223.jpg,exact,61860858ddd32d68034542c93c99d727ed2ad58a93ffb859781d571be2083552,1200,756,
HG 1/144 MAGANAC (AUDA CUSTOM / AHMAD CUSTOM),not_found,,,,,,,,,,bandai_manual: MAGANAC (AUDA CUSTOM / AHMAD CUSTOM) | dalong: Maganac (Auda Custom/Ahmad Custom) | gunpla_hobby: MAGANAC (AUDA CUSTOM / AHMAD CUSTOM)
HG 1/144 MAGANAC (RASID CUSTOM / ABDUL CUSTOM),downloaded,HG 1_144 MAGANAC (RASID CUSTOM _ ABDUL CUSTOM)__2fdb6438ee.jpg,gunpla_hobby,MAGANAC (RASID CUSTOM / ABDUL CUSTOM),https://gunpla-hobby.com/gunpla/hg-1-144-1-144-4d7ff2,https://tshop.r10s.jp/skymarketplus/cabinet/20251023-1/b07vdqm5y8.jpg,official_title_release_month,9abfb93ed9ef154c6d82f0c815a3399d03d8492467dc2e494a35537fd24132b9,2560,1600,
HG 1/144 MAGANAC 36-PIECE SET,downloaded,HG 1_144 MAGANAC 36-PIECE SET__c4163c74db.jpg,gunpla_hobby,MAGANAC 36-PIECE SET,https://gunpla-hobby.com/gunpla/hg-1-144-1-144-b0c384,https://tshop.r10s.jp/baton-store/cabinet/ir-m-shopimages/ir-m-shopimages48/cpma-00274-0.jpg,official_title_release_month,153dff0948149c5a34a26247089fdc46063066a626b96a272e9992d6a81602df,512,324,
HG 1/144 MAN RODI,downloaded,HG 1_144 MAN RODI__dc07d85bfd.jpg,dalong,Man Rodi,https://www.dalong.net/reviews/ib/ibh09/ibh09_p_e.htm,https://www.dalong.net/reviews/ib/ibh09/p/ibh09.jpg,exact,3c044f3e6c2d21b95b754863047f039b731f95199058f79a463d222b5720512f,300,189,
HG 1/144 MANDOR GUNDAM,downloaded,HG 1_144 MANDOR GUNDAM__ff929afbc2.jpg,gunpla_hobby,MANDOR GUNDAM,https://gunpla-hobby.com/gunpla/hg-1-144-hg-1-144-ff4abe,https://thumbnail.image.rakuten.co.jp/@0_mall/otakarakan/cabinet/05682550/08732150/imgrc0122391839.jpg,official_title_release_month,9cc2f1abfb7611022d1d1039456581d2d2567d4039d30e230b5c8c8668544d0b,1024,639,
HG 1/144 MARASAI,downloaded,HG 1_144 MARASAI__68a8ab129c.jpg,dalong,Marasai,https://www.dalong.net/reviews/hg/h52/h52_p_e.htm,https://www.dalong.net/reviews/hg/h52/p/h52.jpg,exact,70d8b638fc66a9db1a8efe70fb41df05f7ea95b4f676ee1cdf8cf9d4e17ef323,290,177,
HG 1/144 MARASAI (UNICORN VER.),downloaded,HG 1_144 MARASAI (UNICORN VER.)__bb819463f3.jpg,dalong,Marasai [Unicorn Ver.],https://www.dalong.net/reviews/hg/h138/h138_p_e.htm,https://www.dalong.net/reviews/hg/h138/p/h138.jpg,exact,90237dd9a4f2d1ad50ceb554f1385559e17a93fa890ce56d11e437ab6a16d571,300,186,
HG 1/144 MASS-PRODUCED ZEONIC SWORD,downloaded,HG 1_144 MASS-PRODUCED ZEONIC SWORD__0455346362.jpg,gunpla_gallery,Mass-Produced Zeonic Sword,https://gunplagallery.com/kits/17342-hg-mass-produced-zeonic-sword,https://s3.amazonaws.com/gunplagallery/catalog/17342_original_HGBDR_Mass-Produced_Zeonic_Sword.jpg,exact,bb70c69056e98e346c585cdd307cc70146c862ccc790eb8e40cb189745825679,950,1200,
HG 1/144 MASTER GUNDAM & FUUNSAIKI,downloaded,HG 1_144 MASTER GUNDAM & FUUNSAIKI__5c02190cbf.jpg,dalong,Master Gundam & Fuunsaiki,https://www.dalong.net/reviews/hg/h128/h128_p_e.htm,https://www.dalong.net/reviews/hg/h128/p/h128.jpg,exact,bb44ff9caee4eabd5886efb645e05c05547587175f575acc6f7e33bc33f243f6,300,194,
HG 1/144 MASURAO,downloaded,HG 1_144 MASURAO__5fbb6e1b19.jpg,dalong,Masurao,https://www.dalong.net/reviews/00/0h55/0h55_p_e.htm,https://www.dalong.net/reviews/00/0h55/p/0h55.jpg,exact,08ab9497f8a10c028708479850e84a545844ec369a16b3f03b17676db7120ec6,291,175,
HG 1/144 MCGILLIS'S SCHWALBE GRAZE,downloaded,HG 1_144 MCGILLIS'S SCHWALBE GRAZE__430155a53b.jpg,gunpla_gallery,EB-05s McGillis's Schwalbe Graze,https://gunplagallery.com/kits/519-hg-eb-05s-mcgillis-s-schwalbe-graze,https://s3.amazonaws.com/gunplagallery/catalog/519_original_HG_Schwalbe_Graze.jpg,source_model_code_release_month,01c2851313c1bbad61a8a1992ea152d898b2b2064bff20bdd2f2e0280aa27f62,1500,946,
HG 1/144 MEGA BAZOOKA LAUNCHER,not_found,,,,,,,,,,bandai_manual: MEGA BAZOOKA LAUNCHER | dalong: Mega Bazooka Launcher | gunpla_hobby: MEGA BAZOOKA LAUNCHER
HG 1/144 MEGA BAZOOKA LAUNCHER (CONROY USE),downloaded,HG 1_144 MEGA BAZOOKA LAUNCHER (CONROY USE)__5188132582.jpg,gunpla_hobby,MEGA BAZOOKA LAUNCHER (CONROY USE),https://gunpla-hobby.com/gunpla/hg-1-144-1-144-db9a00,https://thumbnail.image.rakuten.co.jp/@0_mall/skymarketplus/cabinet/20251023-1/b07wtzc32y.jpg,official_title_release_month,94470042a31efaccb7f60b428e97897fd27a2e3e84c035560ea86cb209029ecc,500,326,
HG 1/144 MEGA RIDE LAUNCHER,downloaded,HG 1_144 MEGA RIDE LAUNCHER__14b9b675a0.jpg,bandai_manual,MEGA RIDE LAUNCHER,https://manual.bandai-hobby.net/menus/detail/27,https://bandai-hobby.net/images/156_1233_s_bapue0tw8sj91zzjkz6rljchwse2.jpg,official_exact,eaa127950ba3cab5665f4dffa0212cc5d0c1e09e1386926eb348c460f6ccff18,560,560,
HG 1/144 MEGA-SHIKI,downloaded,HG 1_144 MEGA-SHIKI__aea387de21.jpg,dalong,Mega-Shiki,https://www.dalong.net/reviews/bf/bf25/bf25_p_e.htm,https://www.dalong.net/reviews/bf/bf25/p/bf25.jpg,exact,438cd7ace1582b75774f06ccfe1aca7d5428fece12d6c5d737f12e9a203bc002,300,184,
HG 1/144 MESSALA,downloaded,HG 1_144 MESSALA__d7f537626a.jpg,dalong,Messala,https://www.dalong.net/reviews/hg/h157/h157_p_e.htm,https://www.dalong.net/reviews/hg/h157/p/h157.jpg,exact,19e7c7b18c66af308c12cffbe3ebe0bd343bff5056750b283a44abb60c21f691,300,192,
HG 1/144 MESSER TYPE-F01,downloaded,HG 1_144 MESSER TYPE-F01__5578ba0316.jpg,dalong,Messer Type-F01,https://www.dalong.net/reviews/hg/h233/h233_p_e.htm,https://www.dalong.net/reviews/hg/h233/p/h233.jpg,exact,7021f1bf3f05cde2a1f4ee48e9ae8d9a1bdf0cfe77ca9933166007a217a4bebd,1200,777,
HG 1/144 MESSER TYPE-F02,downloaded,HG 1_144 MESSER TYPE-F02__ac033330d5.jpg,gunpla_hangar,Me02R-F02 Messer Type-F02,https://gunplahangar.com/kits/hguc-me02r-f02-messer-type-f02,https://gunplahangar.com/img/kits/hguc-me02r-f02-messer-type-f02/box-art-800.jpg,source_model_code_hangar_exact,238b54cd1080f7ce6f93e2040a923a1bbe25cc795e6e2551d67c63b7a815402b,800,638,
HG 1/144 MESSER TYPE-F02 (COMMANDER TYPE),downloaded,HG 1_144 MESSER TYPE-F02 (COMMANDER TYPE)__4555b4428e.jpg,gunpla_hangar,Me02R-F02c Messer Type-F02 (Commander Type),https://gunplahangar.com/kits/hguc-me02r-f02c-messer-type-f02-commander-type,https://gunplahangar.com/img/kits/hguc-me02r-f02c-messer-type-f02-commander-type/box-art-800.jpg,source_model_code_hangar_exact,a58bc0fe8cb5e6101e7133bb7cad359a4072919faeac99becfdc9f22caf89585,800,644,
HG 1/144 MESSER TYPE-F02 MINELAYER,downloaded,HG 1_144 MESSER TYPE-F02 MINELAYER__1d248bafe6.jpg,gunpla_hangar,Me02R-F02 Messer Type-F02 Minelayer,https://gunplahangar.com/kits/hguc-me02r-f02-messer-type-f02-minelayer,https://gunplahangar.com/img/kits/hguc-me02r-f02-messer-type-f02-minelayer/box-art-800.jpg,source_model_code_hangar_exact,f485c88e00c052eee614a597c44ff72681b7eff0e7afb1eef45ded0a3cec07f9,800,639,
HG 1/144 MESSER TYPE-M01 (GAWMAN USE),downloaded,HG 1_144 MESSER TYPE-M01 (GAWMAN USE)__bac01d9df7.jpg,dalong,Messer Type-M01 (Gawman Use),https://www.dalong.net/reviews/hg/h267/h267_p_e.htm,https://www.dalong.net/reviews/hg/h267/p/h267.jpg,exact,84c85466b0d9261d23c5cacbe3b287864f31286ad180314375ada1891ee93f71,1500,960,
HG 1/144 METEOR HOPPER,downloaded,HG 1_144 METEOR HOPPER__b249112dc7.jpg,dalong,Meteor Hopper,https://www.dalong.net/reviews/bf/bc04/bc04_p_e.htm,https://www.dalong.net/reviews/bf/bc04/p/bc04.jpg,exact,54b91517ddb98fb922c420f1b77fecd28d734dbed09ae3c610bb95ce8984ebf6,236,300,
HG 1/144 METHUS,downloaded,HG 1_144 METHUS__da59edaa77.jpg,bandai_manual,METHUS,https://manual.bandai-hobby.net/menus/detail/896,https://bandai-hobby.net/images/157_626_s_9tds2a2d8uf0j13txcs0ozp04tzk.jpg,official_exact,ef91f7a8882a97fb3e4a75316f7b046f4325b0547384d343d31c5dc251f293d0,1200,1200,
HG 1/144 MICHAELIS,downloaded,HG 1_144 MICHAELIS__cdd2150e4e.jpg,dalong,Michaelis,https://www.dalong.net/reviews/hg/wmh11/wmh11_p_e.htm,https://www.dalong.net/reviews/hg/wmh11/p/wmh11.jpg,exact,1881d1abc4de659becb165af01ac512e86e9e5874517600119a234386dfac218,1200,762,
HG 1/144 MISS SAZABI,downloaded,HG 1_144 MISS SAZABI__0becef78e8.jpg,dalong,Miss Sazabi,https://www.dalong.net/reviews/bf/bf12/bf12_p_e.htm,https://www.dalong.net/reviews/bf/bf12/p/bf12.jpg,exact,6b48fb05b2cf535590a3804f535a701c6e3ba68b5180d6a400ad0aef18926354,300,191,
HG 1/144 MOBILE ARMOR HASHMAL,downloaded,HG 1_144 MOBILE ARMOR HASHMAL__18fcd610df.jpg,gunpla_gallery,Mobile Armor Hashmal,https://gunplagallery.com/kits/544-hg-mobile-armor-hashmal,https://s3.amazonaws.com/gunplagallery/catalog/544_original_HGIBO-MobileArmorHashmal.jpg,exact,338ba45365f31764a5fe29a6c8aae1b3e9005a3cb94854a985133efbadfd1e7a,1200,954,
HG 1/144 MOBILE GINN (MIGUEL'S GINN),downloaded,HG 1_144 MOBILE GINN (MIGUEL'S GINN)__1ac80b6434.jpg,dalong,Mobile Ginn (Miguel's Ginn),https://www.dalong.net/reviews/seed/shv2/shv2_p_e.htm,https://www.dalong.net/reviews/seed/shv2/p/shv2.jpg,exact,cb3858b234a29a3326c966727145a0b210f13960534661a2e96c5c209aed58b4,289,181,
HG 1/144 MOBILE REGINLAZE (STANDARD TYPE),downloaded,HG 1_144 MOBILE REGINLAZE (STANDARD TYPE)__a8c79c4796.jpg,gunpla_hobby,MOBILE REGINLAZE (STANDARD TYPE),https://gunpla-hobby.com/gunpla/hg-1-144-1-144-f60471,https://tshop.r10s.jp/baton-store/cabinet/ir-m-shopimages/ir-m-shopimages48/cpma-00273-0.jpg,official_title_release_month,25b064a8014a0b7a788bcdf05f1ea923679f4e0e0e3f0d2930244ca9f298ce96,560,360,
HG 1/144 MOBILE WORKER MW-01 MODEL 01 LATE TYPE (MASH),downloaded,HG 1_144 MOBILE WORKER MW-01 MODEL 01 LATE TYPE (MASH)__bc645a54b4.jpg,gunpla_gallery,Mobile Worker MW-01 Model 01 Late Type (Mash),https://gunplagallery.com/kits/443-hg-mobile-worker-mw-01-model-01-late-type-mash-,https://s3.amazonaws.com/gunplagallery/catalog/443_original_HGGOMobileWorker-Mash.jpg,exact,7ebd09bb7987e5b336814a96b76cc0bef109253b6fada0ed946853e493a369d6,1500,946,
HG 1/144 MOBILE WORKER MW-01 MODEL 01 LATE TYPE [RAMBA RAL],downloaded,HG 1_144 MOBILE WORKER MW-01 MODEL 01 LATE TYPE [RAMBA RAL]__5a60e4b606.jpg,gunpla_hobby,MOBILE WORKER MW-01 MODEL 01 LATE TYPE [RAMBA RAL],https://gunpla-hobby.com/gunpla/hg-1-144-1-144-6d49e1,https://tshop.r10s.jp/iinex/cabinet/n20260223-6/nb01ac3hqry.jpg,official_title_release_month,8fa79c6d8330b0ceeca00e23fc786416a93f0392a1b02a2df6c7bfb60202d2c7,350,220,
HG 1/144 MOCK ARMY SET,downloaded,HG 1_144 MOCK ARMY SET__b47efd5484.jpg,dalong,Mock Army Set,https://www.dalong.net/reviews/bf/bc19/bc19_p_e.htm,https://www.dalong.net/reviews/bf/bc19/p/bc19.jpg,exact,f074bce32c160d87b416b27c757483b5eb03f081acfa6d2c5321b52f9a79417f,237,300,
HG 1/144 MOMOKAPOOL,downloaded,HG 1_144 MOMOKAPOOL__774143b1f3.jpg,dalong,Momokapool,https://www.dalong.net/reviews/bf/bd04/bd04_p_e.htm,https://www.dalong.net/reviews/bf/bd04/p/bd04.jpg,exact,379a1ff98427cd20c0981659a404d57b0046517e620321224168c237820a8e9e,1200,759,
HG 1/144 MONTERO KLIM NICK CUSTOM,downloaded,HG 1_144 MONTERO KLIM NICK CUSTOM__43835ca59c.jpg,bandai_manual,MONTERO KLIM NICK CUSTOM,https://manual.bandai-hobby.net/menus/detail/956,https://bandai-hobby.net/images/158_1194_s_azqixz4y8r6oovliv8fo80wrd39i.jpg,official_exact,a167901100d6b845cbf71a5db4b5e81ec8c866e117ce8c03298f7eca70d795f1,1200,1200,
HG 1/144 MOON GUNDAM,downloaded,HG 1_144 MOON GUNDAM__9cab6bae3f.jpg,dalong,Moon Gundam,https://www.dalong.net/reviews/hg/h215/h215_p_e.htm,https://www.dalong.net/reviews/hg/h215/p/h215.jpg,exact,110acc012f13a78a9fb329a450d90d108430ad8adf87fba57164d6bde68bacf9,1200,768,
HG 1/144 MOON GUNDAM [CLEAR COLOR],not_found,,,,,,,,,,bandai_manual: MOON GUNDAM | dalong: Moon Gundam | gunpla_hobby: MOON GUNDAM
HG 1/144 Mrs. LOHENG-RINKO,downloaded,HG 1_144 Mrs. LOHENG-RINKO__48c7d6b609.jpg,dalong,Mrs. Loheng-Rinko,https://www.dalong.net/reviews/bf/bf67/bf67_p_e.htm,https://www.dalong.net/reviews/bf/bf67/p/bf67.jpg,exact,bccbdef4013e8d633c668d0c1a4f60ea5524d6c675656612c650a0b94aec5a03,300,193,
HG 1/144 MS-04 BUGU,downloaded,HG 1_144 MS-04 BUGU__ad40840866.jpg,gunpla_hangar,MS-04 Bugu,https://gunplahangar.com/kits/hggto-ms-04-bugu,https://gunplahangar.com/img/kits/hggto-ms-04-bugu/box-art-800.jpg,exact,c7ed82bbed48d6df25029c3723a8025df4644d409918828787d961ad657ea13f,512,318,
HG 1/144 MS-04 BUGU [RAMBA RAL],downloaded,HG 1_144 MS-04 BUGU [RAMBA RAL]__17e1429054.png,gunpla_gallery,MS-04 Bugu (Ramba Ral),https://gunplagallery.com/kits/447-hg-ms-04-bugu-ramba-ral-,https://s3.amazonaws.com/gunplagallery/catalog/447_original_HGGOBugu-RambaRal.png,exact,0037b95ad0fa9810fd6592383f70e41750c1ac7a4818a5906f5e6d64b93d2086,1200,757,
HG 1/144 MS-05 ZAKU I [CHAR AZNABLE],downloaded,HG 1_144 MS-05 ZAKU I [CHAR AZNABLE]__f50d412deb.jpg,gunpla_gallery,MS-05 Zaku I (Char Aznable),https://gunplagallery.com/kits/449-hg-ms-05-zaku-i-char-aznable-,https://s3.amazonaws.com/gunplagallery/catalog/449_original_Hg-char's-zaku-I-ms-05-gundam-the-origin_(1).jpg,exact,96cbd82ed472cf9a19266fe2d75f7771eff57c30b1f7b8054710667da05e978f,1200,761,
HG 1/144 MS-05 ZAKUI [BLACK TRI-STARS],not_found,,,,,,,,,,bandai_manual: MS-05 ZAKUI [BLACK TRI-STARS] | gunpla_hobby: MS-05 ZAKUI [BLACK TRI-STARS] | bandai_manual: ZAKUI BLACK TRI STARS
HG 1/144 MS-05S CHAR AZNABLE'S ZAKU I,downloaded,HG 1_144 MS-05S CHAR AZNABLE'S ZAKU I__fe5be76ab9.png,gunpla_gallery,MS-05S Char Aznable's Zaku I,https://gunplagallery.com/kits/448-hg-ms-05s-char-aznable-s-zaku-i,https://s3.amazonaws.com/gunplagallery/catalog/448_original_HGGOZakuI-Char.png,exact,cd0a18917564e08675d75b079622307bff3f4acd011d9dc230b50f9e2ffcf5d3,1200,757,
HG 1/144 MS-05S CHAR AZNABLE’S ZAKU I(Limited Package Ver.),not_found,,,,,,,,,,bandai_manual: MS-05S CHAR AZNABLE’S ZAKU I(Limited Package Ver.) | bandai_manual: MS-05S CHAR AZNABLE'S ZAKU I | gunpla_gallery: MS-05S Char Aznable's Zaku I
HG 1/144 MS-06 ZAKU II,downloaded,HG 1_144 MS-06 ZAKU II__f681741904.jpg,gunpla_gallery,MS-06 Zaku II,https://gunplagallery.com/kits/45640-hg-ms-06-zaku-ii,https://s3.amazonaws.com/gunplagallery/catalog/45640_original_HGUC_Zaku_II.jpg,gallery_title_release_month,a70c86b4393f55cdad9b7dc0d608f288505cbdd9b27e245da0f1dfde1b5b0c6c,1500,946,
HG 1/144 MS-06R-1A SHIN MATSUNAGA ZAKU II,downloaded,HG 1_144 MS-06R-1A SHIN MATSUNAGA ZAKU II__1bdc9de6ba.jpg,gunpla_gallery,MS-06R-1A Zaku II (Shin Matsunaga Custom),https://gunplagallery.com/kits/45667-hg-ms-06r-1a-zaku-ii-shin-matsunaga-custom-,https://s3.amazonaws.com/gunplagallery/catalog/45667_original_HGUC_MS-06R1A_-_Matsunaga_Custom.jpg,gallery_title_release_month,75903a1863f1c73304ccbd177e81868a8ea3890e1a803d0d466240993dfb62b7,1500,918,
HG 1/144 MS-06R-1A ZAKU II BLACK TRISTARS,downloaded,HG 1_144 MS-06R-1A ZAKU II BLACK TRISTARS__4faf011016.jpg,bandai_manual,MS-06R-1A ZAKU II BLACK TRISTARS,https://manual.bandai-hobby.net/menus/detail/376,https://bandai-hobby.net/images/157_2741_s_kw9o06nkuuon3idkdflo2siemytp.jpg,official_exact,5f8c00ce07b5cb1430e447fc0f0a7cccf67a748aba71684d2b385078115ef07e,1200,1200,
HG 1/144 MS-06R-1A ZAKUII GAIA/MASH CUSTOM,downloaded,HG 1_144 MS-06R-1A ZAKUII GAIA_MASH CUSTOM__0528c47279.jpg,bandai_manual,MS-06R-1A ZAKUII GAIA/MASH CUSTOM,https://manual.bandai-hobby.net/menus/detail/39,https://bandai-hobby.net/images/189_1325_s_2qadzfyxestmud9y38hy8kxrtglf.jpg,official_exact,e7e5b5e93862b9a21ccf0dd51fb85d3ba22dfc62f17dd195d8de6913278a05db,1200,1200,
HG 1/144 MS-06R-1A ZAKUII ORTEGA CUSTOM,downloaded,HG 1_144 MS-06R-1A ZAKUII ORTEGA CUSTOM__d6a2867dec.jpg,gunpla_hobby,MS-06R-1A ZAKUII ORTEGA CUSTOM,https://gunpla-hobby.com/gunpla/hg-1-144-hg-1-144-ii-c75872,https://thumbnail.image.rakuten.co.jp/@0_mall/mediaworldkaitoriworld/cabinet/6317/7/cg63177911.jpg,official_title_release_month,e3d31ded9895fe8a4c8b58738c500d4a8e39c3c6f16f71c3a66e68f0c965a016,1000,1000,
HG 1/144 MS-06R-2 ZAKUII JOHNNY RIDDEN CUSTOM,downloaded,HG 1_144 MS-06R-2 ZAKUII JOHNNY RIDDEN CUSTOM__4d6334683b.jpg,gunpla_hobby,MS-06R-2 ZAKUII JOHNNY RIDDEN CUSTOM,https://gunpla-hobby.com/gunpla/hg-1-144-hguc-1-144-ms-06r-2-822275,https://tshop.r10s.jp/lachic12/cabinet/onesell412/tk62b2a9902c.jpg,official_title_release_month,ed51691da99a63fbf54c255fcb59ea12f3a06bfcddd163c513dd7efbcf7e1c63,500,500,
HG 1/144 MS-06S ZAKU II PRINCIPALITY OF ZEON CHAR AZNABLE’S MOBILE SUIT Red Comet Ver.,downloaded,HG 1_144 MS-06S ZAKU II PRINCIPALITY OF ZEON CHAR AZNABLE’S MOBILE SUIT Red Comet Ver__f45af1c897.jpg,bandai_manual,MS-06S ZAKU II PRINCIPALITY OF ZEON CHAR AZNABLE’S MOBILE SUIT Red Comet Ver.,https://manual.bandai-hobby.net/menus/detail/68,https://bandai-hobby.net/images/189_3122_s_k20i2jetcf3preptrnme34nlhddw.jpg,official_exact,2dfc53e157f1ae820911012a4f3fc73ff9f9a92a9093b0ee3c0e8cf0716d5348,1200,1200,
HG 1/144 MS-06S ZAKUII,downloaded,HG 1_144 MS-06S ZAKUII__415991253a.jpg,gunpla_hangar,MS-06S Zaku II,https://gunplahangar.com/kits/hggto-ms-06s-zaku-ii,https://gunplahangar.com/img/kits/hggto-ms-06s-zaku-ii/box-art-800.jpg,exact,e73c209c646e08fc410e766f9650b669c9b3ec2467e1fae372bab4ee828df76c,800,505,
HG 1/144 MS-09F DOMTROPEN (SAND BROWN),downloaded,HG 1_144 MS-09F DOMTROPEN (SAND BROWN)__ca8063045a.jpg,gunpla_gallery,MS-09F 'Dom Tropen' (Sand Brown),https://gunplagallery.com/kits/46497-hg-ms-09f-dom-tropen-sand-brown-,https://s3.amazonaws.com/gunplagallery/catalog/46497_original_027.jpg,exact,e733fe7e417be7df4fa499f355ae56af311777af6ea810701f1cd2b34066ff6b,1024,634,
HG 1/144 MS-09RS ANAVEL GATO’S RICK DOM,not_found,,,,,,,,,,bandai_manual: MS-09RS ANAVEL GATO’S RICK DOM | dalong: Anavel Gato's Custom Rick Dom | gunpla_gallery: MS-09R2 Rick Dom II
HG 1/144 MS-14B JOHNNY RIDDEN’S GELGOOG,not_found,,,,,,,,,,bandai_manual: MS-14B JOHNNY RIDDEN’S GELGOOG | gunpla_hobby: MS-14B JOHNNY RIDDEN’S GELGOOG | dalong: 1/144 MS-14B Johnny Ridden's Gelgoog
HG 1/144 MS-14Fs GELGOOG MARINE CIMA CUSTOM,downloaded,HG 1_144 MS-14Fs GELGOOG MARINE CIMA CUSTOM__78722ffa36.jpg,gunpla_gallery,MS-14Fs 'Gelgoog Marine' (Cima Garahau Custom),https://gunplagallery.com/kits/46496-hg-ms-14fs-gelgoog-marine-cima-garahau-custom-,https://s3.amazonaws.com/gunplagallery/catalog/46496_original_026.jpg,gallery_title_release_month,d39dcd054af0cffeb21c9b061dd426ea861655237fb16fbc7c87aa2ee6e01b24,1024,629,
HG 1/144 MSA-0011 S-GUNDAM,downloaded,HG 1_144 MSA-0011 S-GUNDAM__6454830586.jpg,gunpla_hangar,MSA-0011 S Gundam,https://gunplahangar.com/kits/hguc-msa-0011-s-gundam,https://gunplahangar.com/img/kits/hguc-msa-0011-s-gundam/box-art-800.jpg,exact,071303da8c8a260ab75a8527238a4275f3819f8622d204716c46d01402bbe463,800,521,
HG 1/144 MSA-003 NEMO (UNICORN DESERT COLOR Ver. ),downloaded,HG 1_144 MSA-003 NEMO (UNICORN DESERT COLOR Ver. )__1912212415.jpg,gunpla_gallery,MSA-003 Nemo (Unicorn Desert Color Ver.),https://gunplagallery.com/kits/774-hg-msa-003-nemo-unicorn-desert-color-ver-,https://s3.amazonaws.com/gunplagallery/catalog/774_original_Hguc_164.jpg,exact,ce75fd2b36a29a00f2fda1064be4e1bc123279fcac9aea1aeba8cee1a48bc1ff,640,404,
HG 1/144 MSA-009 RICK DIAS (RED),downloaded,HG 1_144 MSA-009 RICK DIAS (RED)__b2c625cf9e.jpg,bandai_manual,MSA-009 RICK DIAS (RED),https://manual.bandai-hobby.net/menus/detail/231,https://bandai-hobby.net/images/189_281_s_opbimehrwhyi3nk02hvagh6bu8ey.jpg,official_exact,13d2d76a6effd43c55d65066cb9b51d5a3736c6d4feb37b685e44bf9a960c88d,1200,1200,
HG 1/144 MSM-07E Z'GOCK E,downloaded,HG 1_144 MSM-07E Z'GOCK E__5078e1cf3f.jpg,bandai_manual,MSM-07E Z'GOCK E,https://manual.bandai-hobby.net/menus/detail/236,https://bandai-hobby.net/images/159_369_s_ttgwurrpsbp7szwsl6dkk1n33mgn.jpg,official_exact,279bef7e2e570c782ab6b5dbb169184fcc9c797b2d06d64f8e7faeed09119de0,1200,1200,
HG 1/144 MSM-07S Z'GOCK (CHAR'S CUSTOM),downloaded,HG 1_144 MSM-07S Z'GOCK (CHAR'S CUSTOM)__131b7eb7a0.jpg,bandai_manual,MSM-07S Z'GOCK (CHAR'S CUSTOM),https://manual.bandai-hobby.net/menus/detail/219,https://bandai-hobby.net/images/158_188_s_zs3tp9nanhjo9y4r209mboga6wx8.jpg,official_exact,679e12193d5c30783365f06e6d43cb317194658f642a5f51e33e4da5a572ab0e,1200,1200,
HG 1/144 MSN-02 ZEONG,downloaded,HG 1_144 MSN-02 ZEONG__0ae990cbd9.jpg,gunpla_hangar,MSN-02 Zeong,https://gunplahangar.com/kits/hguc-msn-02-zeong,https://gunplahangar.com/img/kits/hguc-msn-02-zeong/box-art-800.jpg,exact,312b8b07acd28845735412f350964642b9fbef69097d7de1489b676085536860,800,525,
HG 1/144 MURASAME KAI,downloaded,HG 1_144 MURASAME KAI__a953490d89.jpg,dalong,Murasame Kai,https://www.dalong.net/reviews/hg/h256/h256_p_e.htm,https://www.dalong.net/reviews/hg/h256/p/h256.jpg,exact,d7a3df9161d3dabaa33a94d10c8c01061f3acebd165b801a46c773577fc51305,1200,756,
HG 1/144 NARRATIVE GUNDAM A-PACKS,downloaded,HG 1_144 NARRATIVE GUNDAM A-PACKS__1464715aab.jpg,dalong,Narrative Gundam A-packs,https://www.dalong.net/reviews/hg/h218/h218_p_e.htm,https://www.dalong.net/reviews/hg/h218/p/h218.jpg,exact,b7d8f01768f127d99a3ef1eea9991789027aa250e06e69a0243093890ed50af3,1200,954,
HG 1/144 NARRATIVE GUNDAM C-PACKS,downloaded,HG 1_144 NARRATIVE GUNDAM C-PACKS__eece7d0185.jpg,dalong,Narrative Gundam C-Packs,https://www.dalong.net/reviews/hg/h222/h222_p_e.htm,https://www.dalong.net/reviews/hg/h222/p/h222.jpg,exact,3caf130afe1783dc3a53f88105b47867e25c40bc45d45819e1a0c909df47d8a4,1200,753,
HG 1/144 NEMO (UNICORN VER.),downloaded,HG 1_144 NEMO (UNICORN VER.)__0ed918d7ee.jpg,dalong,Nemo [Unicorn Ver.],https://www.dalong.net/reviews/hg/h140/h140_p_e.htm,https://www.dalong.net/reviews/hg/h140/p/h140.jpg,exact,cf5cb96c652b53d8fe48f5ebdd567637d7124753fe0a534de4c5d6d07c971588,300,189,
HG 1/144 NEMO (Z Ver.),downloaded,HG 1_144 NEMO (Z Ver.)__a8305ac377.jpg,bandai_manual,NEMO (Z Ver.),https://manual.bandai-hobby.net/menus/detail/366,https://bandai-hobby.net/images/189_2740_s_8tvtzz70j9mivdzrcery3bqhtu1n.jpg,official_exact,5fba6201997e4c723dd2a5edb5291dbe70fc721ef968f29fb519bf84b716c79f,1200,1200,
HG 1/144 NEO ZEONG,downloaded,HG 1_144 NEO ZEONG__95d6488407.jpg,dalong,Neo Zeong,https://www.dalong.net/reviews/hg/h181/h181_p_e.htm,https://www.dalong.net/reviews/hg/h181/p/h181.jpg,exact,02ad959f96896b0f88be6dc5ca27c2d9da8b0095e4623bb568a168983bca2394,300,162,
HG 1/144 NIGHTINGALE,downloaded,HG 1_144 NIGHTINGALE__bc8c4b9630.jpg,dalong,Nightingale,https://www.dalong.net/reviews/hg/h240/h240_p_e.htm,https://www.dalong.net/reviews/hg/h240/p/h240.jpg,exact,da5a509322939c23a02f1620149929bfc6d6714abc82a619965228012cf828f3,1200,804,
HG 1/144 NINPULSE GUNDAM,downloaded,HG 1_144 NINPULSE GUNDAM__abf3eddc9d.jpg,gunpla_gallery,忍ノ参 Ninpulse Gundam,https://gunplagallery.com/kits/115-hg-%E5%BF%8D%E3%83%8E%E5%8F%82-ninpulse-gundam,https://s3.amazonaws.com/gunplagallery/catalog/115_original_HGBF_Ninpulse_Gundam.jpg,exact,787fb851b511b9a619be7ca3ed9b7a1758d7a48bfe8711652ed5ced1415938c9,1200,758,
HG 1/144 NO-NAME RIFLE,downloaded,HG 1_144 NO-NAME RIFLE__8afc5580fc.jpg,dalong,No-Name Rifle,https://www.dalong.net/reviews/bf/bc45/bc45_p_e.htm,https://www.dalong.net/reviews/bf/bc45/p/bc45.jpg,exact,ebd223dc02faf1deba23b86ef510102580151fbd68e0d09ef25c64a7ccf4a666,951,1200,
HG 1/144 NOBELL GUNDAM,downloaded,HG 1_144 NOBELL GUNDAM__b08a46672c.jpg,dalong,Nobell Gundam,https://www.dalong.net/reviews/hg/h119/h119_p_e.htm,https://www.dalong.net/reviews/hg/h119/p/h119.jpg,exact,e3f7ba01eed3e4d4818a3d43296a33008a6d0d2a9ed34b0a11268f06ade07b10,289,180,
HG 1/144 NOBELL GUNDAM (BERSERKER MODE),downloaded,HG 1_144 NOBELL GUNDAM (BERSERKER MODE)__8a2c8dce73.jpg,dalong,Nobell Gundam [Berserker Mode],https://www.dalong.net/reviews/hg/h129/h129_p_e.htm,https://www.dalong.net/reviews/hg/h129/p/h129.jpg,exact,a0b6083bff70a81431d72916065b6e6cc88de7834d3a1da409a2a9f4eb0492b4,300,187,
HG 1/144 NZ-666 KSHATRIYA,downloaded,HG 1_144 NZ-666 KSHATRIYA__aba1daba84.jpg,gunpla_gallery,NZ-666 Kshatriya,https://gunplagallery.com/kits/709-hg-nz-666-kshatriya,https://s3.amazonaws.com/gunplagallery/catalog/709_original_099.jpg,exact,b3eac23837f2d5382f4bb1d9bb94f9a95af729fae1db3bce2509a394117bff0e,1024,829,
HG 1/144 O GUNDAM,downloaded,HG 1_144 O GUNDAM__2defacbe7b.jpg,dalong,O Gundam,https://www.dalong.net/reviews/00/0h52/0h52_p_e.htm,https://www.dalong.net/reviews/00/0h52/p/0h52.jpg,exact,e6617df26e08fe0b3b64dc38e3e95cfaf5b3121362e7fdce94559d2cddf8fedd,290,181,
HG 1/144 O GUNDAM(Type A.C.D.),downloaded,HG 1_144 O GUNDAM(Type A.C.D.)__2e13ef961b.jpg,dalong,O Gundam (Type A.C.D.),https://www.dalong.net/reviews/00/0h45/0h45_p_e.htm,https://www.dalong.net/reviews/00/0h45/p/0h45.jpg,exact,8d852ba25f7ce9b673fffaef6ac8960bbbeb08ef2f265679101fb673f5c5c190,289,186,
HG 1/144 O RAISER,downloaded,HG 1_144 O RAISER__97f20636d4.jpg,dalong,Oraiser,https://www.dalong.net/reviews/00/0112/0112_p_e.htm,https://www.dalong.net/reviews/00/0112/p/0112.jpg,exact,56e206ceb2e2d1e3fee12ffec10b551188fcb45c8ca5e0c8384848f76bc63ede,184,289,
HG 1/144 OGRE GN-X,downloaded,HG 1_144 OGRE GN-X__e616c7ce78.jpg,dalong,Ogre GN-X,https://www.dalong.net/reviews/bf/bd05/bd05_p_e.htm,https://www.dalong.net/reviews/bf/bd05/p/bd05.jpg,exact,5be83a2a8f5074f358e9cd941f91fe23ce1ac16201190dc7d9b42aecf28c356e,1200,732,
HG 1/144 OLTLINDE,downloaded,HG 1_144 OLTLINDE__37be9d9893.jpg,gunpla_hangar,V03-0907 Oltlinde,https://gunplahangar.com/kits/hgi-bo-v03-0907-oltlinde,https://gunplahangar.com/img/kits/hgi-bo-v03-0907-oltlinde/box-art-800.jpg,source_model_code_hangar_exact,8ac932e043231badc68602f3544c82424ba36912d9023d1a1bef250881c0ec62,800,800,
HG 1/144 OO GUNDAM,downloaded,HG 1_144 OO GUNDAM__5da5827e3c.jpg,gunpla_hangar,GN-0000 00 Gundam,https://gunplahangar.com/kits/hg00-gn-0000-00-gundam,https://gunplahangar.com/img/kits/hg00-gn-0000-00-gundam/box-art-800.jpg,source_model_code_hangar_exact,3b58d929f9f8db2a65d436e754bf976e383215ec65edc04ad9d7e4d7702e4f95,800,511,
HG 1/144 OO GUNDAM SEVEN SWORD/G,downloaded,HG 1_144 OO GUNDAM SEVEN SWORD_G__66c7c96feb.jpg,dalong,OO Gundam Seven Sword/G,https://www.dalong.net/reviews/00/0h61/0h61_p_e.htm,https://www.dalong.net/reviews/00/0h61/p/0h61.jpg,exact,fdab67a7a6d5c77480aeb5786b893d66778efe34e491e219eee1df6dea3077ca,290,178,
HG 1/144 OO QAN[T],downloaded,HG 1_144 OO QAN[T]__a022ee860c.jpg,dalong,OO QAN[T],https://www.dalong.net/reviews/00/0h66/0h66_p_e.htm,https://www.dalong.net/reviews/00/0h66/p/0h66.jpg,exact,22d6fa274a1209aedc698d2bc084d45db1e37f4f4be54a09b6e9f3d693bfdc88,290,180,
HG 1/144 OO RAISER GN CONDENSER TYPE,downloaded,HG 1_144 OO RAISER GN CONDENSER TYPE__d1175bba75.jpg,gunpla_gallery,GN-0000RE+GNR-010 00 Raiser GN Condenser Type,https://gunplagallery.com/kits/266-hg-gn-0000re-gnr-010-00-raiser-gn-condenser-type,https://s3.amazonaws.com/gunplagallery/catalog/266_original_Hg00-raiser-condenser.jpg,source_model_code_cross_source,7e713c7cd1d5797e1600cf94b71c5e8ace37f6df2177122d08bd436ba56e3280,1200,731,
HG 1/144 OO RAISER+GN SWORD III,downloaded,HG 1_144 OO RAISER+GN SWORD III__6bb9f82ed3.jpg,dalong,OO Raiser + GN Sword III,https://www.dalong.net/reviews/00/0h54/0h54_p_e.htm,https://www.dalong.net/reviews/00/0h54/p/0h54.jpg,exact,354e000ad16cc31f93eb8526af07cb2bc4e80af4d5b4b672b3f306ae7c9f9e69,289,176,
HG 1/144 OO-RAISER DESIGNER'S COLOR Ver.,downloaded,HG 1_144 OO-RAISER DESIGNER'S COLOR Ver__5febd3f013.jpg,gunpla_gallery,GN-0000+GNR-010 00 Raiser (Designer's Color Ver.),https://gunplagallery.com/kits/234-hg-gn-0000-gnr-010-00-raiser-designer-s-color-ver-,https://s3.amazonaws.com/gunplagallery/catalog/234_original_Hg00-00-raiser.jpg,source_model_code_cross_source,64d4df3419bcd043846bf9d609fd32d7cf1169a0c7ed5af69979697a6664b851,1024,625,
HG 1/144 ORGA'S IO FRAME SHIDEN CUSTOM,downloaded,HG 1_144 ORGA'S IO FRAME SHIDEN CUSTOM__32e2091c05.jpg,gunpla_hobby,ORGA'S IO FRAME SHIDEN CUSTOM,https://gunpla-hobby.com/gunpla/hg-1-144-1-144-0a7fb9,https://tshop.r10s.jp/otakarasouko/cabinet/_1094/1240069222686_1.jpg,official_title_release_month,85090314428657d12977f5ef10e605cda0c918a41916c243155e5ae6f16ed329,750,750,
HG 1/144 ORX-005 GAPLANT,downloaded,HG 1_144 ORX-005 GAPLANT__562b00bf13.jpg,gunpla_hangar,ORX-005 Gaplant,https://gunplahangar.com/kits/hguc-orx-005-gaplant,https://gunplahangar.com/img/kits/hguc-orx-005-gaplant/box-art-800.jpg,exact,9d6719d9fe2d5a86cd85bb181e3d901559f9febfff307bb8905cd21a5d5bc158,800,521,
HG 1/144 ORX-005 GAPLANT TR-5 HRAIROO,downloaded,HG 1_144 ORX-005 GAPLANT TR-5 HRAIROO__d1b7c5e02e.jpg,gunpla_hangar,ORX-005 Gaplant TR-5 (Hrairoo),https://gunplahangar.com/kits/hguc-orx-005-gaplant-tr-5-hrairoo,https://gunplahangar.com/img/kits/hguc-orx-005-gaplant-tr-5-hrairoo/box-art-800.jpg,exact,ed988145836042ee866a622ec813ce0f0598883527d853c03dd4c64c4fda5c29,800,516,
HG 1/144 OVER FLAG,downloaded,HG 1_144 OVER FLAG__7a91de923a.jpg,gunpla_hangar,SVMS-01O Over Flag,https://gunplahangar.com/kits/hg00-svms-01o-over-flag,https://gunplahangar.com/img/kits/hg00-svms-01o-over-flag/box-art-800.jpg,source_model_code_hangar_exact,8581544ae8e149e8f0262fde0126fa1f7628cfd35319f18b04d1f92f91d24957,800,500,
HG 1/144 PALACE-ATHENE,downloaded,HG 1_144 PALACE-ATHENE__c819dedcb8.jpg,dalong,Palace-Athene,https://www.dalong.net/reviews/hg/h60/h60_p_e.htm,https://www.dalong.net/reviews/hg/h60/p/h60.jpg,exact,360ebab216d925176b19ee908a1619a37fb6afc48e7abff46bff86270b11f863,289,176,
HG 1/144 PALE RIDER (SPACE TYPE),not_found,,,,,,,,,,bandai_manual: PALE RIDER (SPACE TYPE) | dalong: Pale Rider (Space Type) | bandai_manual: PALE RIDER(GROUND HEAVY EQUIPMENT TYPE)
HG 1/144 PALE RIDER CAVALRY,downloaded,HG 1_144 PALE RIDER CAVALRY__5ca4e344f2.jpg,gunpla_hangar,RX-80PR-2 Pale Rider Cavalry,https://gunplahangar.com/kits/hguc-rx-80pr-2-pale-rider-cavalry,https://gunplahangar.com/img/kits/hguc-rx-80pr-2-pale-rider-cavalry/box-art-800.jpg,source_model_code_hangar_exact,ba706cec913a55c4c66a7cef6fa3cb6cd27d42a84931fe2bdf4bacbc56a23af5,800,800,
HG 1/144 PALE RIDER DII (TITANS),downloaded,HG 1_144 PALE RIDER DII (TITANS)__80e3e0cb38.jpg,gunpla_hobby,PALE RIDER DII (TITANS),https://gunpla-hobby.com/gunpla/hg-1-144-1-144-ba0778,https://tshop.r10s.jp/goodsstreet/cabinet/goods1pic/systempic014/goods-09d7lmz3m1.jpg,official_title_release_month,b74c0bc5616341ac0c1313571b4ad1e4536a7497ce1599c47483e2cbd04b01fa,500,313,
HG 1/144 PALE RIDER(GROUND HEAVY EQUIPMENT TYPE),not_found,,,,,,,,,,bandai_manual: PALE RIDER(GROUND HEAVY EQUIPMENT TYPE) | dalong: Pale Rider (Ground Heavy Equipment Type) | gunpla_hobby: PALE RIDER(GROUND HEAVY EQUIPMENT TYPE)
HG 1/144 PAPA'GGUY,downloaded,HG 1_144 PAPA'GGUY__8b0fd1ee98.jpg,dalong,Papagguy,https://www.dalong.net/reviews/bf/bf52/bf52_p_e.htm,https://www.dalong.net/reviews/bf/bf52/p/bf52.jpg,exact,7abce48e2256d879ee0e1ed6552d0be0e1377517da24b6028ab01caec0f05428,300,182,
HG 1/144 PENELOPE,downloaded,HG 1_144 PENELOPE__815d7dfd0f.jpg,dalong,Penelope,https://www.dalong.net/reviews/hg/h229/h229_p_e.htm,https://www.dalong.net/reviews/hg/h229/p/h229.jpg,exact,92cabdba136434808e72a5441a510d965c16324a77552e6e85dcb80fda21df62,1200,945,
HG 1/144 PETIT'GUY MASS PRODUCTION TYPE,not_found,,,,,,,,,,bandai_manual: GUNCANNON MASS PRODUCTION TYPE | bandai_manual: ZAKUII MASS PRODUCTION TYPE | gunpla_hobby: GUNCANNON MASS PRODUCTION TYPE
HG 1/144 PHANTOM GUNDAM,not_found,,,,,,,,,,bandai_manual: PHANTOM GUNDAM | dalong: Phantom Gundam | gunpla_hobby: PHANTOM GUNDAM
HG 1/144 PLE TWO’S QUBELEY Mk-II,not_found,,,,,,,,,,bandai_manual: PLE TWO’S QUBELEY Mk-II | gunpla_hobby: PLE TWO’S QUBELEY Mk-II | dalong: Qubeley Mk-II (Ple Two Use)
HG 1/144 PLUMA SET (INVASION OF CHRYSE),downloaded,HG 1_144 PLUMA SET (INVASION OF CHRYSE)__8fbc923dea.jpg,gunpla_hobby,PLUMA SET (INVASION OF CHRYSE),https://gunpla-hobby.com/gunpla/hg-1-144-1-144-503438,https://tshop.r10s.jp/mediaworldkaitoriworld/cabinet/6313/3/cg63133670.jpg,official_title_release_month,45761afe168d8b0abdfb88eec6a453955ea9d23cf8fd5a600a75803753bb118c,1600,1600,
HG 1/144 PMX-003 THE-O,downloaded,HG 1_144 PMX-003 THE-O__ad9222cb0a.jpg,gunpla_hangar,PMX-003 The-O,https://gunplahangar.com/kits/hguc-pmx-003-the-o,https://gunplahangar.com/img/kits/hguc-pmx-003-the-o/box-art-800.jpg,exact,bb0371cc94f301b676d1994c69384f91fb8d0a2acd72a6bef7fc9a0f3d45cf64,800,515,
HG 1/144 POLICE ZAKU,downloaded,HG 1_144 POLICE ZAKU__a950829b09.jpg,dalong,Police Zaku,https://www.dalong.net/reviews/hg/hgq02/hgq02_p_e.htm,https://www.dalong.net/reviews/hg/hgq02/p/hgq02.jpg,exact,2dc3505b8eb5229d117c96807b09560f24bb9534596927dbfb97bb9d52c4b752,1200,750,
HG 1/144 POWERED ARMS POWEREDER,downloaded,HG 1_144 POWERED ARMS POWEREDER__c9e5629b5f.jpg,dalong,Powered Arms Powereder,https://www.dalong.net/reviews/bf/bc14/bc14_p_e.htm,https://www.dalong.net/reviews/bf/bc14/p/bc14.jpg,exact,4286c77bb34b64b2df88dec6c41665578d2017c504097f4ae71e10a7fbce5446,238,300,
HG 1/144 POWERED GM CARDIGAN,downloaded,HG 1_144 POWERED GM CARDIGAN__a6aaaeb1e4.jpg,dalong,Powered GM Cardigan,https://www.dalong.net/reviews/bf/bf19/bf19_p_e.htm,https://www.dalong.net/reviews/bf/bf19/p/bf19.jpg,exact,517e27b3d6de4825e9021686292464134d6472a4480360c0327d19a4c7aa5773,300,189,
HG 1/144 PROTOTYPE GOUF (TACTICAL DEMONSTRATOR),downloaded,HG 1_144 PROTOTYPE GOUF (TACTICAL DEMONSTRATOR)__7a25753a40.jpg,dalong,Prototype Gouf [Tactical Demonstrator],https://www.dalong.net/reviews/hg/ho04/ho04_p_e.htm,https://www.dalong.net/reviews/hg/ho04/p/ho04.jpg,exact,d10df661c22bb34d120cd6767d5390400782c1c554cca139be41c4b97937cb63,300,190,
HG 1/144 PSYCHO GM,downloaded,HG 1_144 PSYCHO GM__f59c20316c.jpg,gunpla_hangar,MRXGM-009 Psycho GM,https://gunplahangar.com/kits/hgbf-mrxgm-009-psycho-gm,https://gunplahangar.com/img/kits/hgbf-mrxgm-009-psycho-gm/box-art-800.jpg,source_model_code_hangar_exact,4409edde1e7960666a31be95039a0c1b3c810945003c9ca4bd8ece729f0fdb92,769,610,
HG 1/144 PSYCHO GUNDAM,downloaded,HG 1_144 PSYCHO GUNDAM__61397211b5.jpg,dalong,Psycho Gundam,https://www.dalong.net/reviews/hg/h49/h49_p_e.htm,https://www.dalong.net/reviews/hg/h49/p/h49.jpg,exact,efec2e004384f252697f8b3df01e93610a69a6c6f1f90afa84e167c903986434,289,221,
HG 1/144 PTOLEMAIOS ARMS,downloaded,HG 1_144 PTOLEMAIOS ARMS__3aeea59dc9.jpg,dalong,Ptolemaios Arms,https://www.dalong.net/reviews/bf/bc39/bc39_p_e.htm,https://www.dalong.net/reviews/bf/bc39/p/bc39.jpg,exact,3012ef4091e4368d23b224e23fd01be9c6ca9efd61129972d9880a3864c58d89,942,1200,
HG 1/144 QUATTRO BAJEENA’S RICK DIAS,not_found,,,,,,,,,,bandai_manual: QUATTRO BAJEENA’S RICK DIAS | gunpla_hobby: QUATTRO BAJEENA’S RICK DIAS | dalong: Rick Dias (Quattro Bajeena Custom)
HG 1/144 QUBELEY,downloaded,HG 1_144 QUBELEY__1c77f5a079.jpg,gunpla_hangar,AMX-004 Qubeley,https://gunplahangar.com/kits/hguc-amx-004-qubeley,https://gunplahangar.com/img/kits/hguc-amx-004-qubeley/box-art-800.jpg,source_model_code_hangar_exact,e5211b83db2ce91b07eaad5f0e247971a2ba4fa683fb992a2de0962f03631c65,800,502,
HG 1/144 QUBELEY Mk-II,downloaded,HG 1_144 QUBELEY Mk-II__f315c9cae0.jpg,dalong,Qubeley Mk-II,https://www.dalong.net/reviews/hg/h11/h11_p_e.htm,https://www.dalong.net/reviews/hg/h11/p/h11.jpg,exact,896417c433407fe51cc6141ac648186c3371bacccfc1e56309d63bb4eb8fb592,290,178,
HG 1/144 QUBELEY PAPILLON,downloaded,HG 1_144 QUBELEY PAPILLON__06b6771d57.jpg,dalong,Qubeley Papillon,https://www.dalong.net/reviews/bf/bf11/bf11_p_e.htm,https://www.dalong.net/reviews/bf/bf11/p/bf11.jpg,exact,62268bfbae7e7d802d8f6c982b58f00baa39cefb2fc695450c0d94229cf7ca9d,300,193,
HG 1/144 R-GYAGYA,downloaded,HG 1_144 R-GYAGYA__f266611dc6.jpg,dalong,R-Gyagya,https://www.dalong.net/reviews/bf/bf24/bf24_p_e.htm,https://www.dalong.net/reviews/bf/bf24/p/bf24.jpg,exact,c443268b081b95bf67bfea8f1650cec8159a1d24e21e0bc3cd0394eb9ef2caeb,300,190,
HG 1/144 R-JARJA,downloaded,HG 1_144 R-JARJA__1fee95f4a4.jpg,dalong,R-Jarja,https://www.dalong.net/reviews/hg/h220/h220_p_e.htm,https://www.dalong.net/reviews/hg/h220/p/h220.jpg,exact,3b41be5d255d6db024cd54c2cdd58f64041df7e85fdb8bd5fd9c4d3336207a1a,1200,759,
HG 1/144 R-JARJA (Twilight AXIS Ver.),not_found,,,,,,,,,,bandai_manual: R-JARJA (Twilight AXIS Ver.) | dalong: R-Jarja (Twilight Axis Ver.) | gunpla_hobby: R-JARJA (Twilight AXIS Ver.)
HG 1/144 R01 AILE STRIKE GUNDAM,downloaded,HG 1_144 R01 AILE STRIKE GUNDAM__4547f1ebc0.jpg,bandai_manual,R01 AILE STRIKE GUNDAM,https://manual.bandai-hobby.net/menus/detail/330,https://bandai-hobby.net/images/156_5476_s_sbrh41vdjcamfeal1uj28065pd3v.jpg,official_exact,64ffe11db1d47ec19c541a45cae05a6e20427ccc80b004820e50c94dc370501a,1200,1200,
HG 1/144 R02 DUEL GUNDAM,downloaded,HG 1_144 R02 DUEL GUNDAM__e70526d2df.jpg,bandai_manual,R02 DUEL GUNDAM,https://manual.bandai-hobby.net/menus/detail/331,https://bandai-hobby.net/images/156_5477_s_e9qmg7mvh5pieixzo9eoz2jqewe1.jpg,official_exact,6e864d59d65e2619520ddfe3d00d1cb17737326b63a2cccf876ac890b34b6d0d,1200,1200,
HG 1/144 R03 BUSTER GUNDAM,downloaded,HG 1_144 R03 BUSTER GUNDAM__966d6a3c67.jpg,bandai_manual,R03 BUSTER GUNDAM,https://manual.bandai-hobby.net/menus/detail/332,https://bandai-hobby.net/images/156_5478_s_uivx7oawst51l9crf9ngisiath0e.jpg,official_exact,d1cb18b9436439e0ec8e8a7a129155b0413beb8162ba57c34f3d1e6c26c8fd0a,560,560,
HG 1/144 R04 BLITZ GUNDAM,downloaded,HG 1_144 R04 BLITZ GUNDAM__49e8cb42fc.jpg,bandai_manual,R04 BLITZ GUNDAM,https://manual.bandai-hobby.net/menus/detail/333,https://bandai-hobby.net/images/156_5479_s_z0d9dz7v52775bte3dgpgdoyix18.jpg,official_exact,94da6fd0576becdb5fde66ca4dc8873736927e13204fe31ed60213ac1f1e355d,1200,1200,
HG 1/144 R05 AEGIS GUNDAM,downloaded,HG 1_144 R05 AEGIS GUNDAM__1f496657b4.jpg,bandai_manual,R05 AEGIS GUNDAM,https://manual.bandai-hobby.net/menus/detail/334,https://bandai-hobby.net/images/156_5480_s_1kv7ape5yladrd120qz8z6zoi23a.jpg,official_exact,fbb4daf0119419921727bda93f859be3ba0443c1280f328afa5795831e59d69b,1200,1200,
HG 1/144 R06 MOBILE GINN,downloaded,HG 1_144 R06 MOBILE GINN__45e0b62e47.jpg,bandai_manual,R06 MOBILE GINN,https://manual.bandai-hobby.net/menus/detail/335,https://bandai-hobby.net/images/156_4674_s_fps552fmf30ue95bd8f78fb5dyta.jpg,official_exact,f1d92a6157d5d3745cfbfc2d7ae1a12aa68937ac5bcb3db4da8b4bba59cdb876,1200,1200,
HG 1/144 R07 MOBILE CGUE,downloaded,HG 1_144 R07 MOBILE CGUE__bd906da62f.jpg,bandai_manual,R07 MOBILE CGUE,https://manual.bandai-hobby.net/menus/detail/336,https://bandai-hobby.net/images/156_4675_s_yfhrd1g92g0riqjj7f2zmkw0qyt0.jpg,official_exact,4a0fd2890c2c072b572fc33da39a81ab721123795b60e81bc2ae35c31bf6dfd8,1200,1200,
HG 1/144 R08 CALAMITY GUNDAM,downloaded,HG 1_144 R08 CALAMITY GUNDAM__e980f8effc.jpg,bandai_manual,R08 CALAMITY GUNDAM,https://manual.bandai-hobby.net/menus/detail/337,https://bandai-hobby.net/images/156_5489_s_eqj5dgb083aff3xf1ng2sxszz3cl.jpg,official_exact,cadab7318b1a1a0a39332de345a1eccd41a2c842fef3226245463278896bfc9e,1200,1200,
HG 1/144 R09 FORBIDDEN GUNDAM,downloaded,HG 1_144 R09 FORBIDDEN GUNDAM__d9aa527a57.jpg,bandai_manual,R09 FORBIDDEN GUNDAM,https://manual.bandai-hobby.net/menus/detail/338,https://bandai-hobby.net/images/156_3979_o_1gnopu89p1e8ilq61863pov1jaj28.jpg,official_exact,c3e6402b65d454548c0a6ccf588fc584f7d153a47c68bf491e840bdb623b0a47,560,560,
HG 1/144 R10 RAIDER GUNDAM,downloaded,HG 1_144 R10 RAIDER GUNDAM__2266a2a878.jpg,bandai_manual,R10 RAIDER GUNDAM,https://manual.bandai-hobby.net/menus/detail/339,https://bandai-hobby.net/images/156_5490_s_23ipmh2sr1r05xfmjh548vm1bqob.jpg,official_exact,5d5d13cc1cf909bcf2b9eedf1f44dc6584f101573b7aac9516b374d81343d37f,1200,1200,
HG 1/144 R11 LaGOWE,downloaded,HG 1_144 R11 LaGOWE__c7d6e1330f.jpg,bandai_manual,R11 LaGOWE,https://manual.bandai-hobby.net/menus/detail/341,https://bandai-hobby.net/images/156_3854_s_pko7ihstxfk8x5m89icuhmcgw93q.jpg,official_exact,e17670de15a6a26479b30d02a5ecf6c7ff4aad7e5b5b33f439b37df31e234794,1200,1200,
HG 1/144 R12 MOBILE BuCUE,downloaded,HG 1_144 R12 MOBILE BuCUE__e9d6dda8e2.jpg,bandai_manual,R12 MOBILE BuCUE,https://manual.bandai-hobby.net/menus/detail/343,https://bandai-hobby.net/images/157_3855_s_zztqpzkv8wc2u0dxuxf90xq6hbgj.jpg,official_exact,9e7012dad7c92b596c9df8ad1c9fec3ca756a77f6a5141219425cf761308be7a,1200,1200,
HG 1/144 R13 PROVIDENCE GUNDAM,downloaded,HG 1_144 R13 PROVIDENCE GUNDAM__4aa89877d8.jpg,bandai_manual,R13 PROVIDENCE GUNDAM,https://manual.bandai-hobby.net/menus/detail/344,https://bandai-hobby.net/images/156_5499_s_ee2gwtkjzg6yok2vouqsd7j87k5b.jpg,official_exact,8c12b996440cb674f44e0696aa736e9f19401f6cc5bb1c614a56db7ce8d66ec8,1200,1200,
HG 1/144 R14 JUSTICE GUNDAM,downloaded,HG 1_144 R14 JUSTICE GUNDAM__6f4400752d.jpg,bandai_manual,R14 JUSTICE GUNDAM,https://manual.bandai-hobby.net/menus/detail/345,https://bandai-hobby.net/images/156_5500_s_0hfmkwrjfydjix3tfs43osa1ejec.jpg,official_exact,4156548d2531594df10e2389d9404e35908fe90c7cdb0906f0d8417d0b32f7d2,1200,1200,
HG 1/144 R15 FREEDOM GUNDAM,downloaded,HG 1_144 R15 FREEDOM GUNDAM__ca10742e5d.jpg,bandai_manual,R15 FREEDOM GUNDAM,https://manual.bandai-hobby.net/menus/detail/340,https://bandai-hobby.net/images/156_804_s_d1p8qn1gdo8tb6wn3ej3h10un09m.jpg,official_exact,0b2387f0b542175b756d76b13b9cb3c2177a2352a6c6e0dea3ac3bddaaafbabe,560,560,
HG 1/144 R16 M1 ASTRAY,downloaded,HG 1_144 R16 M1 ASTRAY__d5592f0494.jpg,bandai_manual,R16 M1 ASTRAY,https://manual.bandai-hobby.net/menus/detail/342,https://bandai-hobby.net/images/156_5514_s_z6x5p0oqi1mhmfuehvjjz6iptjtu.jpg,official_exact,6f9ca0176a6b2460dcb5a5b68d1e346487c02e3b1b62abb6e105c9ab1346ddfd,1200,1200,
HG 1/144 R17 PERFECT STRIKE GUNDAM,downloaded,HG 1_144 R17 PERFECT STRIKE GUNDAM__318630bbc8.jpg,bandai_manual,R17 PERFECT STRIKE GUNDAM,https://manual.bandai-hobby.net/menus/detail/4,https://bandai-hobby.net/images/156_5534_o_1gois5a1u1migp7k1b351sclhlt23.jpg,official_exact,b41ad70c72bc64633e220249a361e7aeb9b641be99f3426ab71e7702a1ec65d5,1200,1200,
HG 1/144 RAPHAEL GUNDAM,downloaded,HG 1_144 RAPHAEL GUNDAM__7c5cc86731.jpg,dalong,Raphael Gundam,https://www.dalong.net/reviews/00/0h69/0h69_p_e.htm,https://www.dalong.net/reviews/00/0h69/p/0h69.jpg,exact,4e6e30334a2e6c1283a5dbe6b732bde92bfa7477b99b52a8df29ce38f06d03f9,291,178,
HG 1/144 RAS-96 ANKSHA,downloaded,HG 1_144 RAS-96 ANKSHA__ea20884f11.jpg,gunpla_gallery,RAS-96 Anksha,https://gunplagallery.com/kits/751-hg-ras-96-anksha,https://s3.amazonaws.com/gunplagallery/catalog/751_original_Hguc-ankusha.jpg,exact,8759a590652d46cd03ae9b7a549107cc00f0964483769f56c200d1d8fd35584e,1500,968,
HG 1/144 Re-GZ,downloaded,HG 1_144 Re-GZ__4b12a7f890.jpg,dalong,Re-GZ,https://www.dalong.net/reviews/hg/h85/h85_p_e.htm,https://www.dalong.net/reviews/hg/h85/p/h85.jpg,exact,976c23844dffd6b8f35e17dafd4e911e01a1cbc4165763f0c955d3359859faad,290,186,
HG 1/144 REBAWOO,downloaded,HG 1_144 REBAWOO__98765ec3dc.jpg,gunpla_hobby,REBAWOO,https://gunpla-hobby.com/gunpla/hg-1-144-hg-1-144-d041e5,https://tshop.r10s.jp/zootrope/cabinet/07655638/imgrc0191392427.jpg,official_title_release_month,6a93b5954cf392e665d6d58380335027f6ae8adea5e8bef7f9799df7d94c0f31,600,385,
HG 1/144 REBORNS GUNDAM,downloaded,HG 1_144 REBORNS GUNDAM__0aacef0294.jpg,dalong,Reborns Gundam,https://www.dalong.net/reviews/00/0h53/0h53_p_e.htm,https://www.dalong.net/reviews/00/0h53/p/0h53.jpg,exact,780dc384050b4e87cfb67ca9fee3817dad2f13a76d786a632e4b3f380083d38f,290,177,
HG 1/144 REBORNS GUNDAM (TRANS-AM MODE),downloaded,HG 1_144 REBORNS GUNDAM (TRANS-AM MODE)__51a6016c2a.jpg,dalong,Reborns Gundam ~ Trans AM mode,https://www.dalong.net/reviews/00/0h60/0h60_p_e.htm,https://www.dalong.net/reviews/00/0h60/p/0h60.jpg,exact,8096c783d730729b9db018e5891ff1010d09242dde041840b4948a02c49e16fc,291,176,
HG 1/144 REGELGU,downloaded,HG 1_144 REGELGU__7a66e202ae.jpg,gunpla_hangar,MS-14J ReGelgu,https://gunplahangar.com/kits/hguc-ms-14j-regelgu,https://gunplahangar.com/img/kits/hguc-ms-14j-regelgu/box-art-800.jpg,source_model_code_hangar_exact,c1337e8e1ae8fca75021d9c5a7b1e1ca7fc33a688e19e8d95ea3a2382a426a2c,512,324,
HG 1/144 REGELGU (UNICORN Ver.),not_found,,,,,,,,,,bandai_manual: REGELGU (UNICORN Ver.) | dalong: Regelgu (Unicorn Ver.) | gunpla_hobby: REGELGU (UNICORN Ver.)
HG 1/144 REGINLAZE JULIA,downloaded,HG 1_144 REGINLAZE JULIA__2b004f9a73.jpg,dalong,Reginlaze Julia,https://www.dalong.net/reviews/ib/ibh34/ibh34_p_e.htm,https://www.dalong.net/reviews/ib/ibh34/p/ibh34.jpg,exact,0adc35ebd4a63425b0344598018bf83b7c07c55cbca4ceac1ac23c8f915bd41d,300,187,
HG 1/144 REVERSIBLE GUNDAM,downloaded,HG 1_144 REVERSIBLE GUNDAM__c9f7ea19c5.jpg,dalong,Reversible Gundam,https://www.dalong.net/reviews/bf/bf63/bf63_p_e.htm,https://www.dalong.net/reviews/bf/bf63/p/bf63.jpg,exact,0f507332646915e655682357e82c892db45d28a117d2a45718fe107cef99ecb8,300,187,
HG 1/144 ReZEL,downloaded,HG 1_144 ReZEL__5614b80183.jpg,dalong,ReZEL,https://www.dalong.net/reviews/hg/h103/h103_p_e.htm,https://www.dalong.net/reviews/hg/h103/p/h103.jpg,exact,8ca8dc971ead344b253a256bdca72124d9c04cd8ddfeebde7282356cda8cdcf6,290,174,
HG 1/144 ReZEL (CAPTAIN MS),downloaded,HG 1_144 ReZEL (CAPTAIN MS)__08d61fef1f.jpg,bandai_manual,ReZEL (CAPTAIN MS),https://manual.bandai-hobby.net/menus/detail/415,https://bandai-hobby.net/images/157_739_s_umo51yophtr5j6wwcewftgy0zcj9.jpg,official_exact,278635481f3618133c5b7753282d5988036c05fa1784696e420004674e0687ff,1200,1200,
HG 1/144 ReZEL (DEFENSER b-UNIT),downloaded,HG 1_144 ReZEL (DEFENSER b-UNIT)__6838d911b6.jpg,gunpla_hangar,RGZ-95 ReZEL (Defenser b-Unit),https://gunplahangar.com/kits/hguc-rgz-95-rezel-defenser-b-unit,https://gunplahangar.com/img/kits/hguc-rgz-95-rezel-defenser-b-unit/box-art-800.jpg,source_model_code_hangar_exact,7008646b810bdbc30f6faf67cd835049ed0553a3461c86e6dcca3b5f08490aad,800,512,
HG 1/144 ReZEL TYPE-C (DEFENSER b-UNIT) (GR),downloaded,HG 1_144 ReZEL TYPE-C (DEFENSER b-UNIT) (GR)__51e86521f2.jpg,dalong,ReZEL Type-C [Defenser b-unit][GR],https://www.dalong.net/reviews/hg/h142/h142_p_e.htm,https://www.dalong.net/reviews/hg/h142/p/h142.jpg,exact,92460a0c7cbc8061d1970361759623498dec8834963d8102d4efcf400c935708,300,195,
HG 1/144 ReZEL TYPE-C (GR),not_found,,,,,,,,,,bandai_manual: ReZEL TYPE-C (GR) | bandai_manual: ReZEL TYPE-C (DEFENSER b-UNIT) (GR) | dalong: ReZEL Type-C [Defenser b-unit][GR]
HG 1/144 RGM-79 GM,downloaded,HG 1_144 RGM-79 GM__a592365185.jpg,gunpla_hangar,RGM-79 GM,https://gunplahangar.com/kits/hguc-rgm-79-gm,https://gunplahangar.com/img/kits/hguc-rgm-79-gm/box-art-800.jpg,exact,642a012d5aae37708972c7e8aec9c0ab54e5991d716d882700c819a6983a5757,800,603,
HG 1/144 RGM-79 POWERED GM,downloaded,HG 1_144 RGM-79 POWERED GM__80f55a86c0.jpg,gunpla_gallery,RGM-79 Powered GM,https://gunplagallery.com/kits/677-hg-rgm-79-powered-gm,https://s3.amazonaws.com/gunplagallery/catalog/677_original_Powered-gm-hguc.jpg,exact,71f6c7216dfd8c91ff3ba201c2af7add8934aeea72bb49a8139512bd01d647e4,3200,2044,
HG 1/144 RGM-79D GM COLD DISTRICTS TYPE,downloaded,HG 1_144 RGM-79D GM COLD DISTRICTS TYPE__0d8c3ae239.jpg,gunpla_hangar,RGM-79D GM Cold Districts Type,https://gunplahangar.com/kits/hguc-rgm-79d-gm-cold-districts-type,https://gunplahangar.com/img/kits/hguc-rgm-79d-gm-cold-districts-type/box-art-800.jpg,exact,efc30833f7e1636a0628f832333ec96ca6478ed90e06f0abf5e2fbdc7628b72b,800,596,
HG 1/144 RGM-89D JEGAN D TYPE,downloaded,HG 1_144 RGM-89D JEGAN D TYPE__7341863f87.jpg,gunpla_hangar,RGM-89D Jegan D Type,https://gunplahangar.com/kits/hguc-rgm-89d-jegan-d-type,https://gunplahangar.com/img/kits/hguc-rgm-89d-jegan-d-type/box-art-800.jpg,exact,5d5b43573a214ccdafccca311ce0cd5005424aa8782f7fdbc1cd434f274cf466,400,244,
HG 1/144 RGM-89J JEGAN NORMAL TYPE(F91 Ver.),not_found,,,,,,,,,,bandai_manual: RGM-89J JEGAN NORMAL TYPE(F91 Ver.) | dalong: Jegan Normal Type (F91 Ver.) | gunpla_hangar: RGM-89R Jegan A-Type (F91 Ver.)
HG 1/144 RGM-89M JEGAN B TYPE(F91Ver.),downloaded,HG 1_144 RGM-89M JEGAN B TYPE(F91Ver.)__4341894d72.jpg,gunpla_hangar,RGM-89M Jegan B-Type (F91 Ver.),https://gunplahangar.com/kits/hguc-rgm-89m-jegan-b-type-f91-ver,https://gunplahangar.com/img/kits/hguc-rgm-89m-jegan-b-type-f91-ver/box-art-800.jpg,exact,b1bc32076d00e028602ffffebe3208d7aa5ad06c21e32d9a9e136af5c73c169e,384,232,
HG 1/144 RGM-89R JEGAN A TYPE(F91Ver.),downloaded,HG 1_144 RGM-89R JEGAN A TYPE(F91Ver.)__2872d504b8.jpg,gunpla_hangar,RGM-89R Jegan A-Type (F91 Ver.),https://gunplahangar.com/kits/hguc-rgm-89r-jegan-a-type-f91-ver,https://gunplahangar.com/img/kits/hguc-rgm-89r-jegan-a-type-f91-ver/box-art-800.jpg,exact,8828c589a3b1e1262b546824e4fc9db76c1e82139333c3222b6c49344c88202c,384,237,
HG 1/144 RGM-89S STARK JEGAN (CCA-MSV Ver.),not_found,,,,,,,,,,bandai_manual: RGM-89S STARK JEGAN (CCA-MSV Ver.) | gunpla_gallery: RGM-89S Stark Jegan | gunpla_hangar: RGM-89S Stark Jegan
HG 1/144 RICK DOM II LIGHT GREEN VERSION,downloaded,HG 1_144 RICK DOM II LIGHT GREEN VERSION__126c25f215.jpg,bandai_manual,RICK DOM II LIGHT GREEN VERSION,https://manual.bandai-hobby.net/menus/detail/408,https://bandai-hobby.net/images/191_3366_s_ijyk5okbp4i8qaajr5o7d0fvb7p4.jpg,official_exact,dc6b9c942304f2c52fa62810426b60ceaf3a5caea7d4b3c480a37f597736f7e6,1200,1200,
HG 1/144 RICK DOMII,downloaded,HG 1_144 RICK DOMII__cf6a56de1f.jpg,dalong,Rick Dom II,https://www.dalong.net/reviews/hg/h43/h43_p_e.htm,https://www.dalong.net/reviews/hg/h43/p/h43.jpg,exact,c68378e736146e0068d123eec6aea0d084d6430585db3790aa46a817606aec61,290,177,
HG 1/144 RICK-DO GYANKO,downloaded,HG 1_144 RICK-DO GYANKO__74bed28e92.jpg,gunpla_hobby,RICK-DO GYANKO,https://gunpla-hobby.com/gunpla/hg-1-144-hgbf-1-144-c2cc4a,https://thumbnail.image.rakuten.co.jp/@0_mall/atorieerina/cabinet/24110101-2/b077qv1v5y.jpg,official_title_release_month,d9a1851983c908c6127606e001f071f4196fc14198b7f34f771346ac286caa02,350,226,
HG 1/144 RICKDIAS,downloaded,HG 1_144 RICKDIAS__e99a49c6b7.jpg,dalong,Rick Dias,https://www.dalong.net/reviews/hg/h10/h10_p_e.htm,https://www.dalong.net/reviews/hg/h10/p/h10.jpg,exact,99cb7d005ed4b4609e24bfd5162a353f46976ad37d6bba01f7448e08ea2e11b8,289,177,
HG 1/144 RMS-141 XEKU EINS,downloaded,HG 1_144 RMS-141 XEKU EINS__95aa86cb2c.jpg,gunpla_hangar,RMS-141 Xeku Eins,https://gunplahangar.com/kits/hguc-rms-141-xeku-eins,https://gunplahangar.com/img/kits/hguc-rms-141-xeku-eins/box-art-800.jpg,exact,cc136b43928bb8f6bc93fe840763f88ec7ae38dc98f9b0461639dee3d24fe87f,800,489,
HG 1/144 ROUEI,downloaded,HG 1_144 ROUEI__1a16e6ef66.jpg,dalong,Rouei,https://www.dalong.net/reviews/ib/ibh31/ibh31_p_e.htm,https://www.dalong.net/reviews/ib/ibh31/p/ibh31.jpg,exact,0d7147b5696c16bd5972a28b78a36c305ac8724c6461765d1e9e6803d21e5cbb,300,187,
HG 1/144 ROZEN ZULU,downloaded,HG 1_144 ROZEN ZULU__0d55939174.jpg,dalong,Rozen Zulu,https://www.dalong.net/reviews/hg/h149/h149_p_e.htm,https://www.dalong.net/reviews/hg/h149/p/h149.jpg,exact,1143a59024d8ead7b9f1fbd90a2bdf93c14782e663dc674f83f6414316c1b939,300,195,
HG 1/144 ROZEN ZULU (episode 7 Ver.),downloaded,HG 1_144 ROZEN ZULU (episode 7 Ver.)__db64a359da.jpg,dalong,Rozen Zulu [Episode 7 Ver.],https://www.dalong.net/reviews/hg/h185/h185_p_e.htm,https://www.dalong.net/reviews/hg/h185/p/h185.jpg,exact,c2e16ea2500bbe4577c2607264606cdfc79c7b33268547b5afb3e0711f34d466,300,194,
HG 1/144 RX-0 UNICORN GUNDAM (DESTROY MODE),downloaded,HG 1_144 RX-0 UNICORN GUNDAM (DESTROY MODE)__ae8a17459d.jpg,gunpla_gallery,RX-0 Unicorn Gundam (Destroy Mode),https://gunplagallery.com/kits/710-hg-rx-0-unicorn-gundam-destroy-mode-,https://s3.amazonaws.com/gunplagallery/catalog/710_original_100.jpg,exact,6218894dfc1b29166a14cad176d3fb27cde462308b2dda7052a9bd9e4be57bc0,1024,631,
HG 1/144 RX-0 UNICORN GUNDAM (UNICORN MODE),downloaded,HG 1_144 RX-0 UNICORN GUNDAM (UNICORN MODE)__47719acef0.jpg,gunpla_gallery,RX-0 Unicorn Gundam (Unicorn Mode),https://gunplagallery.com/kits/711-hg-rx-0-unicorn-gundam-unicorn-mode-,https://s3.amazonaws.com/gunplagallery/catalog/711_original_RX-0_Unicorn_Gundam_HG.jpg,exact,f48ed58cdcbbf17ca67bb87dd0f478d0803c6eed97e190871bee70d77961c54c,1024,627,
HG 1/144 RX-178 GUNDAM MK-II,downloaded,HG 1_144 RX-178 GUNDAM MK-II__cc51a86781.jpg,gunpla_gallery,RX-178 Gundam Mk-II,https://gunplagallery.com/kits/4-hg-rx-178-gundam-mk-ii,https://s3.amazonaws.com/gunplagallery/catalog/4_original_RX-178-gundam4444.jpg,exact,22a08d17fc2a074e0c3f458b4ce6d284bd9ee52fbcbfcea470e083bcd5659e6b,640,472,
HG 1/144 RX-178 GUNDAM MK-II(AEUG),downloaded,HG 1_144 RX-178 GUNDAM MK-II(AEUG)__42295bf732.jpg,bandai_manual,RX-178 GUNDAM MK-II(AEUG),https://manual.bandai-hobby.net/menus/detail/1007,https://bandai-hobby.net/images/190_1406_s_52tw7n95qnrq2o0ihrvyu48jcn1o.jpg,official_exact,7a739ed6ec432f4f7173ee056f8524df7b6c58919a43803cf1c61a0b11c73f82,1200,1200,
HG 1/144 RX-178 GUNDAM MK-II(TITANS),downloaded,HG 1_144 RX-178 GUNDAM MK-II(TITANS)__ab139b6fcc.jpg,gunpla_gallery,RX-178 'Gundam Mk-II' (Titans),https://gunplagallery.com/kits/46498-hg-rx-178-gundam-mk-ii-titans-,https://s3.amazonaws.com/gunplagallery/catalog/46498_original_Hguc-rx-178t.jpg,exact,a648c972d3623e6afff804155945de667468b09e3f13b359b2c9a3fe55e73233,1500,983,
HG 1/144 RX-77-2 GUNCANNON,downloaded,HG 1_144 RX-77-2 GUNCANNON__c62f69b3fb.jpg,bandai_manual,RX-77-2 GUNCANNON,https://manual.bandai-hobby.net/menus/detail/1003,https://bandai-hobby.net/images/159_1330_s_dgblvortux9lubn9l6ooa9w07bqz.jpg,official_exact,10acaa45c7fe6ba5103ea4fc78671fed8cd8afc3531a3fa817d0b1906937d584,1200,1200,
HG 1/144 RX-78 GP-03 DENDROBIUM,downloaded,HG 1_144 RX-78 GP-03 DENDROBIUM__39523051c7.jpg,bandai_manual,RX-78 GP-03 DENDROBIUM,https://manual.bandai-hobby.net/menus/detail/870,https://bandai-hobby.net/images/158_252_s_7lmcx6i39tbm4e0d18bzjij9frgh.jpg,official_exact,ffa92a5baddaa4eec5e1e78f2e681c756766cb76752916a889d637695bcc8b6e,1200,1200,
HG 1/144 RX-78 GP01 ZEPHYRANTHES,downloaded,HG 1_144 RX-78 GP01 ZEPHYRANTHES__7401586f44.jpg,gunpla_hobby,RX-78 GP01 ZEPHYRANTHES,https://gunpla-hobby.com/gunpla/hg-1-144-rx-78gp01-9d1055,https://tshop.r10s.jp/goodlifestore/cabinet/25060300-1/b087q77hx5.jpg,official_title_release_month,f2e77b342d0f4b4dade7eab1ba28b1664738f4f3fbd268f6c9aa3b7ba19d0b10,350,214,
HG 1/144 RX-78 GP01Fb,downloaded,HG 1_144 RX-78 GP01Fb__cc1a7da6a9.jpg,bandai_manual,RX-78 GP01Fb,https://manual.bandai-hobby.net/menus/detail/218,https://bandai-hobby.net/images/157_181_s_y4oatklzchsf7wnrlwe8v0s3936y.jpg,official_exact,85d706e5db66d47f548feb2ab9b13412cc8faffaa795ed84c4a29eddb87c8ef6,1200,1200,
HG 1/144 RX-78 GUNDAM (21stCENTURY REAL TYPE Ver.),not_found,,,,,,,,,,bandai_manual: RX-78 GUNDAM (21stCENTURY REAL TYPE Ver.) | gunpla_hobby: RX-78 GUNDAM (21stCENTURY REAL TYPE Ver.) | dalong: 1/100 Real Type RX-78 Gundam
HG 1/144 RX-78-02 GUNDAM (GUNDAM THE ORIGIN Ver.),downloaded,HG 1_144 RX-78-02 GUNDAM (GUNDAM THE ORIGIN Ver.)__71fae94d03.jpg,gunpla_gallery,RX-78-02 Gundam (Gundam The Origin Ver.),https://gunplagallery.com/kits/2421-hg-rx-78-02-gundam-gundam-the-origin-ver-,https://s3.amazonaws.com/gunplagallery/catalog/2421_original_HG_Gundam_The_Origin.jpg,exact,c5a8c7c531b4d2b04a7ade40913956ce86ad9950db1c52a29558916a01fa8212,1759,1111,
HG 1/144 RX-78-2 GUNDAM,downloaded,HG 1_144 RX-78-2 GUNDAM__eba8ef44f1.jpg,gunpla_gallery,RX-78-2 'Gundam',https://gunplagallery.com/kits/46169-hg-rx-78-2-gundam-,https://s3.amazonaws.com/gunplagallery/catalog/46169_original_Hguc-rx-78-2.jpg,gallery_title_release_month,e29acc15a44599ba24fa6e31e104da33babd7ce439083489f90b8a4d2ebb0043,1024,685,
"HG 1/144 RX-78-2 GUNDAM [PR ambassador of the Japan Pavilion, Expo 2020 Dubai]",not_found,,,,,,,,,,"bandai_manual: RX-78-2 GUNDAM [PR ambassador of the Japan Pavilion, Expo 2020 Dubai] | gunpla_hangar: RX-78-2 Gundam (2020) (PR ambassador of the Japan Pavilion, Expo 2020 Dubai) | dalong: RX-78-2 PR Ambassador of the Japan Pavilion, Expo 2020 Dubai"
HG 1/144 RX-78-2 GUNDAM[BEYOND GLOBAL],downloaded,HG 1_144 RX-78-2 GUNDAM[BEYOND GLOBAL]__41d5a590c5.jpg,gunpla_hangar,RX-78-2 Gundam (Beyond Global),https://gunplahangar.com/kits/hg-rx-78-2-gundam-beyond-global,https://gunplahangar.com/img/kits/hg-rx-78-2-gundam-beyond-global/box-art-800.jpg,exact,700da3d2d75fa94f60c751dc4d9571a8a7a1bb75c88c3ca2225d6b3aba142020,800,504,
HG 1/144 RX-78-2GUNDAM BEYOND GLOBAL[CLEAR COLOR],not_found,,,,,,,,,,bandai_manual: RX-78-2 GUNDAM[BEYOND GLOBAL] | gunpla_hangar: RX-78-2 Gundam (Beyond Global) | gunpla_hobby: RX-78-2 GUNDAM[BEYOND GLOBAL]
HG 1/144 RX-78-3 FULL ARMOR GUNDAM 7th,downloaded,HG 1_144 RX-78-3 FULL ARMOR GUNDAM 7th__5a7e004336.jpg,bandai_manual,RX-78-3 FULL ARMOR GUNDAM 7th,https://manual.bandai-hobby.net/menus/detail/918,https://bandai-hobby.net/images/158_2625_s_4dorlofnqau0lf5d5nqakc5qztlk.jpg,official_exact,eaf95a5202913e0a6a378226d36b5e5292fcc82151e261b88b62c57d742976af,1200,1200,
HG 1/144 RX-78GP03S GUNDAM,downloaded,HG 1_144 RX-78GP03S GUNDAM__d6cca344b4.jpg,gunpla_gallery,RX-78GP03S Gundam GP03S,https://gunplagallery.com/kits/635-hg-rx-78gp03s-gundam-gp03s,https://s3.amazonaws.com/gunplagallery/catalog/635_original_RX-78GP03S_Gundam_G0P3S.jpg,gallery_title_release_month,4aa4234576e4e88a74156e98f88ec2f1aad8f92a87c722765ed36452579ae77c,600,371,
HG 1/144 RX-79(G) GUNDAM THE GROUND WAR SET,downloaded,HG 1_144 RX-79(G) GUNDAM THE GROUND WAR SET__b560c06afb.jpg,gunpla_gallery,RX-79[G] Gundam The Ground War Set,https://gunplagallery.com/kits/45747-hg-rx-79-g-gundam-the-ground-war-set,https://s3.amazonaws.com/gunplagallery/catalog/45747_original_GundamGroundWarSet.jpg,exact,9a59adda987074afd09aa80d9b6c7249d56897fa0ea14015c7fa2059eada9391,758,485,
HG 1/144 RX-79G GUNDAM GROUND TYPE,downloaded,HG 1_144 RX-79G GUNDAM GROUND TYPE__8e57f89b62.jpg,bandai_manual,RX-79G GUNDAM GROUND TYPE,https://manual.bandai-hobby.net/menus/detail/902,https://bandai-hobby.net/images/157_2562_s_6ipflm4j7ytcoa1o60e90dhnbg1s.jpg,official_exact,3180f83f53197d141b703c285dc968c22f8fe8981302cead5d27c8e5c21b56d5,1200,1200,
HG 1/144 RYUSEI-GO (GRAZE CUSTOM II),downloaded,HG 1_144 RYUSEI-GO (GRAZE CUSTOM II)__6d8ef48866.jpg,dalong,Ryusei-go (Graze Custom II),https://www.dalong.net/reviews/ib/ibh12/ibh12_p_e.htm,https://www.dalong.net/reviews/ib/ibh12/p/ibh12.jpg,exact,95672c614406a69ddb30e0f0776f2642665ca1f42833d9fb48b1bd074864a622,300,191,
HG 1/144 SAYLA’S LIGHT-TYPE GUNCANNON,downloaded,HG 1_144 SAYLA’S LIGHT-TYPE GUNCANNON__e7b21f2143.jpg,gunpla_hangar,RGM-79 Sayla's Light-Type Guncannon,https://gunplahangar.com/kits/hggq-rgm-79-saylas-light-type-guncannon,https://gunplahangar.com/img/kits/hggq-rgm-79-saylas-light-type-guncannon/box-art-800.jpg,source_model_code_hangar_exact,5b2af90e2e56cd27ebe5f47e9147cfc5b220c7ee21340b5469190bb1783b028e,800,501,
HG 1/144 SAZABI,downloaded,HG 1_144 SAZABI__7dc099ff68.jpg,dalong,Sazabi,https://www.dalong.net/reviews/hg/h88/h88_p_e.htm,https://www.dalong.net/reviews/hg/h88/p/h88.jpg,exact,2496cf003b13b3123565ef770262dd4dbc9285e1c4d4e933beef6380e4653871,289,184,
HG 1/144 SCHUZRUM-DIAS,downloaded,HG 1_144 SCHUZRUM-DIAS__f5269646f6.jpg,dalong,Schuzrum-Dias,https://www.dalong.net/reviews/hg/h94/h94_p_e.htm,https://www.dalong.net/reviews/hg/h94/p/h94.jpg,exact,f7a2ef7e74d4ef416b08dc134a8e36f1d3953f38f67af3a57dd58aec8ac7c563,289,179,
HG 1/144 SCHUZRUM-GALLUSS,downloaded,HG 1_144 SCHUZRUM-GALLUSS__19b85f9b20.jpg,dalong,Schuzrum Galluss,https://www.dalong.net/reviews/hg/h183/h183_p_e.htm,https://www.dalong.net/reviews/hg/h183/p/h183.jpg,exact,04ccf67089f0a859d3d5b959ba5917060b533be9660d5c49a7e51acd02dfaba5,300,183,
HG 1/144 SCRAMBLE GUNDAM,downloaded,HG 1_144 SCRAMBLE GUNDAM__ca1e269641.jpg,dalong,Scramble Gundam,https://www.dalong.net/reviews/bf/bf47/bf47_p_e.htm,https://www.dalong.net/reviews/bf/bf47/p/bf47.jpg,exact,62d21fe48de3aef4368ad5303e7fb25fefa953f39fd0c99108af5ec98be33beb,300,189,
HG 1/144 SECOND V,not_found,,,,,,,,,,bandai_manual: SECOND V | dalong: Second V | gunpla_hobby: SECOND V
HG 1/144 SENGOKU ASTRAY GUNDAM,downloaded,HG 1_144 SENGOKU ASTRAY GUNDAM__b1bc901ee3.jpg,gunpla_gallery,侍ノ弐 Sengoku Astray Gundam,https://gunplagallery.com/kits/75-hg-%E4%BE%8D%E3%83%8E%E5%BC%90-sengoku-astray-gundam,https://s3.amazonaws.com/gunplagallery/catalog/75_original_HG_Sengoku_Astray_Gundam.jpg,exact,a69beb1108fb0949d79b2c5dafd361747d0b214acfc6bc563cb13aa8c404f0d1,1022,645,
HG 1/144 SERAPHIM GUNDAM,downloaded,HG 1_144 SERAPHIM GUNDAM__2194ecbea0.jpg,dalong,Seraphim Gundam,https://www.dalong.net/reviews/00/0h38/0h38_p_e.htm,https://www.dalong.net/reviews/00/0h38/p/0h38.jpg,exact,e4ae48090dc57b1a15330af5423dccc85afdae0eb99aa4e92b974a5edadbf324,292,179,
HG 1/144 SERAVEE GUNDAM,downloaded,HG 1_144 SERAVEE GUNDAM__9157b8268e.jpg,gunpla_gallery,GN-008 Seravee Gundam,https://gunplagallery.com/kits/226-hg-gn-008-seravee-gundam,https://s3.amazonaws.com/gunplagallery/catalog/226_original_Hg00-seravee.jpg,source_model_code_cross_source,dbc1774cb009865cf6b14b2334d1e25d2f57f838ef4d33e7de4829c2ce51b37b,1500,928,
HG 1/144 SERAVEE GUNDAM & SERAPHIM GUNDAM (TRANS-AM MODE),downloaded,HG 1_144 SERAVEE GUNDAM & SERAPHIM GUNDAM (TRANS-AM MODE)__90f4b9d967.jpg,bandai_manual,SERAVEE GUNDAM & SERAPHIM GUNDAM (TRANS-AM MODE),https://manual.bandai-hobby.net/menus/detail/308,https://bandai-hobby.net/images/156_1882_o_1bbm0nhjf1j1t1jie181j146h1hkr2i.jpg,official_exact,332c9e797ddc47fc2ae7af20b97f13c8d8d7b16f3728697cead9844c6f538b3b,1200,1200,
HG 1/144 SERAVEE GUNDAM GNHW/B,downloaded,HG 1_144 SERAVEE GUNDAM GNHW_B__ffd7a1216a.jpg,dalong,Seravee Gundam GNHW/B,https://www.dalong.net/reviews/00/0h51/0h51_p_e.htm,https://www.dalong.net/reviews/00/0h51/p/0h51.jpg,exact,14d632c53f29af61a1e94e81d070e5581747330de5fc41eb41b3f89689f53077,290,177,
HG 1/144 SERAVEE GUNDAM SCHEHERAZADE,downloaded,HG 1_144 SERAVEE GUNDAM SCHEHERAZADE__6f58b2a2a5.jpg,dalong,Seravee Gundam Scheherazade,https://www.dalong.net/reviews/bf/bd06/bd06_p_e.htm,https://www.dalong.net/reviews/bf/bd06/p/bd06.jpg,exact,e21f70212fb6bf8a9595767dd561d1a77a48b975ede0b884d659f415b7eb32dc,1200,753,
HG 1/144 SERGEI'S TIEREN TAOZI,downloaded,HG 1_144 SERGEI'S TIEREN TAOZI__02bb25851c.jpg,dalong,Sergei's Tieren Taozi,https://www.dalong.net/reviews/00/0h39/0h39_p_e.htm,https://www.dalong.net/reviews/00/0h39/p/0h39.jpg,exact,7ac3f8762d8a3986494921eac530d9d3153a1bb3753ceaebca2477071d5f7ddf,289,174,
HG 1/144 SHALDOLL ROGUE,downloaded,HG 1_144 SHALDOLL ROGUE__95ca462d5f.jpg,dalong,Shaldoll Rogue,https://www.dalong.net/reviews/age/agh33/agh33_p_e.htm,https://www.dalong.net/reviews/age/agh33/p/agh33.jpg,exact,8362cec043f0e226f77f8086e44a91133740be21a30a8a3c0d0e18030c648fb6,300,190,
HG 1/144 SHALDOLL-KAI,downloaded,HG 1_144 SHALDOLL-KAI__c173b0046c.jpg,bandai_manual,SHALDOLL-KAI,https://manual.bandai-hobby.net/menus/detail/348,https://bandai-hobby.net/images/157_4549_s_og0bfzavvep8jabsk77pznqdud0k.jpg,official_exact,2457ac7d1c9bec416ff1ddd8979bf99f1efa3dcd9e02495259b2268097901726,1200,1200,
HG 1/144 SHENLONG GUNDAM,downloaded,HG 1_144 SHENLONG GUNDAM__3ba9cbfb3b.jpg,dalong,Shenlong Gundam,https://www.dalong.net/reviews/hg/h242/h242_p_e.htm,https://www.dalong.net/reviews/hg/h242/p/h242.jpg,exact,715b009a67fd03cd2c3ad0a8815fe603fdfbb1a7ffd43a63efc35533b036c031,1200,750,
HG 1/144 SHIN MATSUNAGA’S GELGOOG JAGER,downloaded,HG 1_144 SHIN MATSUNAGA’S GELGOOG JAGER__227bd6e886.jpg,gunpla_hobby,SHIN MATSUNAGA’S GELGOOG JAGER,https://gunpla-hobby.com/gunpla/hg-1-144-1-144-d7e95d,https://tshop.r10s.jp/omatsuri-life2/cabinet/g31/b07hj2fvhs.jpg,official_title_release_month,dc8260b96ce20214ac132ff13576402f10fc90113847fe4a7f8d997f6cc27fab,350,223,
HG 1/144 SHINNING GUNDAM,downloaded,HG 1_144 SHINNING GUNDAM__1d9d63f1c8.jpg,bandai_manual,SHINNING GUNDAM,https://manual.bandai-hobby.net/menus/detail/435,https://bandai-hobby.net/images/159_2721_s_xwhne4mjvb2io6dbhphqglcj95rc.jpg,official_exact,f047d0d9dcccfbac4efa4bde785b94bae2d616e6cac1f2e4aa33ae62cb0bbd56,1200,1200,
HG 1/144 SIGRÚN,downloaded,HG 1_144 SIGRÚN__d223aab998.jpg,gunpla_hangar,V07-0126 Sigrún,https://gunplahangar.com/kits/hgi-bo-v07-0126-sigrn,https://gunplahangar.com/img/kits/hgi-bo-v07-0126-sigrn/box-art-800.jpg,source_model_code_hangar_exact,fe9624711aa38a7c77992aea2756557febe54b877b5db6bc68ad5f301c7eb939,800,504,
HG 1/144 SILVER BULLET,downloaded,HG 1_144 SILVER BULLET__59a1b724df.jpg,dalong,Silver Bullet,https://www.dalong.net/reviews/hg/h170/h170_p_e.htm,https://www.dalong.net/reviews/hg/h170/p/h170.jpg,exact,286a542fd890b613a4851179f173dff98d10e579065a84375744556199e8991e,300,195,
HG 1/144 SILVER BULLET (FUNNEL TEST TYPE),downloaded,HG 1_144 SILVER BULLET (FUNNEL TEST TYPE)__50d7662e1f.jpg,gunpla_hobby,SILVER BULLET (FUNNEL TEST TYPE),https://gunpla-hobby.com/gunpla/hg-1-144-hguc-1-144-f7a1a3,https://tshop.r10s.jp/mediaworldkaitoriworld/cabinet/6312/8/cg63128313.jpg,official_title_release_month,947547e040eafa04353b5e4b59f778913c866a844660f1d95e86cb47bfbf62d1,1600,1600,
HG 1/144 SILVER BULLET SUPPRESSOR,downloaded,HG 1_144 SILVER BULLET SUPPRESSOR__23ea04b567.jpg,dalong,Silver Bullet Suppressor,https://www.dalong.net/reviews/hg/h225/h225_p_e.htm,https://www.dalong.net/reviews/hg/h225/p/h225.jpg,exact,89ed5982ca8503306203e0e83dc90422dd153d7ef4b462f868b596d24ddf6bdb,1200,774,
HG 1/144 SINANJU,downloaded,HG 1_144 SINANJU__a2da0c3fbf.jpg,dalong,Sinanju,https://www.dalong.net/reviews/hg/h116/h116_p_e.htm,https://www.dalong.net/reviews/hg/h116/p/h116.jpg,exact,90015ae22de1e632c9a1c03a887ecc51540bc5ea935f938010029f949e97809c,300,190,
HG 1/144 SINANJU STEIN (NARRATIVE Ver.),downloaded,HG 1_144 SINANJU STEIN (NARRATIVE Ver.)__a7fd7d486f.jpg,dalong,Sinanju Stein [Narrative Ver.],https://www.dalong.net/reviews/hg/h217/h217_p_e.htm,https://www.dalong.net/reviews/hg/h217/p/h217.jpg,exact,71e45715af88e0e1e1eb923f2a56210e0f61ec71a2e0be4355b7c2db218f9526,1200,768,
HG 1/144 SINANJU STEIN (UNICORN Ver.),not_found,,,,,,,,,,bandai_manual: SINANJU STEIN (UNICORN Ver.) | dalong: Sinanju Stein (Unicorn Ver.) | gunpla_hobby: SINANJU STEIN (UNICORN Ver.)
HG 1/144 SKYHIGH WINGS,downloaded,HG 1_144 SKYHIGH WINGS__5c856a3fe7.jpg,dalong,Sky High Wings,https://www.dalong.net/reviews/bf/bc42/bc42_p_e.htm,https://www.dalong.net/reviews/bf/bc42/p/bc42.jpg,exact,b3d8bdd29f5f7ac5bce28e3268a98bd58bc8b1a248ce3bb135657e7c7e67b439,939,1200,
HG 1/144 SPACE JAHANNAM KLIM NICK USE,downloaded,HG 1_144 SPACE JAHANNAM KLIM NICK USE__beb381e369.jpg,dalong,Space Jahannam Klim Nick Use,https://www.dalong.net/reviews/hg/gs07/gs07_p_e.htm,https://www.dalong.net/reviews/hg/gs07/p/gs07.jpg,exact,893ed754eff1813154e75268bc0ad1cf91179887b9561544ba68ebfb08f2a3d7,300,189,
HG 1/144 SPACE JAHANNAM MASS PRODUCTION,downloaded,HG 1_144 SPACE JAHANNAM MASS PRODUCTION__fb6b1b8f00.jpg,gunpla_hobby,SPACE JAHANNAM MASS PRODUCTION,https://gunpla-hobby.com/gunpla/hg-1-144-hg-1-144-6226a1,https://tshop.r10s.jp/mediaworldkaitoriworld/cabinet/6313/1/cg63131811.jpg,official_title_release_month,bf6a035d3c49aa2982bf5d0eeaf77603054aaa6b669c8633eb10f1a0b9d18ff8,1600,1600,
HG 1/144 SPINNING BLASTER,downloaded,HG 1_144 SPINNING BLASTER__d1b5a1425c.jpg,dalong,Spinning Blaster,https://www.dalong.net/reviews/bf/bc38/bc38_p_e.htm,https://www.dalong.net/reviews/bf/bc38/p/bc38.jpg,exact,6a42b8b543aa2a1059e79ce98d7b77f9256611bb84f6a2e76fc07f1441ecc8f0,945,1200,
HG 1/144 STAR BUILD STRIKE GUNDAM PLAVSKY WING,downloaded,HG 1_144 STAR BUILD STRIKE GUNDAM PLAVSKY WING__0504dc6bf9.jpg,dalong,Star Build Strike Gundam Plavsky Wing,https://www.dalong.net/reviews/bf/bf09/bf09_p_e.htm,https://www.dalong.net/reviews/bf/bf09/p/bf09.jpg,exact,81f5645fed4982c1937d30098aa65c8b386a00f3566ed677df6f5d99dd97be2e,300,188,
HG 1/144 STAR BUILD STRIKE GUNDAM Ver.RG SYSTEM,downloaded,HG 1_144 STAR BUILD STRIKE GUNDAM Ver.RG SYSTEM__74715475cf.jpg,gunpla_hobby,STAR BUILD STRIKE GUNDAM Ver.RG SYSTEM,https://gunpla-hobby.com/gunpla/hg-1-144-1-144-a1643d,https://thumbnail.image.rakuten.co.jp/@0_mall/hugallhobby/cabinet/13706988/imgrc0121752304.jpg,official_title_release_month,5ac8ebd0aa48f8afc8df19a584fb200d2d945450ca2d50865fc47378a75e150c,1000,1160,
HG 1/144 STAR BURNING GUNDAM,downloaded,HG 1_144 STAR BURNING GUNDAM__ca05129a2e.jpg,dalong,Star Burning Gundam,https://www.dalong.net/reviews/bf/bf58/bf58_p_e.htm,https://www.dalong.net/reviews/bf/bf58/p/bf58.jpg,exact,79b6c6e3ae738b5e248e0f20402b2f9f1720890c02085902e3316b6416c30465,300,188,
HG 1/144 STARK JEGAN,downloaded,HG 1_144 STARK JEGAN__3cd3435608.jpg,dalong,Stark Jegan,https://www.dalong.net/reviews/hg/h104/h104_p_e.htm,https://www.dalong.net/reviews/hg/h104/p/h104.jpg,exact,74bb5fc6d5ccfbaa7c3c4c1933270745ff4ea107b0d7c6774265ba2f8539eccf,288,176,
HG 1/144 STRIKE DAGGER,downloaded,HG 1_144 STRIKE DAGGER__21f243ddc8.jpg,gunpla_hangar,GAT-01 Strike Dagger,https://gunplahangar.com/kits/hgce-gat-01-strike-dagger,https://gunplahangar.com/img/kits/hgce-gat-01-strike-dagger/box-art-800.jpg,source_model_code_hangar_exact,b1b1c53e518977a99e3402fb3f3fbfaae36a804a1b717e038a2a355a8900721c,800,523,
HG 1/144 STRIKE FREEDOM GUNDAM,downloaded,HG 1_144 STRIKE FREEDOM GUNDAM__039bc2a1bd.png,gunpla_gallery,ZGMF-X20A Strike Freedom Gundam,https://gunplagallery.com/kits/381-hg-zgmf-x20a-strike-freedom-gundam,https://s3.amazonaws.com/gunplagallery/catalog/381_original_HG_Strike_Freedom_Gundam_Cover.png,source_model_code_cross_source,26fd68b5daff113d63469e6467658ee7343b5b050b1fa78fd8db715cbdb66fa0,1200,740,
HG 1/144 STRIKE FREEDOM GUNDAM [CLEAR COLOR],not_found,,,,,,,,,,bandai_manual: STRIKE FREEDOM GUNDAM | dalong: Strike Freedom Gundam | dalong: Strike Freedom Gundam
"HG 1/144 STRIKE FREEDOM GUNDAM TypeII & “WINGS OF LIGHT"" EFFECT SET",downloaded,HG 1_144 STRIKE FREEDOM GUNDAM TypeII & “WINGS OF LIGHT_ EFFECT SET__097d826fec.jpg,gunpla_hangar,ZGMF/A-262B Strike Freedom Gundam Type II & Wings of Light Effect Set,https://gunplahangar.com/kits/hgce-zgmf-a-262b-strike-freedom-gundam-type-ii-wings-of-light-effect-set,https://gunplahangar.com/img/kits/hgce-zgmf-a-262b-strike-freedom-gundam-type-ii-wings-of-light-effect-set/box-art-800.jpg,source_model_code_hangar_exact,9ad18c3032f2c905daa8bcbf1a3bb11496d8c19cf276185df88f8a6dee8f4ece,800,522,
HG 1/144 STRIKE FREEDOM GUNDAM “WINGS OF LIGHT” DX EDITION,not_found,,,,,,,,,,"bandai_manual: STRIKE FREEDOM GUNDAM “WINGS OF LIGHT” DX EDITION | dalong: Strike Freedom Wings of Light DX Edition | bandai_manual: STRIKE FREEDOM GUNDAM TypeII & “WINGS OF LIGHT"" EFFECT SET"
HG 1/144 STRIKE ROUGE,downloaded,HG 1_144 STRIKE ROUGE__44fb38db7f.jpg,gunpla_gallery,MBF-02+AQM/E-X01 Strike Rouge,https://gunplagallery.com/kits/786-hg-mbf-02-aqm-e-x01-strike-rouge,https://s3.amazonaws.com/gunplagallery/catalog/786_original_HG_Aile_Strike_Rouge_Boxart.jpg,source_model_code_cross_source,8d9b27c415c3e49370acfef37be6c262c15339226eac7cca5c0530dbedd6c27a,1022,654,
HG 1/144 STRIKER GN-X,downloaded,HG 1_144 STRIKER GN-X__33c2648f15.jpg,dalong,Striker GN-X,https://www.dalong.net/reviews/bf/bf65/bf65_p_e.htm,https://www.dalong.net/reviews/bf/bf65/p/bf65.jpg,exact,fe4883bb1a967fe978b9255d123cef92b702524e854f2271d7e9e175c9559941,300,184,
HG 1/144 SUGAI'S GELGOOG(GQ),downloaded,HG 1_144 SUGAI'S GELGOOG(GQ)__3dc37adaa4.jpg,gunpla_hobby,SUGAI'S GELGOOG(GQ),https://gunpla-hobby.com/gunpla/hg-1-144-hg-1-144-gq-9bc6e9,https://thumbnail.image.rakuten.co.jp/@0_mall/otaichi/cabinet/item20260123-201667/67020600019244-1.jpg,official_title_release_month,f775eed246fe4a9b862379b09a75b047feddd08084c817a5e202e031b7b63d2e,1600,1600,
HG 1/144 SUPER FUMINA,downloaded,HG 1_144 SUPER FUMINA__b06a66c717.jpg,dalong,Super Fumina,https://www.dalong.net/reviews/bf/bf44/bf44_p_e.htm,https://www.dalong.net/reviews/bf/bf44/p/bf44.jpg,exact,20390464861d53ee64ab55976592fb536c45b9ee915e1e32f13f9b35ac40f852,300,189,
HG 1/144 SUPER FUMINA AXIS ANGEL Ver.,downloaded,HG 1_144 SUPER FUMINA AXIS ANGEL Ver__14d6e54c9a.jpg,dalong,Super Fumina Axis Angel Ver.,https://www.dalong.net/reviews/bf/bf54/bf54_p_e.htm,https://www.dalong.net/reviews/bf/bf54/p/bf54.jpg,exact,f93d397f167f8020abdccd58358a4b1a024579f8a52c703504dbabdc926562d3,300,189,
HG 1/144 SUPER FUMINA TITANS MAID Ver.,downloaded,HG 1_144 SUPER FUMINA TITANS MAID Ver__3abf4e43a1.jpg,gunpla_hobby,SUPER FUMINA TITANS MAID Ver.,https://gunpla-hobby.com/gunpla/hg-1-144-hgbf-1-144-2afa42,https://tshop.r10s.jp/tarotmaster/cabinet/11292427/33413130_1.jpg,official_title_release_month,26b35cbdd0f78d87b5281270017104a1cb87ebb43aaee85c1479d10d1a180f32,800,509,
HG 1/144 SUSANOWO,downloaded,HG 1_144 SUSANOWO__04de885c82.jpg,dalong,Susanowo,https://www.dalong.net/reviews/00/0h46/0h46_p_e.htm,https://www.dalong.net/reviews/00/0h46/p/0h46.jpg,exact,2d2ccd1231ab88ba468b172257b6dc8e51ce008138b58bf67ea5f8d09ce70c23,290,176,
HG 1/144 SUSANOWO (TRANS-AM MODE),downloaded,HG 1_144 SUSANOWO (TRANS-AM MODE)__12e66f2ffd.jpg,dalong,Susanowo ~ Trans-am mode,https://www.dalong.net/reviews/00/0h59/0h59_p_e.htm,https://www.dalong.net/reviews/00/0h59/p/0h59.jpg,exact,b45d6bc1ab03839bf8ada659b933cbd63cd441443f0557ff215bf877b80a2d47,292,176,
HG 1/144 SWORD IMPULSE GUNDAM,downloaded,HG 1_144 SWORD IMPULSE GUNDAM__f76e2ff518.jpg,gunpla_gallery,ZGMF-X56S/β Sword Impulse Gundam,https://gunplagallery.com/kits/368-hg-zgmf-x56s-%CE%B2-sword-impulse-gundam,https://s3.amazonaws.com/gunplagallery/catalog/368_original_Hg_impulse_sword.jpg,source_model_code_cross_source,1d9e82001271cff8dbd3b9273b3d550a7e131b9137de0098629612a744e24a8c,290,177,
HG 1/144 TALL STRIKE GUNDAM GLITTER,downloaded,HG 1_144 TALL STRIKE GUNDAM GLITTER__bbc27934c3.jpg,gunpla_hangar,GAT-X105/TG Tall Strike Gundam Glitter,https://gunplahangar.com/kits/hgbf-gat-x105-tg-tall-strike-gundam-glitter,https://gunplahangar.com/img/kits/hgbf-gat-x105-tg-tall-strike-gundam-glitter/box-art-800.jpg,source_model_code_hangar_exact,70e6368e989131dbc53e1229f63cd93cc5c12caf1221d7f069cd80edc9eb5680,800,501,
HG 1/144 TEKKADAN COMPLETE SET,downloaded,HG 1_144 TEKKADAN COMPLETE SET__91f936953e.jpg,gunpla_hangar,Tekkadan Complete Set,https://gunplahangar.com/kits/hgi-bo-tekkadan-complete-set,https://gunplahangar.com/img/kits/hgi-bo-tekkadan-complete-set/box-art-800.jpg,exact,3dc3b1219498601b301327e285b74ecab5aa1f19b474c6718917bd57d5dbaedf,800,636,
HG 1/144 TERTIUM ARMS,downloaded,HG 1_144 TERTIUM ARMS__2e9dcf13ee.jpg,gunpla_gallery,Tertium Arms,https://gunplagallery.com/kits/17345-hg-tertium-arms,https://s3.amazonaws.com/gunplagallery/catalog/17345_original_HGBDR_Tertium_Arms.jpg,exact,1391e830a558c848d7d98abfa678b009effb95b332a3c1d255f15198a2d6052e,1200,756,
HG 1/144 THE GUNDAM BASE FUKUOKA LIMITED UNICORN GUNDAM PERFECTIBILITY (DESTROY MODE) (FINAL BATTLE Ver.)Ver.GSF,downloaded,HG 1_144 THE GUNDAM BASE FUKUOKA LIMITED UNICORN GUNDAM PERFECTIBILITY (DESTROY MODE) (FINAL BATTLE Ver.)Ver.GSF__d72637a1d7.jpg,gunpla_hobby,THE GUNDAM BASE FUKUOKA LIMITED UNICORN GUNDAM PERFECTIBILITY (DESTROY MODE) (FINAL BATTLE Ver.)Ver.GSF,https://gunpla-hobby.com/gunpla/hg-1-144-hg-1-144-ver-gsf-6f2115,https://thumbnail.image.rakuten.co.jp/@0_mall/zootrope/cabinet/08019852/imgrc0162524836.jpg,official_title_release_month,52531934e4d843cb1e12d7485fbb5f71c5d3c4ce398a7282f82697bc62f4e1ab,403,259,
HG 1/144 THE GUNDAM BASE LIMITED DESTINY GUNDAM [SPECIAL COATING],downloaded,HG 1_144 THE GUNDAM BASE LIMITED DESTINY GUNDAM [SPECIAL COATING]__9d34ef5d21.jpg,gunpla_hobby,THE GUNDAM BASE LIMITED DESTINY GUNDAM [SPECIAL COATING],https://gunpla-hobby.com/gunpla/hg-1-144-hg-1-144-72a2aa,https://thumbnail.image.rakuten.co.jp/@0_mall/cocohouse/cabinet/20220516-1/b09sgq6z6g.jpg,official_title_release_month,e14882b352c6e1a24a00ef6105bf900fcc94e257e77ee9d14bfeb11f5d5c3bc0,1500,956,
HG 1/144 THE GUNDAM BASE LIMITED EFREET CUSTOM[METALIC GLOSS INJECTION],downloaded,HG 1_144 THE GUNDAM BASE LIMITED EFREET CUSTOM[METALIC GLOSS INJECTION]__7fd0395f87.jpg,gunpla_hobby,THE GUNDAM BASE LIMITED EFREET CUSTOM[METALIC GLOSS INJECTION],https://gunpla-hobby.com/gunpla/hg-1-144-hg-1-144-c81bbb,https://tshop.r10s.jp/cocohouse/cabinet/20250706-3/b07nbwy4t4.jpg,official_title_release_month,b6bc6cac0d57965a59b52d6bc801a1264628d6e92ebc71ec4432b1c5d5ec5fa7,350,225,
HG 1/144 THE GUNDAM BASE LIMITED FREEDOM GUNDAM [CLEAR COLOR],downloaded,HG 1_144 THE GUNDAM BASE LIMITED FREEDOM GUNDAM [CLEAR COLOR]__991d4f60f8.jpg,gunpla_hobby,THE GUNDAM BASE LIMITED FREEDOM GUNDAM [CLEAR COLOR],https://gunpla-hobby.com/gunpla/hg-1-144-hg-1-144-2d539f,https://thumbnail.image.rakuten.co.jp/@0_mall/zootrope/cabinet/08051188/imgrc0156110971.jpg,official_title_release_month,b827e815caeb8e670c47741a74b66ba3d7315e466239b232fcf9de252a9302fd,500,312,
HG 1/144 THE GUNDAM BASE LIMITED FULL ARMOR GUNDAM VS PSYCHO ZAKU SET (GUNDAM THUNDERBOLT 10th Anniversary Ver.),downloaded,HG 1_144 THE GUNDAM BASE LIMITED FULL ARMOR GUNDAM VS PSYCHO ZAKU SET (GUNDAM THUNDERBOLT 10th Anniversary Ver.)__520e065220.jpg,gunpla_hobby,THE GUNDAM BASE LIMITED FULL ARMOR GUNDAM VS PSYCHO ZAKU SET (GUNDAM THUNDERBOLT 10th Anniversary Ver.),https://gunpla-hobby.com/gunpla/hg-1-144-hg-1-144-vs-10-ver-a33c02,https://thumbnail.image.rakuten.co.jp/@0_mall/zootrope/cabinet/08051188/1000180983_10.jpg,official_title_release_month,a39277b28302c4005e1e7d97accf044c625e430fa7556f70413de6a1aee4b69a,1200,1200,
HG 1/144 THE GUNDAM BASE LIMITED GUNDAM 00 DIVER[TRANS-AM CLEAR],downloaded,HG 1_144 THE GUNDAM BASE LIMITED GUNDAM 00 DIVER[TRANS-AM CLEAR]__ac6dcc29f2.jpg,gunpla_hobby,THE GUNDAM BASE LIMITED GUNDAM 00 DIVER[TRANS-AM CLEAR],https://gunpla-hobby.com/gunpla/hg-1-144-hgbd-1-144-f84d80,https://tshop.r10s.jp/auc-esmile/cabinet/03842978/2025_174517_soko.jpg,official_title_release_month,3b6868be33c3c287e5dd186243fdc2d48133b9badb91c768c36b73038ec17766,758,682,
HG 1/144 THE GUNDAM BASE LIMITED GUNDAM ASTRAY RED DRAGON,downloaded,HG 1_144 THE GUNDAM BASE LIMITED GUNDAM ASTRAY RED DRAGON__53fef63121.jpg,gunpla_hobby,THE GUNDAM BASE LIMITED GUNDAM ASTRAY RED DRAGON,https://gunpla-hobby.com/gunpla/hg-1-144-hg-1-144-bbdf1a,https://thumbnail.image.rakuten.co.jp/@0_mall/otakarasouko/cabinet/_931/1240019498106_1.jpg,official_title_release_month,5db095482d71739f99758c46fad700388f3c62db19f7d03d8ed2194ae3d62e3b,800,800,
HG 1/144 THE GUNDAM BASE LIMITED GUNDAM BARBATOS [METALLIC GLOSS INJECTION],downloaded,HG 1_144 THE GUNDAM BASE LIMITED GUNDAM BARBATOS [METALLIC GLOSS INJECTION]__3a201339c1.jpg,gunpla_hobby,THE GUNDAM BASE LIMITED GUNDAM BARBATOS [METALLIC GLOSS INJECTION],https://gunpla-hobby.com/gunpla/hg-1-144-hg-1-144-356088,https://thumbnail.image.rakuten.co.jp/@0_mall/doriem/cabinet/20251022-2/b074yywz8f.jpg,official_title_release_month,a7eb5796c04bc086c14b91537b02540b763e69c14c463d6f1b6f854087db2b38,500,322,
HG 1/144 THE GUNDAM BASE LIMITED HYAKU-SHIKI [GOLD COATING],downloaded,HG 1_144 THE GUNDAM BASE LIMITED HYAKU-SHIKI [GOLD COATING]__6c57b294ee.jpg,gunpla_hobby,THE GUNDAM BASE LIMITED HYAKU-SHIKI [GOLD COATING],https://gunpla-hobby.com/gunpla/hg-1-144-hg-1-144-62dccc,https://tshop.r10s.jp/zootrope/cabinet/04969792/imgrc0132271760.jpg,official_title_release_month,d747b04d121d6643b2ec09351adc5638a1d3e88b35280b17b37fa8e6877eb78e,409,259,
HG 1/144 THE GUNDAM BASE LIMITED MS-06C-6/R6 ZAKUII TYPE C-6/R6[PAINTING MODEL],downloaded,HG 1_144 THE GUNDAM BASE LIMITED MS-06C-6_R6 ZAKUII TYPE C-6_R6[PAINTING MODEL]__33f7fccbbb.jpg,gunpla_hobby,THE GUNDAM BASE LIMITED MS-06C-6/R6 ZAKUII TYPE C-6/R6[PAINTING MODEL],https://gunpla-hobby.com/gunpla/hg-1-144-hg-1-144-ii-type-c-6-22e594,https://tshop.r10s.jp/diomart/cabinet/diopic/systempic669/dio-08bky967w1.jpg,official_title_release_month,7955aae536c14d04afe0cdb32c73af0063809bfdd69164bef0c769c6aab9a7e9,438,278,
HG 1/144 THE GUNDAM BASE LIMITED NARRATIVE GUNDAM B-PACKS,downloaded,HG 1_144 THE GUNDAM BASE LIMITED NARRATIVE GUNDAM B-PACKS__9fe118f31f.jpg,gunpla_hobby,THE GUNDAM BASE LIMITED NARRATIVE GUNDAM B-PACKS,https://gunpla-hobby.com/gunpla/hg-1-144-hg-1-144-b-8d7bb4,https://thumbnail.image.rakuten.co.jp/@0_mall/otakarasouko/cabinet/_1213/1240019539045_1.jpg,official_title_release_month,417cdd7df3475f06ba10f228a8c6485fa8338eec4c68105085734c13c40eca6e,600,600,
HG 1/144 THE GUNDAM BASE LIMITED PETIT'GGUY GOLD TOP & PLACARD,not_found,,,,,,,,,,bandai_manual: THE GUNDAM BASE LIMITED PETIT'GGUY GOLD TOP & PLACARD | bandai_manual: THE GUNDAM BASE LIMITED PETIT'GGUY SILVER SPARKLE & PLACARD | bandai_manual: THE GUNDAM BASE LIMITED PETIT’GGUY [THE GUNDAM BASE COLOR]
HG 1/144 THE GUNDAM BASE LIMITED PETIT'GGUY SILVER SPARKLE & PLACARD,not_found,,,,,,,,,,bandai_manual: THE GUNDAM BASE LIMITED PETIT'GGUY SILVER SPARKLE & PLACARD | bandai_manual: THE GUNDAM BASE LIMITED PETIT'GGUY GOLD TOP & PLACARD | bandai_manual: THE GUNDAM BASE LIMITED PETIT’GGUY [THE GUNDAM BASE COLOR]
HG 1/144 THE GUNDAM BASE LIMITED PETIT’GGUY [THE GUNDAM BASE COLOR],not_found,,,,,,,,,,bandai_manual: THE GUNDAM BASE LIMITED PETIT’GGUY [THE GUNDAM BASE COLOR] | bandai_manual: THE GUNDAM BASE LIMITED PETIT'GGUY SILVER SPARKLE & PLACARD | bandai_manual: THE GUNDAM BASE LIMITED PETIT'GGUY GOLD TOP & PLACARD
HG 1/144 THE GUNDAM BASE LIMITED RX-78-2 GUNDAM [METALLIC GLOSS INJECTION],downloaded,HG 1_144 THE GUNDAM BASE LIMITED RX-78-2 GUNDAM [METALLIC GLOSS INJECTION]__2f20803868.jpg,gunpla_hobby,THE GUNDAM BASE LIMITED RX-78-2 GUNDAM [METALLIC GLOSS INJECTION],https://gunpla-hobby.com/gunpla/hg-1-144-hg-1-144-rx-78-2-5f215e,https://tshop.r10s.jp/zootrope/cabinet/04969792/imgrc0131927030.jpg,official_title_release_month,749ffc38d46bd7c3f5137e7b3b505adc59ca379e5c450a36f56b32ecca4bc8f9,1200,758,
HG 1/144 THE GUNDAM BASE LIMITED UNICORN GUNDAM (LUMINOUS CRYSTAL BODY),not_found,,,,,,,,,,bandai_manual: THE GUNDAM BASE LIMITED UNICORN GUNDAM (LUMINOUS CRYSTAL BODY) | gunpla_hobby: THE GUNDAM BASE LIMITED UNICORN GUNDAM (LUMINOUS CRYSTAL BODY) | dalong: HGUC Unicorn Gundam (Luminous Crystal Body)
HG 1/144 THE GUNDAM BASE LIMITED UNICORN GUNDAM PERFECTIBILITY(DESTROY MODE),downloaded,HG 1_144 THE GUNDAM BASE LIMITED UNICORN GUNDAM PERFECTIBILITY(DESTROY MODE)__349e970fe8.jpg,gunpla_hobby,THE GUNDAM BASE LIMITED UNICORN GUNDAM PERFECTIBILITY(DESTROY MODE),https://gunpla-hobby.com/gunpla/hg-1-144-hg-1-144-44df76,https://tshop.r10s.jp/mediaworldkaitoriworld/cabinet/6313/5/cg63135001.jpg,official_title_release_month,685078be1ad32494db3cfd1ee53c9abf59570982ea7001b0dfb1b0541e2c56fa,1000,1000,
HG 1/144 THE GUNDAM BASE LIMITED UNICORN GUNDAM(PAINTING MODEL),not_found,,,,,,,,,,bandai_manual: THE GUNDAM BASE LIMITED UNICORN GUNDAM(PAINTING MODEL) | gunpla_hobby: THE GUNDAM BASE LIMITED UNICORN GUNDAM(PAINTING MODEL) | bandai_manual: THE GUNDAM BASE LIMITED UNICORN GUNDAM PERFECTIBILITY(DESTROY MODE)
HG 1/144 THE GUNDAM BASE LIMITED XI GUNDAM/PENELOPE FUNNEL MISSILE EFFECT SET,not_found,,,,,,,,,,bandai_manual: THE GUNDAM BASE LIMITED XI GUNDAM/PENELOPE FUNNEL MISSILE EFFECT SET | bandai_manual: XI GUNDAM VS PENELOPE FUNNEL MISSILE EFFECT SET | dalong: Xi Gundam Vs. Penelope Funnel Missile Effect Set
HG 1/144 THE GUNDAM BASE LIMITED ZETA GUNDAM UNIT 3,downloaded,HG 1_144 THE GUNDAM BASE LIMITED ZETA GUNDAM UNIT 3__10766d5c22.jpg,gunpla_hobby,THE GUNDAM BASE LIMITED ZETA GUNDAM UNIT 3,https://gunpla-hobby.com/gunpla/hg-1-144-hg-1-144-3-828d89,https://tshop.r10s.jp/shop-uchihonmachi/cabinet/g/3/e9ntfrsat4-1.jpg,official_title_release_month,6be82d1a3af718f40f17aea7943465da7baaf185e31f49db91331998c5000e2c,512,322,
HG 1/144 THE NORTHERN POD,downloaded,HG 1_144 THE NORTHERN POD__a639417913.jpg,dalong,The Northern Pod,https://www.dalong.net/reviews/bf/bc27/bc27_p_e.htm,https://www.dalong.net/reviews/bf/bc27/p/bc27.jpg,exact,19aec7768ef83b3cfb4b386ba597ff2c5a5b64b1b414bb2c614dab1521989ff5,239,300,
HG 1/144 TICKBALANG,downloaded,HG 1_144 TICKBALANG__4728431e5d.jpg,gunpla_gallery,Tickbalang,https://gunplagallery.com/kits/46351-hg-tickbalang,https://s3.amazonaws.com/gunplagallery/catalog/46351_original_HG_Tickbalang.jpg,exact,9317be231cc0b9861f7ec940d85cb585fc52fbb099133efa90cb1f3764826859,2000,1250,
HG 1/144 TIEREN Ground Type,downloaded,HG 1_144 TIEREN Ground Type__c7934fd3d7.jpg,gunpla_gallery,MSJ-06II-A Tieren Ground Type,https://gunplagallery.com/kits/201-hg-msj-06ii-a-tieren-ground-type,https://s3.amazonaws.com/gunplagallery/catalog/201_original_Hg00-tieren.jpg,source_model_code_cross_source,ac95d72249c0b55bcc936cd3e1b1d7fde42a8cce85400edcac4010ee1f3120d3,1761,1110,
HG 1/144 TIEREN Space Commander Type,downloaded,HG 1_144 TIEREN Space Commander Type__2aae5c0859.jpg,dalong,Tieren Space Commander Type,https://www.dalong.net/reviews/00/0h16/0h16_p_e.htm,https://www.dalong.net/reviews/00/0h16/p/0h16.jpg,exact,827536eacb47f4a51c934a6a012b0342dd0d9556dbf3c53f2787754b5be1fd80,291,175,
HG 1/144 TIEREN Space Type,downloaded,HG 1_144 TIEREN Space Type__61a2406bec.jpg,dalong,Tieren Space Type,https://www.dalong.net/reviews/00/0h10/0h10_p_e.htm,https://www.dalong.net/reviews/00/0h10/p/0h10.jpg,exact,e8b58428a9834356b1b82c303a9cd84a9716d0176d2d281933278e7ec3974c46,290,176,
HG 1/144 TIEREN TAOZI,downloaded,HG 1_144 TIEREN TAOZI__bdfacb26ee.jpg,dalong,Tieren Taozi,https://www.dalong.net/reviews/00/0h08/0h08_p_e.htm,https://www.dalong.net/reviews/00/0h08/p/0h08.jpg,exact,bdf347321ea9dcd419042c7a78240f4921cf9e0cb6580a90dd1f39c5404cde7f,293,178,
HG 1/144 TRANS-AM RAISER,downloaded,HG 1_144 TRANS-AM RAISER__756fe6c24e.jpg,dalong,Trans-Am Raiser,https://www.dalong.net/reviews/00/0h42/0h42_p_e.htm,https://www.dalong.net/reviews/00/0h42/p/0h42.jpg,exact,699f571aa98788db3c5892b037046c0cc4fd37d7c9866adb036f0463d535d2d5,290,177,
HG 1/144 TRANSIENT GUNDAM,downloaded,HG 1_144 TRANSIENT GUNDAM__b151e334aa.jpg,dalong,Transient Gundam,https://www.dalong.net/reviews/bf/bf34/bf34_p_e.htm,https://www.dalong.net/reviews/bf/bf34/p/bf34.jpg,exact,04e6aa05cce18bbb5f2518df8a3ea2a36ac12da552ebedd7958f92a2946ac756,300,189,
HG 1/144 TRANSIENT GUNDAM GLACIER,downloaded,HG 1_144 TRANSIENT GUNDAM GLACIER__8350a3ce8c.jpg,dalong,Transient Gundam Glacier,https://www.dalong.net/reviews/bf/bf50/bf50_p_e.htm,https://www.dalong.net/reviews/bf/bf50/p/bf50.jpg,exact,6e5aa697eec53eb9acac51031bf31ae4f5a235a4fdc89d72f1a1bcf0b1a627ac,300,189,
HG 1/144 TRY BURNING GUNDAM,downloaded,HG 1_144 TRY BURNING GUNDAM__2031aa5e0b.jpg,dalong,Try Burning Gundam,https://www.dalong.net/reviews/bf/bf28/bf28_p_e.htm,https://www.dalong.net/reviews/bf/bf28/p/bf28.jpg,exact,994e0351ff9fb634892dafe2198d64484dec23b932e878a843a568aaecad84f3,300,189,
HG 1/144 TYPE 94 BASE JABBER,not_found,,,,,,,,,,bandai_manual: TYPE 94 BASE JABBER | dalong: Type-94 Base Jabber | bandai_manual: BASE JABBER TYPE 89
HG 1/144 UNICORN GUNDAM (DESTROY MODE) Ver.NIKE SB,not_found,,,,,,,,,,bandai_manual: UNICORN GUNDAM (DESTROY MODE) Ver.NIKE SB | dalong: Unicorn Gundam (Destroy Mode) Ver. Nike SB | bandai_manual: UNICORN GUNDAM 02 BANSHEE(DESTROY MODE) Ver.NIKE SB
HG 1/144 UNICORN GUNDAM 02 BANSHEE (DESTROY MODE),downloaded,HG 1_144 UNICORN GUNDAM 02 BANSHEE (DESTROY MODE)__0a19948c84.jpg,gunpla_gallery,RX-0 Unicorn Gundam 02 Banshee (Destroy Mode),https://gunplagallery.com/kits/744-hg-rx-0-unicorn-gundam-02-banshee-destroy-mode-,https://s3.amazonaws.com/gunplagallery/catalog/744_original_Rx-hguc2.jpg,source_model_code_cross_source,2d47741a7ee66afc297db648294753aa0d360d8a1e43d69b0f27cc8a6008ee86,960,592,
HG 1/144 UNICORN GUNDAM 02 BANSHEE (UNICORN MODE),downloaded,HG 1_144 UNICORN GUNDAM 02 BANSHEE (UNICORN MODE)__bd8f8816f2.jpg,gunpla_gallery,RX-0 Unicorn Gundam 02 Banshee (Unicorn Mode),https://gunplagallery.com/kits/745-hg-rx-0-unicorn-gundam-02-banshee-unicorn-mode-,https://s3.amazonaws.com/gunplagallery/catalog/745_original_Rx-0hguc1.jpg,source_model_code_cross_source,1e0cb22aa0dcd36d000a800fb6b39ec8c6cd7374f6be5e0026adde196ddf5ebd,960,590,
HG 1/144 UNICORN GUNDAM 02 BANSHEE NORN (DESTROY MODE),downloaded,HG 1_144 UNICORN GUNDAM 02 BANSHEE NORN (DESTROY MODE)__2dac00e9c9.jpg,gunpla_gallery,RX-0[N] Unicorn Gundam 02 Banshee Norn (Destroy Mode),https://gunplagallery.com/kits/785-hg-rx-0-n-unicorn-gundam-02-banshee-norn-destroy-mode-,https://s3.amazonaws.com/gunplagallery/catalog/785_original_HG_Unicorn_Banshee_Destroy_Mode_Boxart.jpg,source_model_code_cross_source,a416e12b417680a416e534e6fd28233105e4eff512f64c0890f87902ce5a7f3e,1023,631,
HG 1/144 UNICORN GUNDAM 02 BANSHEE NORN (UNICORN MODE),downloaded,HG 1_144 UNICORN GUNDAM 02 BANSHEE NORN (UNICORN MODE)__713320c4df.jpg,gunpla_hangar,RX-0(N) Unicorn Gundam 02 Banshee Norn (Unicorn Mode),https://gunplahangar.com/kits/hguc-rx-0n-unicorn-gundam-02-banshee-norn-unicorn-mode,https://gunplahangar.com/img/kits/hguc-rx-0n-unicorn-gundam-02-banshee-norn-unicorn-mode/box-art-800.jpg,source_model_code_cross_source,a81e30bbc4fee23fbe22d5327c153e16f7cf42563891fa39ac6c943ee4dad0d9,800,491,
HG 1/144 UNICORN GUNDAM 02 BANSHEE(DESTROY MODE) Ver.NIKE SB,not_found,,,,,,,,,,bandai_manual: UNICORN GUNDAM 02 BANSHEE(DESTROY MODE) Ver.NIKE SB | dalong: Unicorn Gundam 02 Banshee (Destroy Mode) Ver. Nike SB | bandai_manual: UNICORN GUNDAM 02 BANSHEE (DESTROY MODE)
HG 1/144 UNICORN GUNDAM 03 PHENEX (DESTROY MODE) (NARRATIVE Ver.),downloaded,HG 1_144 UNICORN GUNDAM 03 PHENEX (DESTROY MODE) (NARRATIVE Ver.)__403e031523.jpg,dalong,Unicorn Gundam 03 Phenex [Destroy Mode] [Narrative Ver.],https://www.dalong.net/reviews/hg/h213/h213_p_e.htm,https://www.dalong.net/reviews/hg/h213/p/h213.jpg,exact,951b0fde3f1d75888bdd683ede8215ea6d5e2569f33f58d524c3a3146b941b81,1200,768,
HG 1/144 UNICORN GUNDAM 03 PHENEX (DESTROY MODE) (NARRATIVE Ver.)[GOLD COATING],downloaded,HG 1_144 UNICORN GUNDAM 03 PHENEX (DESTROY MODE) (NARRATIVE Ver.)[GOLD COATING]__cc7796b818.jpg,gunpla_gallery,RX-0 Unicorn Gundam 03 Phenex (Destroy Mode) (Narrative Ver.) [Gold Coating],https://gunplagallery.com/kits/826-hg-rx-0-unicorn-gundam-03-phenex-destroy-mode-narrative-ver-gold-coating-,https://s3.amazonaws.com/gunplagallery/catalog/826_original_HGUC_Unicorn_Gundam_03_Phenex_(Destroy_Mode)_(Narrative_Ver.)_-Gold_Coating-.jpg,source_model_code_release_month,c48c9c5b671d99374d5b4ed67c26a0029e7cad0268a5dd212daa8557273fb4f2,1200,774,
HG 1/144 UNICORN GUNDAM 03 PHENEX (UNICORN MODE) (NARRATIVE Ver.)[GOLD COATING],downloaded,HG 1_144 UNICORN GUNDAM 03 PHENEX (UNICORN MODE) (NARRATIVE Ver.)[GOLD COATING]__b8f2c0fbf0.jpg,gunpla_gallery,RX-0 Unicorn Gundam 03 Phenex (Unicorn Mode) (Narrative Ver.) [Gold Coating],https://gunplagallery.com/kits/836-hg-rx-0-unicorn-gundam-03-phenex-unicorn-mode-narrative-ver-gold-coating-,https://s3.amazonaws.com/gunplagallery/catalog/836_original_HGUC_Unicorn_Gundam_03_Phenex_(Unicorn_Mode)_(Narrative_Ver.)_-Gold_Coating-.jpg,source_model_code_release_month,56003acbd916718c7321826d993abde8a906119e5f2b01733b9986af6e2209fb,1200,775,
HG 1/144 UNION FLAG,downloaded,HG 1_144 UNION FLAG__aff9c4c222.jpg,dalong,Union Flag,https://www.dalong.net/reviews/00/0h02/0h02_p_e.htm,https://www.dalong.net/reviews/00/0h02/p/0h02.jpg,exact,560223aa949660aea0f360a30421abcc0b68f307d809d7039c9134c680ab3ff6,289,185,
HG 1/144 UNION FLAG (GRAHAM CUSTOM),downloaded,HG 1_144 UNION FLAG (GRAHAM CUSTOM)__0b62457df5.jpg,bandai_manual,UNION FLAG (GRAHAM CUSTOM),https://manual.bandai-hobby.net/menus/detail/200,https://bandai-hobby.net/images/156_1831_o_1bblr6dv11vpb1esmbt5tr879s2i.jpg,official_exact,baa0786c89ecabd4e5caf65516fdec327270ba6879c96df3d06024e2a79adcaa,1200,1200,
HG 1/144 UNION FLAG CUSTOM II [GN FLAG],not_found,,,,,,,,,,bandai_manual: UNION FLAG CUSTOM II [GN FLAG] | bandai_manual: UNION FLAG (GRAHAM CUSTOM) | gunpla_hangar: SVMS-01X Union Flag Custom II
HG 1/144 V-DASH GUNDAM,downloaded,HG 1_144 V-DASH GUNDAM__a9da900269.jpg,dalong,V-Dash Gundam,https://www.dalong.net/reviews/hg/h188/h188_p_e.htm,https://www.dalong.net/reviews/hg/h188/p/h188.jpg,exact,4ace253d97f02e3cce30dfbf93ee3049ebf7a9780e0ef2398fdca37aa94bb491,300,190,
HG 1/144 V2 ASSAULT BUSTER GUNDAM,downloaded,HG 1_144 V2 ASSAULT BUSTER GUNDAM__e158941625.jpg,dalong,V2 Assault Buster Gundam,https://www.dalong.net/reviews/hg/h189/h189_p_e.htm,https://www.dalong.net/reviews/hg/h189/p/h189.jpg,exact,7be416eb5592b570165758a3a778e9fc3bd5b0ac0a8152cc565d47fb3fac4ec0,300,189,
HG 1/144 V2 GUNDAM,downloaded,HG 1_144 V2 GUNDAM__684d0edd0f.jpg,gunpla_hobby,V2 GUNDAM,https://gunpla-hobby.com/gunpla/hg-1-144-hguc-1-144-v2-3d4be8,https://thumbnail.image.rakuten.co.jp/@0_mall/toyjapan/cabinet/raku999_0132/01-20250402-18072400.jpg,official_title_release_month,2614e0ea1f96e3e0e726b7fa6da797106051d4ce7d18a6f9f0f1ef20a5d55bcc,1000,1000,
HG 1/144 VALUABLE POD,downloaded,HG 1_144 VALUABLE POD__85e496db91.jpg,gunpla_hangar,Valuable Pod,https://gunplahangar.com/kits/hgbc-valuable-pod,https://gunplahangar.com/img/kits/hgbc-valuable-pod/box-art-800.jpg,exact,b15a5b8cb84872be38c5237fe44a90e9d8911cd54cc421ce98b4b6f9dbd3b0c3,800,1013,
HG 1/144 VARGUIL,downloaded,HG 1_144 VARGUIL__f44ec961e9.jpg,gunpla_hangar,AMS-123X Varguil,https://gunplahangar.com/kits/hguc-ams-123x-varguil,https://gunplahangar.com/img/kits/hguc-ams-123x-varguil/box-art-800.jpg,source_model_code_hangar_exact,cc5ee7c15445f2cb5d1764673c536783681ed86d7548e50149b333bafaafe8da,800,515,
HG 1/144 VAYEATE SUIVANT & MERCURIUS SUIVANT,downloaded,HG 1_144 VAYEATE SUIVANT & MERCURIUS SUIVANT__706a532f36.jpg,gunpla_hobby,VAYEATE SUIVANT & MERCURIUS SUIVANT,https://gunpla-hobby.com/gunpla/hg-1-144-1-144-cf8b73,https://tshop.r10s.jp/wondergoo/cabinet/hobbytenpo232/660520260228109_1.jpg,official_title_release_month,8a5376643cb45f498c12b48d1d87d416476f203f3c78af35c66820e618cfc50c,1000,1000,
HG 1/144 VICTORY GUNDAM,downloaded,HG 1_144 VICTORY GUNDAM__44e3e6a79c.jpg,dalong,Victory Gundam,https://www.dalong.net/reviews/hg/h165/h165_p_e.htm,https://www.dalong.net/reviews/hg/h165/p/h165.jpg,exact,a8f82c944bc2c8779e2fe8a002cc45ff8d77bd326950e0f222297bd2ba95c2fb,300,197,
HG 1/144 VIRTUE TRANSAM MODE,downloaded,HG 1_144 VIRTUE TRANSAM MODE__0179c1e4e3.jpg,bandai_manual,VIRTUE TRANSAM MODE,https://manual.bandai-hobby.net/menus/detail/295,https://bandai-hobby.net/images/156_1858_o_1bblukk0d15osl5e49mc1u87s2i.jpg,official_exact,8f6c018b33a8a175bc5451cb3624b44795d762ba755ae21093c48c0e2add34b9,1200,1200,
HG 1/144 WEISS BARZAM,not_found,,,,,,,,,,bandai_manual: WEISS BARZAM | dalong: Weiss Barzam | gunpla_hobby: WEISS BARZAM
HG 1/144 WEISS SINANJU,downloaded,HG 1_144 WEISS SINANJU__a25d8d1fa6.jpg,gunpla_hobby,WEISS SINANJU,https://gunpla-hobby.com/gunpla/hg-1-144-hgbf-1-144-96b711,https://tshop.r10s.jp/skymarketplus/cabinet/20251022-2/b077bx35hd.jpg,official_title_release_month,0d77bf77378152107393effe217fb6e249653b3bf8d7c9f86e472195a33d015b,1450,934,
HG 1/144 WINDAM,downloaded,HG 1_144 WINDAM__03bd42e3a9.jpg,dalong,Windam,https://www.dalong.net/reviews/hg/h232/h232_p_e.htm,https://www.dalong.net/reviews/hg/h232/p/h232.jpg,exact,f415088cdd0c6aa6b1b9c59cba56513f86d78e3cd245b79d5de4913bf4124661,1200,756,
HG 1/144 WING GUNDAM,downloaded,HG 1_144 WING GUNDAM__8837459e8b.jpg,dalong,Wing Gundam,https://www.dalong.net/reviews/hg/h162/h162_p_e.htm,https://www.dalong.net/reviews/hg/h162/p/h162.jpg,exact,0afb84b3c01508c03c3f5956930b8ecafa1c16bb1e888c34f945e75126df23e6,300,189,
HG 1/144 WING GUNDAM [CLEAR COLOR],not_found,,,,,,,,,,bandai_manual: WING GUNDAM | dalong: Wing Gundam | gunpla_hobby: WING GUNDAM
HG 1/144 WING GUNDAM FENICE,downloaded,HG 1_144 WING GUNDAM FENICE__51f40f6b32.jpg,dalong,Wing Gundam Fenice,https://www.dalong.net/reviews/bf/bf06/bf06_p_e.htm,https://www.dalong.net/reviews/bf/bf06/p/bf06.jpg,exact,68ea36bd5f549b28526f6b1e490a5a9bac5a83fdc0c1bbc9dd79a767a3de9860,300,188,
HG 1/144 WING GUNDAM SKY ZERO,downloaded,HG 1_144 WING GUNDAM SKY ZERO__11ce07d24f.jpg,dalong,Wing Gundam Sky Zero,https://www.dalong.net/reviews/bf/bbh09/bbh09_p_e.htm,https://www.dalong.net/reviews/bf/bbh09/p/bbh09.jpg,exact,036f190436f488f73c5ac6494ef42afa9201ca83863548edec044b627bb88f49,1193,735,
HG 1/144 WING GUNDAM ZERO,downloaded,HG 1_144 WING GUNDAM ZERO__4e7ffbbb45.jpg,dalong,Wing Gundam Zero,https://www.dalong.net/reviews/hg/h174/h174_p_e.htm,https://www.dalong.net/reviews/hg/h174/p/h174.jpg,exact,64f2abc7a0cb963c6a15739cc85bdb3f3885de4a54c60ff76a3396cb0ccf66ae,300,189,
HG 1/144 WING GUNDAM ZERO HONOO,downloaded,HG 1_144 WING GUNDAM ZERO HONOO__badb162ee8.jpg,dalong,Wing Gundam Zero Honoo,https://www.dalong.net/reviews/bf/bf33/bf33_p_e.htm,https://www.dalong.net/reviews/bf/bf33/p/bf33.jpg,exact,05f4ab1446bf5d6ebbedb3dcc27278c7fed3a2305fcf69f066e2f6ae317d4a2e,300,189,
HG 1/144 WINNING FUMINA,downloaded,HG 1_144 WINNING FUMINA__4e1e435d16.jpg,dalong,Winning Fumina,https://www.dalong.net/reviews/bf/bf62/bf62_p_e.htm,https://www.dalong.net/reviews/bf/bf62/p/bf62.jpg,exact,4a0e6ae5d2ab16bf642e90e42d595afea78918eb610bca0e0f5c3e052e657bd3,300,192,
HG 1/144 XAVIER'S GYAN HAKUJI-PACKS,downloaded,HG 1_144 XAVIER'S GYAN HAKUJI-PACKS__362264419f.jpg,dalong,Xavier's Gyan Hakuji-Packs,https://www.dalong.net/reviews/hg/hgq07/hgq07_p_e.htm,https://www.dalong.net/reviews/hg/hgq07/p/hgq07.jpg,exact,2b54e9f7624886f277d069765ff16bff72bfa95dac7a7aebffa48858aaae8734,1200,750,
HG 1/144 XI GUNDAM,downloaded,HG 1_144 XI GUNDAM__a23b073e2a.jpg,dalong,Xi Gundam,https://www.dalong.net/reviews/hg/h238/h238_p_e.htm,https://www.dalong.net/reviews/hg/h238/p/h238.jpg,exact,6509db0bf0d4d14ddb55c66c2d89d4a2aa33486dbc4a94071e54818750d2fd84,1200,956,
HG 1/144 XI GUNDAM VS PENELOPE FUNNEL MISSILE EFFECT SET,downloaded,HG 1_144 XI GUNDAM VS PENELOPE FUNNEL MISSILE EFFECT SET__ebe1c23191.jpg,dalong,Xi Gundam Vs. Penelope Funnel Missile Effect Set,https://www.dalong.net/reviews/hg/h238s/h238s_p_e.htm,https://www.dalong.net/reviews/hg/h238s/p/h238s.jpg,exact,94b80a888cb08007ee759723fa4dcc59703880ae644dd90db27d2dd0440654e4,1200,810,
HG 1/144 YMS-03 WAFF,downloaded,HG 1_144 YMS-03 WAFF__316afe7af2.jpg,gunpla_gallery,YMS-03 Waff,https://gunplagallery.com/kits/444-hg-yms-03-waff,https://s3.amazonaws.com/gunplagallery/catalog/444_original_HGGOWaff.jpg,exact,caf9921f7b4f1e18e38ec672016bae62712e183d3db13e151533d87ffd64c10c,1500,946,
HG 1/144 YMS-08B DOM TEST TYPE,downloaded,HG 1_144 YMS-08B DOM TEST TYPE__617a8065a6.jpg,gunpla_gallery,YMS-08B Dom Test Type,https://gunplagallery.com/kits/455-hg-yms-08b-dom-test-type,https://s3.amazonaws.com/gunplagallery/catalog/455_original_HGGODomTestType.jpg,exact,e59efb9f60d641d3f66c2f6a2906fa6ea79813a0691a19207bf10e15517d3cd2,640,405,
HG 1/144 Z'GOCK,downloaded,HG 1_144 Z'GOCK__0e94364942.jpg,bandai_manual,Z'GOCK,https://manual.bandai-hobby.net/menus/detail/203,https://bandai-hobby.net/images/158_2534_s_pyfnif9wjh03wil5jz8gvsj0uzhp.jpg,official_exact,b4aff2824235eb2aa482fd78be205b96e5d9c188d307688f44d2c569bcf5cd24,1200,1200,
HG 1/144 ZAKU AMAZING,downloaded,HG 1_144 ZAKU AMAZING__e70deb4de2.jpg,dalong,Zaku Amazing,https://www.dalong.net/reviews/bf/bf02/bf02_p_e.htm,https://www.dalong.net/reviews/bf/bf02/p/bf02.jpg,exact,efb1b960cd410c0122534a9edd3711695de78983f344526b39d6d53eb4f3436f,300,188,
HG 1/144 ZAKU GROUND ATTACK SET,downloaded,HG 1_144 ZAKU GROUND ATTACK SET__ce9b9e9c0b.jpg,bandai_manual,ZAKU GROUND ATTACK SET,https://manual.bandai-hobby.net/menus/detail/997,https://bandai-hobby.net/images/156_5427_s_5qw6m5ub3g8bi2uk29lj8y1axq3d.jpg,official_exact,cf7410b3b06cd2bb5f5d334a8c9c203dfb92f21e133f0d339a96c4a0d89b71a7,1200,1200,
HG 1/144 ZAKU HALF CANNON,downloaded,HG 1_144 ZAKU HALF CANNON__7d48d4eafd.jpg,gunpla_gallery,MS-06CK Zaku Half Cannon,https://gunplagallery.com/kits/459-hg-ms-06ck-zaku-half-cannon,https://s3.amazonaws.com/gunplagallery/catalog/459_original_HG_Zaku_Half_Cannon.jpg,source_model_code_cross_source,1c66709da191b9648fb13f2c6fa8ea88b4f54b42aace48c54f26747241547021,1200,758,
HG 1/144 ZAKU HIGH MOBILITY SURFACE TYPE (DANAN),downloaded,HG 1_144 ZAKU HIGH MOBILITY SURFACE TYPE (DANAN)__0b51e0dacd.jpg,gunpla_hangar,MS-06GD Zaku High Mobility (Surface Type) (Danan),https://gunplahangar.com/kits/hgcdi-ms-06gd-zaku-high-mobility-surface-type-danan,https://gunplahangar.com/img/kits/hgcdi-ms-06gd-zaku-high-mobility-surface-type-danan/box-art-800.jpg,source_model_code_hangar_exact,859ca449d5c032df7c9c549136bff7fb0f7fb4689d3687c4f2cbc4c8d4b5e5c7,800,504,
HG 1/144 ZAKU HIGH MOBILITY SURFACE TYPE (SELMA),downloaded,HG 1_144 ZAKU HIGH MOBILITY SURFACE TYPE (SELMA)__f39dfb6cc5.jpg,gunpla_hangar,MS-06GD Zaku High Mobility (Surface Type) (Selma),https://gunplahangar.com/kits/hgcdi-ms-06gd-zaku-high-mobility-surface-type-selma,https://gunplahangar.com/img/kits/hgcdi-ms-06gd-zaku-high-mobility-surface-type-selma/box-art-800.jpg,source_model_code_hangar_exact,dd825f2555cf5885a45df025344f61aac62d2103406296ee3c3f3dd2ea92d5ef,800,504,
HG 1/144 ZAKU HIGH MOBILITY SURFACE TYPE (WALD),downloaded,HG 1_144 ZAKU HIGH MOBILITY SURFACE TYPE (WALD)__7fe4df795f.jpg,gunpla_hangar,MS-06GD Zaku High Mobility (Surface Type) (Wald),https://gunplahangar.com/kits/hgcdi-ms-06gd-zaku-high-mobility-surface-type-wald,https://gunplahangar.com/img/kits/hgcdi-ms-06gd-zaku-high-mobility-surface-type-wald/box-art-800.jpg,source_model_code_hangar_exact,5a49c2e7abe60efc552bdafda03250a9f1f2886135b2705d08e2b9b35c161e02,800,504,
HG 1/144 ZAKU I (KYCILIA'S FORCES),downloaded,HG 1_144 ZAKU I (KYCILIA'S FORCES)__0a3d19a237.jpg,gunpla_gallery,MS-05 Zaku I (Kycilia's Forces),https://gunplagallery.com/kits/451-hg-ms-05-zaku-i-kycilia-s-forces-,https://s3.amazonaws.com/gunplagallery/catalog/451_original_HG_Zaku_I_(Kycilia's_Forces).jpg,source_model_code_cross_source,36e36aaa413cfd954c83a9ee1feae0230dc59543a2305467c04a636cfd957f30,1200,758,
HG 1/144 ZAKU I [GUNDAM THUNDERBOLT Ver.],downloaded,HG 1_144 ZAKU I [GUNDAM THUNDERBOLT Ver.]__451af8cab5.jpg,gunpla_gallery,MS-05 Zaku I (GUNDAM THUNDERBOLT Ver.),https://gunplagallery.com/kits/46875-hg-ms-05-zaku-i-gundam-thunderbolt-ver-,https://s3.amazonaws.com/gunplagallery/catalog/46875_original_HGGT-Zaku_I-Anime.jpg,source_model_code_release_month,3d5d6c4237b0cc0e1e998a00ec735150da28dca6f8dd9eec00cd6057ac361a29,1500,937,
HG 1/144 ZAKU I SNIPER TYPE,downloaded,HG 1_144 ZAKU I SNIPER TYPE__ef42e07cb7.jpg,dalong,Zaku I Sniper Type,https://www.dalong.net/reviews/hg/h71/h71_p_e.htm,https://www.dalong.net/reviews/hg/h71/p/h71.jpg,exact,85cd9e5d80e8d84f82732c71a5802ee1551798bf266cc86314eb2c6645e53d71,288,181,
HG 1/144 ZAKU II F TYPE SOLARI (RFV),downloaded,HG 1_144 ZAKU II F TYPE SOLARI (RFV)__eadf2d6c49.jpg,dalong,Zaku II F Type Solari (RFV),https://www.dalong.net/reviews/hg/h254/h254_p_e.htm,https://www.dalong.net/reviews/hg/h254/p/h254.jpg,exact,d8c1f6a3171ce9010cf56d643e3a963f827464ee0b9797896dded844b259bcf2,1200,754,
HG 1/144 ZAKU II HIGH MOBILITY TYPE,downloaded,HG 1_144 ZAKU II HIGH MOBILITY TYPE__509ad3451a.jpg,dalong,Zaku II High Mobility Type,https://www.dalong.net/reviews/hg/ho03/ho03_p_e.htm,https://www.dalong.net/reviews/hg/ho03/p/ho03.jpg,exact,8659f51cf51e85f694bb6c7d7aaf77d572438c2765907d6e3f4c6022acbe2343,300,190,
HG 1/144 ZAKU II KAI,downloaded,HG 1_144 ZAKU II KAI__18e03b9b43.jpg,gunpla_hangar,MS-06FZ Zaku II Kai,https://gunplahangar.com/kits/hguc-ms-06fz-zaku-ii-kai,https://gunplahangar.com/img/kits/hguc-ms-06fz-zaku-ii-kai/box-art-800.jpg,source_model_code_hangar_exact,2368d7ddff3d828bbc71f012cabb5ec4e015276002d549cb82ffafbd6dc0c5a8,800,527,
HG 1/144 ZAKU II TYPE C-6/R6,downloaded,HG 1_144 ZAKU II TYPE C-6_R6__a4ff755746.jpg,gunpla_gallery,MS-06C-6/R6 Zaku II Type C-6/R6,https://gunplagallery.com/kits/453-hg-ms-06c-6-r6-zaku-ii-type-c-6-r6,https://s3.amazonaws.com/gunplagallery/catalog/453_original_HG_Zaku_II_Type_C-6R6.jpg,source_model_code_release_month,01ae40a6b77dd311058ac19809e0c3ac5a1433b8cbfbcffd80618a63039b5bfe,1200,757,
HG 1/144 ZAKU IIFZ TYPE-B (UNICORN Ver.),not_found,,,,,,,,,,bandai_manual: ZAKU IIFZ TYPE-B (UNICORN Ver.) | gunpla_hobby: ZAKU IIFZ TYPE-B (UNICORN Ver.) | dalong: Zaku II Custom Type-B Unicorn Ver.
HG 1/144 ZAKU III CUSTOM (Twilight AXIS Ver.),downloaded,HG 1_144 ZAKU III CUSTOM (Twilight AXIS Ver.)__f2be231b95.jpg,gunpla_hangar,AMX-011S Zaku III Custom (Twilight Axis Ver.),https://gunplahangar.com/kits/hguc-amx-011s-zaku-iii-custom-twilight-axis-ver,https://gunplahangar.com/img/kits/hguc-amx-011s-zaku-iii-custom-twilight-axis-ver/box-art-800.jpg,source_model_code_hangar_exact,c0df71d34f3b4a61f803947039f307748dbdbdc0d85b87d0a1a40d34f650717d,800,518,
HG 1/144 ZAKU(GQ),downloaded,HG 1_144 ZAKU(GQ)__bdb6e35195.jpg,dalong,Zaku (GQ),https://www.dalong.net/reviews/hg/hgq10/hgq10_p_e.htm,https://www.dalong.net/reviews/hg/hgq10/p/hgq10.jpg,exact,3a596fd6f82cc3861248d63a3faefc2112f01beeff7fd094c370e482124bc638,1500,936,
HG 1/144 ZAKU-III CUSTOM,downloaded,HG 1_144 ZAKU-III CUSTOM__30536a3159.jpg,dalong,Zaku III Custom,https://www.dalong.net/reviews/hg/h03/h03_p_e.htm,https://www.dalong.net/reviews/hg/h03/p/h03.jpg,exact,46f6e0381818b08dcd947022dd87605be229572c9218026cc1de14b289fffe5d,290,179,
HG 1/144 ZAKU-MARINER,downloaded,HG 1_144 ZAKU-MARINER__7b0b64c0f4.jpg,dalong,Zaku-Mariner,https://www.dalong.net/reviews/hg/h143/h143_p_e.htm,https://www.dalong.net/reviews/hg/h143/p/h143.jpg,exact,bcdaceb5d7f41d8fab076c039d61f6cdf5f8563dddb38c0265fe1bbf6c949e1d,300,198,
HG 1/144 ZAKUI,downloaded,HG 1_144 ZAKUI__5a6b7cf88e.jpg,dalong,Zaku I,https://www.dalong.net/reviews/hg/h64/h64_p_e.htm,https://www.dalong.net/reviews/hg/h64/p/h64.jpg,exact,c9e1296244f1231b00e76fbc0b7bbb0b7450add91f2c3d4e902f615462cfcadf,288,187,
HG 1/144 ZAKUI BLACK TRI STARS,downloaded,HG 1_144 ZAKUI BLACK TRI STARS__feb0cdd5c5.jpg,dalong,Zaku I (Black Tri-Stars),https://www.dalong.net/reviews/hg/h68/h68_p_e.htm,https://www.dalong.net/reviews/hg/h68/p/h68.jpg,exact,26f55ab99abd2bf7250211cdba748c1c12f931de5ae02e25e13202848681f3b3,288,190,
HG 1/144 ZAKUI SNIPER TYPE (YONEM KIRKS),downloaded,HG 1_144 ZAKUI SNIPER TYPE (YONEM KIRKS)__686a1b69c8.jpg,dalong,Zaku I Sniper Type [Yonem Kirks],https://www.dalong.net/reviews/hg/h137/h137_p_e.htm,https://www.dalong.net/reviews/hg/h137/p/h137.jpg,exact,be2f01e757b1b0d55d1277c991bb70d34643272a5f1c0f4f4973d2b1e2a36854,300,190,
HG 1/144 ZAKUI[DENIM/SLENDER],downloaded,HG 1_144 ZAKUI[DENIM_SLENDER]__7dc565f278.jpg,gunpla_gallery,MS-05 Zaku I (Denim/Slender),https://gunplagallery.com/kits/445-hg-ms-05-zaku-i-denim-slender-,https://s3.amazonaws.com/gunplagallery/catalog/445_original_HGGOZakuI.jpg,source_model_code_cross_source,dad7324abff0cb1e940429706cdb76e38a124fe95bf04eeb7c4d74c889c7d89c,1275,806,
HG 1/144 ZAKUII F TYPE CHUBS & KALE + ZAKUII (UNIDENTIFIED TYPE) SOLARI CUSTOM PARTS SET (RFV),not_found,,,,,,,,,,bandai_manual: ZAKUII F TYPE CHUBS & KALE + ZAKUII (UNIDENTIFIED TYPE) SOLARI CUSTOM PARTS SET (RFV) | gunpla_hobby: ZAKUII F TYPE CHUBS & KALE + ZAKUII (UNIDENTIFIED TYPE) SOLARI CUSTOM PARTS SET (RFV) | dalong: Zaku Ⅱ F Type Chubs & Kale + Zaku Ⅱ (Unidentified Type) Solari Custom Parts Set (RFV)
HG 1/144 ZAKUII F TYPE LeSEAN & ZAKUII (UNIDENTIFIED TYPE) LeSEAN (RFV),downloaded,HG 1_144 ZAKUII F TYPE LeSEAN & ZAKUII (UNIDENTIFIED TYPE) LeSEAN (RFV)__1b16adc398.jpg,gunpla_hobby,ZAKUII F TYPE LeSEAN & ZAKUII (UNIDENTIFIED TYPE) LeSEAN (RFV),https://gunpla-hobby.com/gunpla/hg-1-144-1-144-58e4fa,https://tshop.r10s.jp/hsalpha/cabinet/t10/ch169aaa14a74430.jpg,official_title_release_month,34d5283dc4365c2997df889c78bc210bb218866ceddbba14a1449a079da88111,1387,1052,
HG 1/144 ZAKUII MASS PRODUCTION TYPE,downloaded,HG 1_144 ZAKUII MASS PRODUCTION TYPE__f116f78f8c.jpg,bandai_manual,ZAKUII MASS PRODUCTION TYPE,https://manual.bandai-hobby.net/menus/detail/238,https://bandai-hobby.net/images/158_372_s_r7otvlr0umn2v4bm2ozlsyxvmcjt.jpg,official_exact,81679cfdc081329a765e7b3b019d28922ce09a768337a76d03bc100d16a1094c,1200,1200,
HG 1/144 ZAKUII TYPE C/TYPE C-5,downloaded,HG 1_144 ZAKUII TYPE C_TYPE C-5__f446ee5ad9.jpg,gunpla_gallery,MS-06C Zaku II Type C/Type C-5,https://gunplagallery.com/kits/450-hg-ms-06c-zaku-ii-type-c-type-c-5,https://s3.amazonaws.com/gunplagallery/catalog/450_original_HG_Zaku_II_Type_C_Type_C-5.jpg,source_model_code_cross_source,c7444a81c4ee30a3e27312f7b4ebbac4fb07e3cb6cae477fdcd00aa5f02b9cea,1200,757,
HG 1/144 ZAKUII+BIG GUN SET [GUNDAM THUNDERBOLT Ver.],downloaded,HG 1_144 ZAKUII+BIG GUN SET [GUNDAM THUNDERBOLT Ver.]__da24712dce.jpg,gunpla_gallery,MS-06 Zaku II + Big Gun Set (GUNDAM THUNDERBOLT Ver.),https://gunplagallery.com/kits/46872-hg-ms-06-zaku-ii-big-gun-set-gundam-thunderbolt-ver-,https://s3.amazonaws.com/gunplagallery/catalog/46872_original_HGGT-ZakuBigGun-Anime.jpg,source_model_code_release_month,ac9c33e933bb6309429d6cdaf1f346aba89f4ab3680f0bae31ac6d93ebf5afbf,1500,946,
HG 1/144 ZEDAS,downloaded,HG 1_144 ZEDAS__9f6a04db0d.jpg,bandai_manual,ZEDAS,https://manual.bandai-hobby.net/menus/detail/940,https://bandai-hobby.net/images/156_5481_s_d8s12g4z8b3cdfvkj2b8unvk97k5.jpg,official_exact,5dc53c552dc38a305ccaa4f490181824dc42d895f8cc431128e58ad59856fb22,1200,1200,
HG 1/144 ZEDAS R,downloaded,HG 1_144 ZEDAS R__8bf2233bcf.jpg,bandai_manual,ZEDAS R,https://manual.bandai-hobby.net/menus/detail/327,https://bandai-hobby.net/images/156_5493_s_w6fnakrs7s36ddhnh8b7u6ubki37.jpg,official_exact,acf29f0eeea79ab21a0f8f239215929a11f81a6713bffe1003d262ca485a9a26,1200,1200,
HG 1/144 ZEE ZULU,downloaded,HG 1_144 ZEE ZULU__a7623c1e8a.jpg,dalong,Zee Zulu,https://www.dalong.net/reviews/hg/h132/h132_p_e.htm,https://www.dalong.net/reviews/hg/h132/p/h132.jpg,exact,a1a4af60ea15ef9afa0a821e4d36d921398b7f8a89176e9c7c4e675296de3606,300,193,
HG 1/144 ZETA GUNDAM,not_found,,,,,,,,,,bandai_manual: ZETA GUNDAM | bandai_manual: ZETA GUNDAM | dalong: Zeta Gundam
HG 1/144 ZETA GUNDAM (WAVE SHOOTER),not_found,,,,,,,,,,bandai_manual: ZETA GUNDAM (WAVE SHOOTER) | dalong: Zeta Gundam (Wave Shooter) | bandai_manual: ZETA GUNDAM
HG 1/144 ZETA GUNDAM [CLEAR COLOR],not_found,,,,,,,,,,dalong: Zeta Gundam Clear Version | bandai_manual: ZETA GUNDAM | bandai_manual: ZETA GUNDAM
HG 1/144 ZETA GUNDAM[U.C.0088],downloaded,HG 1_144 ZETA GUNDAM[U.C.0088]__992b69332c.jpg,gunpla_hangar,MSZ-006 Zeta Gundam (U.C. 0088),https://gunplahangar.com/kits/hguc-msz-006-zeta-gundam-uc-0088,https://gunplahangar.com/img/kits/hguc-msz-006-zeta-gundam-uc-0088/box-art-800.jpg,source_model_code_hangar_exact,323b4adc1aeaa146d7f536e3549f22523b7877aee57547eafa5a23c2fd6f33f2,512,324,
HG 1/144 ZETA PLUS C1,not_found,,,,,,,,,,bandai_manual: ZETA PLUS C1 | dalong: Zeta Plus C1 | gunpla_hobby: ZETA PLUS C1
HG 1/144 ZETA plus(TEST IMAGE COLOR),not_found,,,,,,,,,,dalong: Zeta Plus (Test Image Color) | bandai_manual: ZETA PLUS C1 | dalong: Zeta Plus C1
HG 1/144 ZETA PLUS(UNICORN Ver.),downloaded,HG 1_144 ZETA PLUS(UNICORN Ver.)__7075616f96.jpg,dalong,Zeta Plus [Unicorn Ver.],https://www.dalong.net/reviews/hg/h182/h182_p_e.htm,https://www.dalong.net/reviews/hg/h182/p/h182.jpg,exact,30c2f650d6c4b84a578fa94c1c09d6bd44a43919a79c2550ae6e53601aa5dbc7,300,183,
HG 1/144 ZEYDRA,downloaded,HG 1_144 ZEYDRA__54cb3e11b7.jpg,bandai_manual,ZEYDRA,https://manual.bandai-hobby.net/menus/detail/322,https://bandai-hobby.net/images/157_4545_s_eium2qaqq5dbz1sihno7jz56f289.jpg,official_exact,554756252a0ece7dd4238181e2266cee9dc58084cc1dabf4c49a1042f8585c2e,1200,1200,
HG 1/144 ZII,downloaded,HG 1_144 ZII__eb87e7552b.jpg,dalong,Z II,https://www.dalong.net/reviews/hg/h186/h186_p_e.htm,https://www.dalong.net/reviews/hg/h186/p/h186.jpg,exact,66d14e79f8e9b379c69e9b24b9c38ab55ba1ed8c11e7b3663bcdf3622cc344d9,300,189,
HG 1/144 ZOCK,downloaded,HG 1_144 ZOCK__bddeb8c8eb.jpg,dalong,Zock,https://www.dalong.net/reviews/hg/h81/h81_p_e.htm,https://www.dalong.net/reviews/hg/h81/p/h81.jpg,exact,5c6bdb142ca0c07ad62f158dd04a6181a2253622a7ccd72508521f256b35e56c,289,187,
HG 1/144 ZOGOK (Operation Capture of Jaburo ver.),not_found,,,,,,,,,,bandai_manual: ZOGOK (Operation Capture of Jaburo ver.) | bandai_manual: ZOGOK (UNICORN VER.) | dalong: Zogok [Unicorn Ver.]
HG 1/144 ZOGOK (UNICORN VER.),downloaded,HG 1_144 ZOGOK (UNICORN VER.)__c9bd0014f6.jpg,dalong,Zogok [Unicorn Ver.],https://www.dalong.net/reviews/hg/h161/h161_p_e.htm,https://www.dalong.net/reviews/hg/h161/p/h161.jpg,exact,4a3aa338f03b674dce7894af57b1738dd1cc979cf2e818abc9b055c7d637a4a4,300,189,
HG 1/144 ZOWORT,downloaded,HG 1_144 ZOWORT__109502c32a.jpg,dalong,Zowort,https://www.dalong.net/reviews/hg/wmh14/wmh14_p_e.htm,https://www.dalong.net/reviews/hg/wmh14/p/wmh14.jpg,exact,375bee98ed662275741ec4adf78efa3624968bd30221c8d270acfdcd3b52d1ab,1200,774,
HG 1/144 ZOWORT HEAVY,downloaded,HG 1_144 ZOWORT HEAVY__b0a1ab5c95.jpg,dalong,Zowort Heavy,https://www.dalong.net/reviews/hg/wmh20/wmh20_p_e.htm,https://www.dalong.net/reviews/hg/wmh20/p/wmh20.jpg,exact,e7ad033104adff4b114c1dcd948a4ed76a89f9e3d1d498ed302cb6823112e21b,1200,768,
HG 1/144 ZSSA,not_found,,,,,,,,,,bandai_manual: ZSSA | dalong: Zssa | gunpla_hobby: ZSSA
HG 1/144 ZSSA (UNICORN Ver.),downloaded,HG 1_144 ZSSA (UNICORN Ver.)__47d3b5bfbb.jpg,dalong,Zssa [Unicorn Ver.],https://www.dalong.net/reviews/hg/h180/h180_p_e.htm,https://www.dalong.net/reviews/hg/h180/p/h180.jpg,exact,ed5d6a47cd6deacfa4f7889903b9a459020241ee213482cbd262e642516b8aff,300,195,
HG 1/144 ZUDAH,downloaded,HG 1_144 ZUDAH__e490038158.jpg,dalong,Zudah,https://www.dalong.net/reviews/hg/h65/h65_p_e.htm,https://www.dalong.net/reviews/hg/h65/p/h65.jpg,exact,c43b46a363fd7be8db1597408b7c1b9dbfd12d05e6c9772f1298ad368dcbedfa,290,176,
HG 1/144 ZZ GUNDAM,downloaded,HG 1_144 ZZ GUNDAM__9b06cb28ed.jpg,gunpla_hangar,MSZ-010 ZZ Gundam,https://gunplahangar.com/kits/hguc-msz-010-zz-gundam,https://gunplahangar.com/img/kits/hguc-msz-010-zz-gundam/box-art-800.jpg,source_model_code_hangar_exact,ea7d28cbcf6f09e0c71d6f24dd5e1e13d953e101d0fc6e43f73cac523774d328,800,516,
HG 1/144 ZZ II,downloaded,HG 1_144 ZZ II__60d19be002.jpg,dalong,ZZ II,https://www.dalong.net/reviews/bf/bf45/bf45_p_e.htm,https://www.dalong.net/reviews/bf/bf45/p/bf45.jpg,exact,f218895b6cf112c93d3102cbdb7320f58ac326408801382f892a591f9ff2d896,300,184,
HG 1/144 δ(DELTA) PLUS,downloaded,HG 1_144 δ(DELTA) PLUS__1c308894a8.jpg,dalong,Delta Plus,https://www.dalong.net/reviews/hg/h115/h115_p_e.htm,https://www.dalong.net/reviews/hg/h115/p/h115.jpg,exact,91d13446960ca2a7db494cc42694b8cc14354aac2d7a5317e7b86d673358be84,289,174,
HG 1/144 ν-ZEON GUNDAM,downloaded,HG 1_144 ν-ZEON GUNDAM__bbc94537fc.jpg,dalong,Nu-Zeon Gundam,https://www.dalong.net/reviews/bf/bdr05/bdr05_p_e.htm,https://www.dalong.net/reviews/bf/bdr05/p/bdr05.jpg,exact,67b0d03ee906f40af18edbac3c098ecbf767e26d225704ed71a7f8c37dac356e,1200,778,
HG 1/144 νGUNDAM,downloaded,HG 1_144 νGUNDAM__e1970c6067.jpg,dalong,Nu Gundam,https://www.dalong.net/reviews/hg/h86/h86_p_e.htm,https://www.dalong.net/reviews/hg/h86/p/h86.jpg,exact,e75a06d9c5e18a29c15de145ffe225fe079d20210be3d6a1a4e368fd01bb3d3f,288,187,
HG 1/144 νGUNDAM (HEAVY WEAPON SYSTEM),downloaded,HG 1_144 νGUNDAM (HEAVY WEAPON SYSTEM)__e7b83573ca.jpg,gunpla_hobby,νGUNDAM (HEAVY WEAPON SYSTEM),https://gunpla-hobby.com/gunpla/hg-1-144-fa-93hws-77bc68,https://thumbnail.image.rakuten.co.jp/@0_mall/kobido/cabinet/08982934/09349285/imgrc0086485357.jpg,official_title_release_month,ec75254aa3362e1e136ce97bf36f7eb6c4653a7bfb68f828acf2a943f3330654,700,700,
HG 1/144 ∀ GUNDAM,downloaded,HG 1_144 ∀ GUNDAM__4ed4ad60fc.jpg,dalong,Turn A Gundam,https://www.dalong.net/reviews/hg/h177/h177_p_e.htm,https://www.dalong.net/reviews/hg/h177/p/h177.jpg,exact,ec4837322a2c67d936b39ecef2d911d47adc177be3a6964dd2b0361e1a3952b8,300,189,
HG 1/144 ∀GUNDAM SHIN,not_found,,,,,,,,,,bandai_manual: ∀GUNDAM SHIN | gunpla_hobby: ∀GUNDAM SHIN | dalong: Turn A Gundam Shin
HG 1/144 ∞ JUSTICE GUNDAM,downloaded,HG 1_144 ∞ JUSTICE GUNDAM__1dd2f51c61.jpg,gunpla_hangar,ZGMF-X19A ∞ Justice Gundam,https://gunplahangar.com/kits/hgce-zgmf-x19a-justice-gundam,https://gunplahangar.com/img/kits/hgce-zgmf-x19a-justice-gundam/box-art-800.jpg,source_model_code_hangar_exact,8cb508056ad3bd1090b57732d2a29b545a1d3312606e70f9fc8e5b26f17b08ff,800,505,
HG 1/550 AMX-002 NEUE ZIEL,downloaded,HG 1_550 AMX-002 NEUE ZIEL__26a0fb087d.jpg,bandai_manual,AMX-002 NEUE ZIEL,https://manual.bandai-hobby.net/menus/detail/992,https://bandai-hobby.net/images/158_243_s_3hfjzd2p8awlu0vo1pove9oku7o2.jpg,official_exact,a67e8e091f5d93e62d1edaad384f472b0b81ac2ce42adb01fed4554bd12cdf10,1200,1200,
HG 1/550 MA-06 VAL WALO,downloaded,HG 1_550 MA-06 VAL WALO__f032e35fcf.jpg,bandai_manual,MA-06 VAL WALO,https://manual.bandai-hobby.net/menus/detail/993,https://bandai-hobby.net/images/158_271_s_m4vz5yvt4kb8g69m3tavx1ei3qui.jpg,official_exact,cacee2921efbba23785c993f41497dbe0fc11dc72b77271d4d961a5cebf43cfd,1200,1200,
HG 1/550 RX-78GP03 DENDROBIUM,downloaded,HG 1_550 RX-78GP03 DENDROBIUM__0ed6bb139e.jpg,bandai_manual,RX-78GP03 DENDROBIUM,https://manual.bandai-hobby.net/menus/detail/990,https://bandai-hobby.net/images/156_209_s_8ysuyzf0036ti0jq5v4j0f6aqn7d.jpg,official_exact,2eda7205f47e02723320580488776bc8c350bcfe8d609b15c0083b57893ce96a,1200,1200,
MGEX 1/100 STRIKE FREEDOM GUNDAM,downloaded,MGEX 1_100 STRIKE FREEDOM GUNDAM__080ab9b5a2.jpg,dalong,Strike Freedom Gundam,https://www.dalong.net/reviews/mg/mgex02/mgex02_p_e.htm,https://www.dalong.net/reviews/mg/mgex02/p/mgex02.jpg,exact,51af03b004f67007b1914a55e1bf3562fcc3d5ffe28fd48bdb1e819d5247a71a,1200,910,
MGEX 1/100 STRIKE FREEDOM GUNDAM [MECHANICAL CLEAR],not_found,,,,,,,,,,dalong: Strike Freedom Gundam [Mechanical Clear] | dalong: Strike Freedom Gundam | gunpla_gallery: ZGMF-X20A Strike Freedom Gundam
MGEX 1/100 STRIKE FREEDOM GUNDAM [TWILIGHT COATING],not_found,,,,,,,,,,dalong: Strike Freedom Gundam | dalong: Strike Freedom Gundam [Mechanical Clear] | gunpla_gallery: ZGMF-X20A Strike Freedom Gundam
MGEX 1/100 THE GUNDAM BASE LIMITED UNICORN GUNDAM Ver.TWC,not_found,,,,,,,,,,dalong: Unicorn Gundam Ver.Ka | gunpla_gallery: RX-0 Unicorn Gundam Ver.Ka | gunpla_hangar: RX-0 Unicorn Gundam (Ver. Ka)
MGEX 1/100 UNICORN GUNDAM Ver.Ka,downloaded,MGEX 1_100 UNICORN GUNDAM Ver.Ka__9db652053c.jpg,dalong,Unicorn Gundam Ver.Ka,https://www.dalong.net/reviews/mg/mgex01/mgex01_p_e.htm,https://www.dalong.net/reviews/mg/mgex01/p/mgex01.jpg,exact,262786647ed53cb1940e1aefa59a945a6cf2ea3fb0d68b55dae03c412421c6e1,1200,814,
MGEX 1/100 UNICORN GUNDAM Ver.Ka [PREMIUM “UNICORN MODE” BOX],not_found,,,,,,,,,,dalong: Unicorn Gundam Ver.Ka | gunpla_gallery: RX-0 Unicorn Gundam Ver.Ka | gunpla_hangar: RX-0 Unicorn Gundam (Ver. Ka)
